Track ID,Artist Name,Track Name,Danceability,Energy,Loudness,Valence,Tempo,Popularity
5w9c2J52mkdntKOmRLeM2m,Daddy Yankee,Con Calma,0.737,0.86,-2.652,0.656,93.989,100
2Fxmhks0bxGSBdJ92vM42m,Billie Eilish,bad guy,0.708,0.418,-10.998,0.578,131.926,98
4y3OI86AEP6PQoDE6olYhO,Jonas Brothers,Sucker,0.842,0.734,-5.065,0.952,137.958,98
4kV4N9D1iKVxx1KLvtTpjS,Ariana Grande,"break up with your girlfriend, i'm bored",0.726,0.554,-5.29,0.335,169.999,98
6Qs4SXO9dwPj5GKvVOv8Ki,Sam Smith,Dancing With A Stranger (with Normani),0.741,0.52,-7.513,0.347,102.998,96
14msK75pk3pA33pzPVNtBF,Ariana Grande,7 rings,0.725,0.321,-10.744,0.319,70.142,96
2JvzF1RMd7lE3KmFlsyZD8,J. Cole,MIDDLE CHILD,0.837,0.364,-11.713,0.463,123.984,95
7uH27oIt4a6cIFCA8ZPcyG,Ozuna,Baila Baila Baila,0.816,0.754,-2.75,0.533,99.966,95
5W83ErFkO3aKAIS1WMi6u0,Anuel Aa,Secreto,0.807,0.803,-4.156,0.706,91.987,95
5WHTFyqSii0lmT9R21abT8,Mabel,Don't Call Me Up,0.674,0.881,-2.853,0.234,98.994,95
7COXchtUOMd6uIT6HvmRaI,Lauv,i'm so tired...,0.599,0.733,-7.058,0.534,102.211,95
53CJANUxooaqGOtdsBTh7O,Lil Nas X,Old Town Road,0.908,0.517,-6.063,0.471,136.019,95
3e9HZxeyfWwjeyPAMmWSSQ,Ariana Grande,"thank u, next",0.717,0.653,-5.634,0.412,106.966,94
0rTV5WefWd1J3OwIheTzxM,Khalid,Talk,0.9,0.4,-8.443,0.338,136.001,94
31UjYv5vLsDkzchJOtUMtW,Maluma,HP,0.837,0.791,-3.157,0.618,91.98,94
5itOtNx0WxtJmi1TQ3RuRd,Calvin Harris,Giant (with Rag'n'Bone Man),0.807,0.887,-4.311,0.606,122.015,94
6ocbgoVGwYJhOv1GgI9NsF,Ariana Grande,7 rings,0.778,0.317,-10.732,0.327,140.048,94
224EVTFiLsdQignUFLvDeH,Dalex,Pa Mí - Remix,0.688,0.62,-8.029,0.727,170.018,93
1WSGTYKLEpKfNQYYW5Oymt,benny blanco,"I Can’t Get Enough (benny blanco, Selena Gomez, J Balvin, Tainy)",0.541,0.468,-4.039,0.69,95.266,93
5icOoE6VgqFKohjWWNp0Ac,Marshmello,Here With Me,0.791,0.565,-3.933,0.181,99.961,93
6u7jPi22kF8CTQ3rb9DHE7,Lil Nas X,Old Town Road - Remix,0.878,0.619,-5.56,0.639,136.041,92
3Fj47GNK2kUF0uaEDgXLaD,Billie Eilish,wish you were gay,0.85,0.353,-10.267,0.329,118.071,92
4SSnFejRGlZikf02HLewEF,Billie Eilish,bury a friend,0.888,0.395,-14.645,0.162,120.058,92
0PG9fbaaHFHfre2gUVo7AN,Cardi B,Please Me,0.747,0.57,-6.711,0.65,133.992,92
63cd4JkwGgYJrbOizbfmsp,Mustard,Pure Water (with Migos),0.68,0.559,-5.545,0.137,202.006,92
6Hj9jySrnFppAI0sEMCZpJ,Juice WRLD,Robbery,0.685,0.692,-5.122,0.578,159.966,91
1DUSuNhF8P5vUGNPpQiZa5,Khalid,My Bad,0.645,0.568,-9.127,0.391,84.999,91
6IRdLKIyS4p7XNiP8r6rsx,Billie Eilish,all the good girls go to hell,0.741,0.447,-9.015,0.551,184.98,91
43zdsphuZLzwA9k4DJhU0I,Billie Eilish,when the party's over,0.454,0.111,-14.038,0.187,124.155,91
5BDP2tky8oMQJPS33frKVp,Sebastian Yatra,Un Año,0.771,0.382,-6.808,0.535,94.931,91
6vWEAOUSxohKxhp0K1BsxL,YNW Melly,Mixed Personalities (feat. Kanye West),0.661,0.44,-9.104,0.352,149.937,91
3Tc57t9l2O8FwQZtQOvPXK,Billie Eilish,my strange addiction,0.938,0.311,-11.206,0.557,100.014,90
3XF5xLJHOQQRbWya6hBp7d,Billie Eilish,you should see me in a crown,0.672,0.552,-10.512,0.259,150.469,90
4QIo4oxwzzafcBWkKjDpXY,Billie Eilish,xanny,0.512,0.128,-17.827,0.0473,109.102,90
3g4UyIcQwutiG0TfW32GnX,Manuel Turizo,Esclavo de Tus Besos,0.805,0.671,-5.316,0.522,90.979,90
4n7jnSxVLd8QioibtTDBDq,Alan Walker,On My Way,0.509,0.689,-4.929,0.297,170.087,89
0i0wnv9UoFdZ5MfuFGQzMy,Bebe Rexha,Last Hurrah,0.514,0.618,-4.585,0.401,84.259,89
7DHApOHsIFo7EyfieArYGE,P!nk,Walk Me Home,0.652,0.453,-6.119,0.432,88.038,89
0uUNN1nSoUx1A4fkDCWDQ7,Ava Max,So Am I,0.684,0.677,-4.034,0.595,130.141,89
6v0lAdFF4haL8xjBIUjtOw,Nicky Jam,Te Robaré,0.673,0.752,-3.572,0.797,175.997,89
6CcJMwBtXByIz4zQLzFkKc,Billie Eilish,i love you,0.423,0.123,-18.41,0.0972,137.045,89
6tsOcBnaKgzK22yEiqRh8P,Ariana Grande,MONOPOLY (with Victoria Monét),0.892,0.507,-8.282,0.695,143.96,89
7qEKqBCD2vE5vIBsrUitpD,Billie Eilish,ilomilo,0.86,0.425,-15.158,0.564,120.016,89
4lzxJ4jCuFDXXGkE1LmpKR,DJ Luian,Verte Ir,0.857,0.647,-4.152,0.553,95.982,88
0tMSssfxAL2oV8Vri0mFHE,Billie Eilish,listen before i go,0.364,0.0549,-23.237,0.0784,97.534,88
4T4CZ3Q4z3GG7lU720YYhM,Lunay,Soltera,0.778,0.731,-4.325,0.854,91.991,88
6MjNilJCVKJq0LfFvo5jWJ,Juice WRLD,Fast,0.623,0.608,-5.937,0.263,84.98,88
6JqpFboOH2bq9pzaYbkKBn,Sofia Reyes,R.I.P. (feat. Rita Ora & Anitta),0.764,0.752,-3.713,0.698,100.066,88
4uTvPEr01pjTbZgl7jcKBD,Ariana Grande,NASA,0.747,0.458,-6.891,0.47,75.029,88
1TEL6MlSSVLSdhOSddidlJ,Ariana Grande,needy,0.647,0.309,-7.948,0.195,87.045,88
2hloaUoRonYssMuqLCBLTX,Ariana Grande,bloodline,0.758,0.665,-5.188,0.643,151.976,88
5Il6Oe7lr5XM7A0cWbVQtr,Ariana Grande,bad idea,0.847,0.579,-5.314,0.569,137.998,87
2XWjPtKdi5sucFYtVav07d,Zedd,365,0.745,0.693,-5.479,0.248,98.039,87
4ZT9FnbFu1PaBfV3itxiqT,Lil Skies,i,0.649,0.453,-7.28,0.431,99.183,87
09oZ9eXQ2fo6YDrPzJqAoP,Khalid,Outta My Head (with John Mayer),0.729,0.545,-7.818,0.514,103.012,87
1OUPXna2MCgAt3VNmXJBtg,Tropkillaz,Bola Rebola,0.834,0.777,-4.538,0.865,129.984,87
39LmTF9RgyakzSYX8txrow,Ariana Grande,imagine,0.729,0.475,-4.985,0.371,62.52,87
6X29iaaazwho3ab7GNue5r,Billie Eilish,8,0.753,0.237,-13.426,0.474,62.442,87
5KbBGUpIZd6gVFUU8tqYiQ,Myke Towers,Si Se Da,0.83,0.71,-5.523,0.703,93.977,87
2ktoFujjJtantyMoVdBJlX,ChocQuibTown,Pa Olvidarte (feat. Manuel Turizo) - Remix,0.724,0.791,-5.411,0.856,176.011,87
2qG5sZ7Si6sdK74qLxedYM,ROSALÍA,Con Altura,0.882,0.689,-4.027,0.746,97.963,87
1ahVFh0ViDZr8LvkEVlq3B,Martin Garrix,No Sleep (feat. Bonn),0.44,0.635,-6.385,0.327,128.133,87
6ZRuF2n1CQxyxxAAWsKJOy,Kehlani,Nights Like This (feat. Ty Dolla $ign),0.61,0.725,-5.131,0.291,146.163,87
3npzogdOEiVsieXmmhBepL,Maren Morris,The Bones,0.612,0.57,-6.642,0.335,77.004,87
08aYFNUTIOMGq93e2VSArQ,Rauw Alejandro,Que Le De,0.77,0.75,-2.715,0.609,99.997,86
4mGdjNMo0RonTlOEb7cYg4,YUNGBLUD,11 Minutes (with Halsey feat. Travis Barker),0.464,0.852,-3.804,0.233,160.075,86
6Yx181fZzA0YE2EkUsYruq,Why Don't We,Big Plans,0.693,0.604,-5.279,0.651,75.014,86
3wFLWP0FcIqHK1wb1CPthQ,Ariana Grande,fake smile,0.45,0.619,-7.412,0.427,83.3,86
5SHhPFh68OhUmuRPymKX9d,FLETCHER,Undrunk,0.679,0.572,-6.703,0.542,92.859,86
13ZyrkCDmRz5xY3seuAWYk,Juice WRLD,Hear Me Calling,0.699,0.687,-3.997,0.499,88.932,86
4Tvw0lweq9l2JPQKFbpbBQ,David Guetta,Better When You're Gone,0.647,0.795,-3.548,0.409,127.992,85
25F6MWrnFBCXVnpN4n76EK,Logic,Keanu Reeves,0.71,0.888,-6.457,0.816,170.193,85
6eiztdXRkooWsBt2xToMWI,Juice WRLD,Make Believe,0.465,0.84,-4.35,0.672,83.981,85
7pMRoGLEJuFM2wl5pt0R99,Offset,Legacy (feat. Travis Scott & 21 Savage),0.844,0.513,-8.769,0.344,128.085,85
5NPzbTzFxIQPaheZuPhn4f,Paulo Londra,Forever Alone,0.864,0.426,-8.392,0.477,129.954,85
2MJdgSby3DtSS7bUJx2cly,Offset,Red Room,0.936,0.559,-8.591,0.517,112.339,85
3LgWsmilsrWXiPYQFRD0T7,Billie Eilish,goodbye,0.152,0.149,-21.965,0.0484,55.492,85
3Y7a0typ6ik1KscmebXd6D,Sia,No New Friends,0.724,0.702,-4.622,0.688,106.044,85
2vdBo4ALPYbHRUPKgtE5iC,Ariana Grande,ghostin,0.287,0.364,-8.295,0.11,103.777,85
6ya8ejoKgw906Y8LWclqrp,Nipsey Hussle,Racks In The Middle (feat. Roddy Ricch and Hit-Boy),0.671,0.833,-5.152,0.702,79.351,85
0NJp8GyCOWnQh71xKSPfuV,Tory Lanez,Freaky,0.966,0.563,-5.764,0.363,104.991,85
6GSkLS2y4ZnnZsuRAj975K,Marshmello,Project Dreams,0.78,0.828,-2.235,0.786,160.113,85
2QrXzOqLCVDRZHkToA0tSR,Dennis Lloyd,Never Go Back,0.421,0.653,-4.85,0.733,78.6,84
3KLo7ByvjCNyBrfz5DZ2mO,Rich The Kid,Splashin,0.94,0.384,-8.158,0.37,100.022,84
7o0oY5wRcoV7oPuDhD2J1z,Paloma Mami,Fingías,0.729,0.805,-3.83,0.345,191.994,84
4T652DlATVHe0jdLKaN3Bw,Ariana Grande,in my head,0.662,0.6,-6.402,0.331,134.979,84
7uiBocndm12aKbsdnQ3Scx,Chris Brown,Undecided,0.441,0.527,-5.318,0.589,96.37,84
0fcq51a3gOI6gPvzc0YLsk,Post Malone,Wow. - Remix,0.797,0.64,-6.272,0.486,100.002,84
5WtfUKzXircvW8l5aaVZWT,Julia Michaels,What A Time (feat. Niall Horan),0.518,0.467,-6.184,0.386,132.854,84
7hzlzoOwCZ4D3Ow5YZK4kj,Daya,Insomnia,0.754,0.653,-5.095,0.379,123.084,84
1Kjer1JoWuJGNwGV6Pbgv1,Sebastian Yatra,Cristina,0.649,0.502,-4.368,0.695,87.0,84
3Kuu5vASpXK8oRsxOvau6P,Kygo,Think About You,0.673,0.596,-7.891,0.19,123.969,84
2v5JTeM6hSmi5wWy7jiwrI,Lil Peep,I've Been Waiting (w/ ILoveMakonnen & Fall Out Boy),0.741,0.845,-3.568,0.926,129.939,84
41MCdlvXOl62B7Kv86Bb1v,Juice WRLD,Empty,0.745,0.561,-4.869,0.449,77.557,84
1pfgsjmxVZhoZpeDx6POKv,Galantis,Bones (feat. OneRepublic),0.66,0.788,-5.844,0.494,120.048,84
6qP73DRFGojLuIk1siIhNE,The Rudeboyz,Dile la Verdad,0.886,0.701,-3.504,0.823,103.002,84
507tQXutCPYNFkpOq8tmKF,Zara Larsson,Don't Worry Bout Me,0.752,0.706,-6.274,0.33,125.041,83
45ZGEdLxCZvdMX9jWlsAAx,Why Don't We,I Don't Belong In This Club,0.797,0.543,-5.744,0.164,115.036,83
3mN2DtljBhnrIpc3Nu2pJ8,Lalo Ebratt,Déjate Querer,0.755,0.792,-4.238,0.844,106.014,83
3WRIaWsws011vHMd9uzPjG,Future,First Off (feat. Travis Scott),0.734,0.683,-6.105,0.445,162.038,83
3QmolSZqjjLksTUvZJ6pPS,Jonas Brothers,Cool,0.65,0.619,-5.495,0.657,157.967,83
27356GVuMPFWiJSZCragoM,Ariana Grande,make up,0.671,0.714,-5.373,0.477,105.137,83
2n48BjaFSczfeIG3HaIaPv,Tom Walker,Just You and I,0.567,0.696,-5.416,0.544,92.061,83
1T8IRUJBga0JXioJZvxjBR,Rammstein,DEUTSCHLAND,0.515,0.906,-4.982,0.194,120.132,83
2BkyYZmU4JuWW2sYi9EzpC,Dean Lewis,7 Minutes,0.613,0.739,-6.478,0.712,104.966,83
4AKWHLChPxYdXAB2cHmZB7,Brytiago,Controla,0.758,0.699,-5.636,0.594,90.013,83
3JjaofJ0lCeEsFSZqppzOp,Sean Paul,Contra La Pared,0.828,0.588,-7.14,0.598,94.052,83
5AjINjwKyRvQJhSe2zpPHi,Polo G,Pop Out (feat. Lil TJay),0.861,0.621,-7.106,0.254,83.976,83
4XiGKQqbmnMVxDzUj6j3f2,YK Osiris,Worth It,0.764,0.528,-4.082,0.422,123.936,83
4mUIe9gfsdtsVP2zFIl74x,Juice WRLD,Maze,0.674,0.726,-3.813,0.443,160.067,83
4dTiQezDWmEOWcdCbWVWMp,ScHoolboy Q,Numb Numb Juice,0.886,0.47,-7.756,0.184,156.997,83
32h6yQGn4oAhZ0HRsTMX26,TOMORROW X TOGETHER,CROWN,0.622,0.8,-5.819,0.58,110.977,82
1NHlyKgtR4roNylOhidKSv,Tyga,Girls Have Fun (feat. G-Eazy & Rich The Kid),0.888,0.74,-5.363,0.664,100.003,82
1Pz3QmQFBFuI60rxCQBeW6,The Chainsmokers,Kills You Slowly,0.696,0.429,-8.736,0.242,149.967,82
2VRVV7cvAGPJ2EBU4FIVCz,Farruko,Nadie,0.679,0.617,-5.328,0.665,189.993,82
2qfEcCkEo5NscA9GL7ER72,Martin Jensen,Nobody,0.673,0.687,-5.295,0.524,96.964,82
67fNrBUMc7iWMofdCaoJV9,Blueface,Bleed It,0.845,0.76,-6.007,0.558,101.865,82
18PergoIrGmRyeYxnaXJN2,BLACKPINK,Kill This Love,0.766,0.855,-4.086,0.667,132.022,82
1JkrD47SDpAbyvqKtolcea,Blueface,"Thotiana (feat. Cardi B, YG) [Remix]",0.911,0.721,-4.833,0.69,104.11,82
7njKgVl3AnLflRad38o7AG,Bazzi,Paradise,0.844,0.644,-6.273,0.591,122.061,82
4NSW0Km5ZG60L8FthUebPJ,Jonas Blue,What I Like About You (feat. Theresa Rex),0.46,0.8,-3.584,0.553,102.46,82
7wcyO1rrH3Ru4t659IjG41,Future,Crushed Up,0.781,0.597,-6.794,0.544,158.043,82
5CE0V7z1ePOZQNJNpWxYGA,Logic,Confessions of a Dangerous Mind,0.8,0.762,-4.097,0.645,141.971,82
4JWQC6gyYoPRnxRxk0ta2M,James Bay,Peer Pressure (feat. Julia Michaels),0.631,0.715,-6.083,0.42,135.826,82
5600nq7TiBraBX2jobyJ3l,Dua Lipa,"Swan Song (From the Motion Picture ""Alita: Battle Angel"")",0.588,0.821,-6.54,0.509,188.098,82
29uWfSrklmIxzRIqFFK9jj,Khalid,Self,0.618,0.693,-7.889,0.439,143.98,81
7dbka99KTWke5o9hRp0JoB,Post Malone,Sunflower - Spider-Man: Into the Spider-Verse,0.761,0.479,-5.574,0.912,89.913,81
4pN7yDeBmmAud5lBtuCsVs,Darell,Caliente,0.894,0.796,-3.119,0.408,99.993,81
5g45gvxgaYVuhkDACPnvfh,James TW,You & Me,0.714,0.683,-6.333,0.824,127.021,81
3fd5jcZKAzoiivM4ZDwhyU,Louis Tomlinson,Two of Us,0.614,0.605,-5.411,0.329,127.107,81
4DbhxwlkhTbCTqlZptxmI6,Danny Ocean,Swing,0.729,0.616,-6.422,0.532,106.486,81
3jOn1ZdPldABfKQY4JBhov,Kevin Roldan,PPP - Remix,0.803,0.749,-4.358,0.67,93.005,81
1XJ93XskwJf7PCyIVLbNBt,Julia Michaels,Anxiety (with Selena Gomez),0.803,0.384,-6.522,0.503,141.924,81
2Jh3UqxnHJMyzMzku4uOtE,Juice WRLD,Feeling,0.712,0.515,-6.004,0.563,160.0,81
2BSbCCbaSCzkOEZa6N5901,Juice WRLD,Flaws And Sins,0.709,0.662,-4.55,0.439,150.046,81
4hqOmrCCJKyiuwDexd8c2t,NAV,Price On My Head (feat. The Weeknd),0.768,0.574,-6.104,0.278,74.949,81
4dAMdQ6g4kGmnc1MDHsg77,NLE Choppa,Shotta Flow,0.888,0.43,-6.728,0.45,120.088,81
2vsuel3g4zaLYSOY0mOMbi,Khalid,Bad Luck,0.432,0.52,-5.515,0.303,164.047,81
2XKFnwB6djxrJCjR3PdeRb,Khalid,My Bad,0.577,0.578,-9.146,0.367,84.965,81
6TqXcAFInzjp0bODyvrWEq,Khalid,Talk,0.901,0.4,-8.575,0.346,135.984,81
3jq1RpStaB1YGyN3rRZGca,XXXTENTACION,Sauce!,0.68,0.313,-13.672,0.405,135.034,81
3BXXkwyhsHM0EPApHMhQC5,Gunna,Speed It Up,0.912,0.587,-7.395,0.435,143.027,80
6nDKrPlXdpomGBgAlO7UdP,Avicii,SOS,0.802,0.645,-6.181,0.376,100.001,80
1HNywa8Bk0TmzRwQrzhtPo,John Mayer,I Guess I Just Feel Like,0.556,0.528,-8.033,0.163,159.821,80
0hCHNYL8ApQCGNwJrYN1FY,Lil Skies,Bad Girls (feat. Gucci Mane),0.771,0.761,-4.727,0.277,131.01,80
5A1w94uzc1kO1Zhe8WWxC3,Khalid,Right Back,0.789,0.427,-9.918,0.605,97.032,80
4l0O19WwpjzbDGkdFtkQ6W,Ozuna,Vacia Sin Mi,0.786,0.63,-6.456,0.749,190.017,80
7tGEAA1f8MydT7eVbbO9Zy,Billie Eilish,WHEN I WAS OLDER - Music Inspired By The Film ROMA,0.696,0.332,-12.834,0.0628,150.13,80
2kAIpGWnlFLQh48iut6Zzq,Khalid,Free Spirit,0.627,0.446,-9.477,0.11,139.994,80
6Z4rmc0uujCpl8yXe3yjgI,2 Chainz,Whip (feat. Travis Scott),0.793,0.399,-7.428,0.0379,121.949,80
6flur5o18COKeafnjLHRiJ,Lil Pump,Be Like Me (feat. Lil Wayne),0.948,0.396,-8.08,0.593,104.006,80
0onslUNmSLDkuYaideYWir,Lizzo,Juice,0.767,0.891,-3.01,0.824,119.91,80
1E6DEDWDKHoOW0fcFuDghV,Khalid,Don't Pretend,0.697,0.551,-8.833,0.219,89.0,80
7cz506PyIgh2bMN90Mc8Tn,Wiley,Boasty (feat. Idris Elba),0.887,0.765,-5.207,0.456,102.958,80
2drEUEg0TYQR6dDEHkpuPE,Tame Impala,Patience,0.546,0.859,-5.966,0.645,99.965,80
0W5oXFrxZNBTIS1eMW9Ofz,Khalid,Saturday Nights REMIX,0.569,0.414,-8.901,0.35,168.029,80
7Eso5mURNFprb5PmhOXDlf,Juanes,La Plata (feat. Lalo Ebratt),0.762,0.74,-4.72,0.961,167.881,80
5BfMJ6iytQnu1r7iiCYSXe,Khalid,Intro,0.213,0.414,-9.725,0.0553,79.556,79
6fOOKqQWcSy33ApU1wqkkW,Khalid,Paradise,0.581,0.452,-9.558,0.523,75.046,79
4cZ3UsiKd1kUQIaq4BFIj2,Jack & Jack,No One Compares To You,0.7,0.748,-6.044,0.631,111.939,79
4zxpssj8DyrfZcEUSUiNxG,Juice WRLD,Ring Ring (with Rvssian feat. Clever),0.581,0.673,-4.421,0.621,160.073,79
6sR4WtcYJOCXzDsDfY9PwV,Ozuna,Cama Vacia,0.647,0.85,-2.185,0.316,175.797,79
3qLBz3j26AHO2jBYUQWLA6,Drax Project,Woke Up Late (feat. Hailee Steinfeld),0.698,0.66,-5.429,0.351,119.214,79
6PRh0ilIMEP1xlUHqalnkD,Yo Gotti,Put a Date On It (feat. Lil Baby),0.835,0.659,-5.696,0.579,129.93,79
1NgCWYuBLfqBDA3b8MgSVU,Khalid,Twenty One,0.776,0.445,-8.574,0.405,109.981,79
6habFhsOp2NvshLv26DqMb,Luis Fonsi,Despacito,0.655,0.797,-4.787,0.839,177.928,79
1q9jq5X5vwmewjOa2mHtQ1,Gunna,Same Yung Nigga (feat. Playboi Carti),0.852,0.568,-9.202,0.504,81.526,79
4NdXQlDTzxbOMkzJGWFtz3,Lil Pump,Butterfly Doors,0.925,0.397,-11.265,0.429,130.008,79
7gY3cyGcB2wnk2xDXiA0pe,Avril Lavigne,Head Above Water,0.578,0.694,-5.351,0.268,129.921,79
4qQwGRtGT7l6ckQtdPEFd4,Florida Georgia Line,Talk You Out Of It,0.651,0.708,-4.791,0.558,119.964,79
6phY2gnvf9WwCiXlLMQOY3,Juice WRLD,HeMotions,0.561,0.76,-7.194,0.317,163.938,79
0jtTDKt1FRTnKbWtWSGLoy,Bhad Bhabie,Bestie (feat. Kodak Black),0.908,0.625,-4.519,0.613,101.993,79
2O8gSQ9z52tZSLJnuzjkcG,G-Eazy,West Coast,0.843,0.806,-5.156,0.821,97.858,79
6Bc48Fgqgb6j4K6JdkZTNk,Sech,Solita,0.679,0.831,-1.866,0.88,88.792,79
18n2GdCpsHYzkbMKPavE7Y,Little Mix,Think About Us (feat. Ty Dolla $ign),0.511,0.795,-3.714,0.432,175.987,79
0HEckRWFSknIupbGzavk5d,Khalid,Hundred,0.772,0.483,-10.06,0.479,120.005,79
32iPykTXUNZ9oGyACGUybq,Offset,How Did I Get Here (feat. J. Cole),0.883,0.544,-7.92,0.114,129.993,79
4bi9YrkOvmg4Eb7h00AW2c,Rich The Kid,Fall Threw (feat. Young Thug & Gunna),0.864,0.652,-6.815,0.692,75.988,79
7IMGshuSNOXHgmboboPpIH,R3HAB,BAD!,0.701,0.816,-5.95,0.316,125.068,78
0q6boCcLaWYPIy2vOsksFg,(G)I-DLE,Senorita,0.782,0.808,-3.139,0.42,120.021,78
6EMsxZwsgTOLgWNdxtCIzQ,Sia,Thunderclouds,0.691,0.716,-5.985,0.507,112.035,78
339Y993TrFyWyO438be0RY,Khalid,Better,0.692,0.552,-9.543,0.15,98.028,78
06Pvy98db25O7wlfFFFIRM,EVERGLOW,Bon Bon Chocolat,0.719,0.828,-5.559,0.634,139.927,78
7dsEsd0rlVs6PddRJj64ho,Iggy Azalea,Sally Walker,0.905,0.492,-8.953,0.605,140.076,78
2gwkD6igEhQbDQegRCcdoB,DaBaby,Suge,0.876,0.662,-6.482,0.844,75.445,78
0BOm90PDLRJpTSqqd6z52E,Luis Fonsi,Sola,0.569,0.526,-6.67,0.474,124.969,78
4Y0TtDriFlN3XZoQx6PYsu,Andy Grammer,"Don't Give Up On Me - (From ""Five Feet Apart"")",0.641,0.537,-5.452,0.0681,112.864,78
6fIMvZ2JA9kuQG8IuDgWMM,YBN Cordae,Have Mercy,0.772,0.385,-8.037,0.362,137.962,78
1N3rf6ZFzb8NPYeLCmgzj7,Natti Natasha,Me Gusta,0.851,0.688,-3.992,0.708,96.025,78
1R6VwZ8TuHRzxZUxe88n4I,2 Chainz,Rule The World (feat. Ariana Grande),0.592,0.584,-6.232,0.447,88.073,78
4L9Ds4mpD3SuYoWwFUlv16,Florida Georgia Line,Simple,0.362,0.882,-3.717,0.864,199.811,78
06LFFPPS7MylCZXps3cO4m,Juice WRLD,Who Shot Cupid?,0.758,0.932,-2.809,0.592,125.993,78
3y5B5ebFMzEEFqCPOesAXR,Maren Morris,GIRL,0.44,0.793,-3.95,0.447,143.599,78
4KXDT3pmPDB9IB6hTUoGpd,PnB Rock,I Like Girls (feat. Lil Skies),0.702,0.77,-3.519,0.735,178.163,78
6Zc5f20q7sOe1IC1c1jQvZ,Halsey,Without Me (with Juice WRLD),0.742,0.515,-6.103,0.452,136.02,78
1HY7Ze0NWqDJkl4g4MV62Q,Thomas Rhett,Look What God Gave Her,0.732,0.847,-3.921,0.885,113.012,78
3NncP0ajz9lqYAZcQD7Bpo,Reik,Duele,0.684,0.842,-4.54,0.483,174.051,77
33CfD8UkDEcSdAP9j4QpUY,Jax Jones,All Day And Night - Jax Jones & Martin Solveig Present Europa,0.585,0.782,-4.101,0.521,121.908,77
0Hgqglypzt6Qs5Duqskcqs,Khalid,Heaven,0.42,0.479,-8.881,0.11,116.989,77
59ywHNwwchG4nZJMLyxSzd,Offset,Clout (feat. Cardi B),0.919,0.622,-7.384,0.424,140.022,77
4rWC4tiO4NCwRHdh6vyu6b,Juice WRLD,Big,0.768,0.641,-6.197,0.231,144.963,77
0xq4ZTcmwBfkPGo4RRKmMe,CHUNG HA,Gotta Go,0.53,0.829,-2.526,0.423,101.85,77
4QjVfuu7om31HBan0jlX4p,Mabel,Don't Call Me Up,0.674,0.881,-2.853,0.234,98.994,77
12VqHHz4wvVcnEdSivjLeQ,Khalid,Alive,0.386,0.406,-10.419,0.205,78.616,77
52EB2Gk1nkxZmbomJOXUde,Steve Aoki,Are You Lonely (feat. ISÁK),0.517,0.793,-5.851,0.176,90.06,77
7p4zGB2Xj1hs7eoJU79YrV,Syn Cole,Getaway - VIP Mix,0.71,0.842,-3.156,0.761,124.119,77
78P2cNBhbdjXWIRYuEXkV6,Khalid,Don't Pretend,0.591,0.547,-8.835,0.222,89.005,77
4WuKHgxdCJsaOBIh7yndty,Stray Kids,MIROH,0.563,0.979,-3.104,0.503,126.063,77
6qyz1KOlGJsKYJ4ZsRmRSD,Hwa Sa,TWIT,0.679,0.813,-3.367,0.584,136.067,77
2oVoSgGAlog02WQ2pLCxcT,Tom Walker,Now You're Gone (feat. Zara Larsson),0.644,0.721,-8.495,0.233,101.503,77
4W9XGjEUVG9junR70FOLii,Offset,Lick,0.959,0.539,-6.611,0.657,103.0,77
0Qd2KYCmwGYiTF3A0opS6b,Lil Skies,Real Ties,0.819,0.616,-5.534,0.524,87.493,77
5pzeevBDvU6GVXqUKoiYDX,Netsky,I Don’t Even Know You Anymore (feat. Bazzi & Lil Wayne),0.709,0.784,-3.182,0.584,97.007,77
6E7jAJN2e3znSHyPCdQqx8,Mamamoo,gogobebe,0.704,0.787,-3.113,0.707,96.929,77
4EnEGf9JzAJhF1XNY9DJcD,G-Eazy,"West Coast (feat. Blueface, ALLBLACK & YG)",0.882,0.775,-4.986,0.805,98.023,77
4cQrSREMqBSvJ8ZzBZjVb8,James Blake,Mile High (feat. Travis Scott & Metro Boomin),0.754,0.37,-9.854,0.228,114.941,77
42w7pX3r1TpLR0i55Ek5ND,Khalid,Bluffin',0.529,0.314,-10.323,0.288,129.664,77
3WyRgi8CzQnhzO0xw79tTS,DaBaby,Goin Baby,0.755,0.772,-5.585,0.678,132.906,77
4zb3kFL9fXrrfTwIY4CcDy,Ellie Goulding,Flux,0.518,0.465,-5.903,0.302,93.024,77
2swZ0X1njeU32SNJeBKIfW,Aventura,Inmortal,0.77,0.775,-4.65,0.848,124.015,77
5Apvsk0suoivI1H8CmBglv,Hozier,Almost (Sweet Music),0.523,0.687,-5.601,0.711,90.036,76
1PfUKiMDKIlPEF9FfdJawc,Lana Del Rey,hope is a dangerous thing for a woman like me to have - but I have it,0.492,0.144,-10.125,0.274,164.839,76
572BChNcXOIvtfn2TGmTKc,Juice WRLD,ON GOD (feat. Young Thug),0.797,0.722,-6.23,0.338,145.99,76
5FxKZ4IajYIRDjAWAboiB4,Kodak Black,Pimpin Ain't Eazy,0.644,0.501,-8.959,0.173,129.828,76
35l8ivgXiWiDCv7TCZ50Da,Comethazine,Walk (Remix),0.813,0.586,-10.478,0.798,160.043,76
5gsW8TMmNVnevjq13h0Nlp,Jon Z,DESPUES QUE TE PERDI,0.762,0.813,-3.863,0.6,108.934,76
6WaogiItGdUTm490XN4QKJ,pewdiepie,Congratulations,0.7,0.795,-9.019,0.696,136.018,76
1ogmtYEsS4ywfLIhMee5bu,Roddy Ricch,How It Is (feat. The Plug),0.672,0.6,-9.318,0.226,147.381,76
2VGD6mGeuv6aORaU0vKsHB,Rich The Kid,Tic Toc (with Tory Lanez),0.78,0.635,-4.269,0.182,169.978,76
4dOmgE4ULbySxpeGObN8RL,Juice WRLD,Syphilis,0.782,0.659,-3.103,0.336,148.03,76
4gJUBncw0XCMTBHneTjqGx,Rich The Kid,Like Mike (feat. Jay Critch & A Boogie wit da Hoodie),0.833,0.639,-5.162,0.843,142.011,76
6PXhPHhZy1MpxuTNA1Ad4L,Lil Skies,Stop The Madness (feat. Gunna),0.651,0.833,-5.153,0.594,80.977,76
5kXDF4OmM5COyeo6z97nEk,Vampire Weekend,Harmony Hall,0.653,0.76,-6.086,0.6,98.008,76
36dhj3CSJ2gsED35rBswno,Nio Garcia,Mírame,0.775,0.787,-4.488,0.665,175.993,76
0zYqFyhiTj419q56lNsjk0,BLACKPINK,Don't Know What To Do,0.626,0.654,-4.113,0.431,129.856,76
1Yi8XPnCPoimWwqxwm3uz9,Catfish and the Bottlemen,Longshot,0.481,0.765,-4.025,0.465,102.829,76
1fHRzxbts9A8J1ergDe7Kz,Khalid,Saturday Nights,0.574,0.37,-10.803,0.354,83.162,76
7cLm450e9XaPrEZTSTsfwU,Bea Miller,it's not u it's me,0.776,0.568,-6.419,0.749,150.901,76
3XiNC94b4Tq1xwv70sQJGN,Lil Uzi Vert,Sanguine Paradise,0.725,0.57,-7.186,0.228,135.085,76
1WqLtczgKdbHFHhefOU0y7,Khalid,Self,0.618,0.693,-7.889,0.439,143.98,76
4BOikd4oZjOYMde9AXfrTo,Kehlani,Feels,0.369,0.609,-4.477,0.381,80.362,76
7gL0eIncXB5ELO8BFMR3Uv,Silvestre Dangond,Vivir Bailando,0.846,0.848,-4.752,0.553,91.971,76
2AaF78iCWISMWYog5RnSi5,John Legend,Preach,0.508,0.729,-5.712,0.412,91.906,76
5rU6kDNXZLXIinFezpbWbO,NAV,Tap (feat. Meek Mill),0.901,0.676,-7.033,0.452,85.018,76
0SfG57HqtBNqKN9O27fo1s,Lil Pump,Racks on Racks,0.822,0.484,-7.166,0.0934,150.061,76
4TWflhgevIGo448fWc6mQq,Offset,Red Room,0.936,0.559,-8.587,0.527,112.347,76
3SOp10shYtVHuZWxVGenUb,Mike Posner,Move On,0.741,0.686,-5.704,0.418,102.027,76
78Nyf6RlqBANlMhSnKyClT,CNCO,Pretend,0.68,0.883,-3.862,0.834,101.983,76
1roCmBlcpV7LzsmB7pmCyt,Alec Benjamin,Let Me Down Slowly (feat. Alessia Cara),0.655,0.569,-5.018,0.44,150.267,76
6XRgC4KAp4upKu0v7H4tQo,The Black Keys,Lo/Hi,0.606,0.679,-7.445,0.705,122.012,76
5ZOEulH7fvK4ZkMLTOyKL0,Juice WRLD,Demonz (feat. Brent Faiyaz) - Interlude,0.502,0.309,-11.389,0.18,169.522,75
7MKNP9GEcCj4Vcfw3IerQ6,Lil Nas X,Old Town Road,0.908,0.517,-6.063,0.471,136.019,75
0Goo25lbtpwor5vb0K2r21,Lil Skies,Nowadays Pt. 2 (feat. Landon Cube),0.687,0.829,-3.607,0.349,152.059,75
7jKUnzzOGhAlPjr7LkIUlE,2 Chainz,Momma I Hit A Lick (feat. Kendrick Lamar),0.796,0.467,-6.293,0.4,179.974,75
7ch7IMYm9DaujSfI1ToSzu,Eladio Carrion,Mi Error,0.565,0.629,-5.516,0.344,167.961,75
7C6JnGZRj0HMIF06rlz9Mb,Old Dominion,Make It Sweet,0.539,0.859,-4.465,0.456,89.937,75
2vXKRlJBXyOcvZYTdNeckS,Gesaffelstein,Lost in the Fire (feat. The Weeknd),0.658,0.671,-12.21,0.166,100.966,75
1qlCjzyib3wt99XKcTeQkF,Steve Aoki,Play It Cool,0.812,0.805,-3.83,0.568,119.958,75
15LOSQ3z91ZB2wMiMhiCjZ,Juice WRLD,Desire,0.597,0.767,-4.713,0.205,148.009,75
0UvBmQOhu4DVXJtdzGc5eV,Trey Songz,Chi Chi (feat. Chris Brown),0.744,0.549,-6.041,0.277,110.004,75
4yJ6CHGtEjUnMsZ4IMqReH,SUNMI,Noir 누아르,0.642,0.676,-4.771,0.257,117.031,75
18KjYhghq6K3ZmfcewWDp6,Martin Garrix,Mistaken (feat. Alex Aris),0.424,0.694,-4.912,0.0801,128.034,75
2OaKHGvIxoOzIYjyMsxcT8,Gunna,3 Headed Snake (feat. Young Thug),0.914,0.415,-10.708,0.646,135.03,75
4Z9cAwlkruSbWblPBthygg,Juice WRLD,10 Feet,0.678,0.681,-7.698,0.525,104.014,75
76PwajqH3ej4hnk9tgaJpp,Gunna,Outstanding,0.829,0.73,-4.554,0.324,149.075,75
015jLlgBeSkl3CApWJhlv7,Boogie,Rainy Days (feat. Eminem),0.866,0.51,-6.254,0.171,106.949,75
6IAgarq2wDeYzpsY2Kx0Hw,Solange,Almeda,0.827,0.553,-5.296,0.0631,110.015,75
4LRKHjC3WH5AKZSGZzlnGk,Lizzo,Tempo (feat. Missy Elliott),0.833,0.722,-5.563,0.588,107.019,75
0baYVkFX4vIXXmIuHRWXDN,Juice WRLD,Out My Way,0.664,0.832,-3.166,0.498,164.144,75
6ZvLKwgPKlyZtDPkTWjPI7,Oliver Heldens,This Groove,0.823,0.909,-4.508,0.787,124.025,75
6MDjeiUWPPgEwLtiBrr9he,GASHI,My Year,0.842,0.808,-3.243,0.705,145.03,75
6LkawpJyy0TZJ6Z41gMVyy,Juice WRLD,The Bees Knees,0.427,0.724,-4.751,0.289,140.029,75
3eB9M6owEHwk4nNrZRNUwd,Alejandro Sanz,Mi Persona Favorita,0.582,0.659,-7.511,0.583,155.957,75
11p2ty4w5GpoFL4vcK0Cru,Lil Skies,Name in the Sand,0.646,0.656,-6.798,0.501,160.065,75
01DOm09B2AbiTARAbXVI6g,ScHoolboy Q,CHopstix (with Travis Scott),0.958,0.6,-6.996,0.607,127.933,75
09yhMTRqQ1I1dniu3PoIQi,Lost Kings,Don't Kill My High,0.674,0.932,-4.876,0.826,144.039,75
3ksmU0DaEUMEVzx5V6cc3z,Old Dominion,One Man Band,0.705,0.363,-8.327,0.482,75.98,75
0Y4L4iWjUH34u2qnois2fI,Russ,AINT GOIN BACK,0.709,0.721,-6.117,0.414,148.108,75
6oV5zsbz9V2nZ79PYam9yC,NLE Choppa,Shotta Flow 2,0.746,0.527,-6.93,0.392,131.792,75
2U6RSyXFnDVNYoD9iUgi09,KARD,Bomb Bomb,0.76,0.842,-5.558,0.882,102.987,74
4CX70Nt2kRmhs77NqBMyCu,Sia,Genius,0.622,0.621,-4.924,0.567,158.946,74
2sU9EjevkrU9OkPZudvFNN,Imagine Dragons,Believer (feat. Lil Wayne),0.487,0.838,-4.319,0.762,93.701,74
64wjSAPLRnrjNByQCxnX3u,Ryan Hurd,To a T,0.687,0.641,-5.814,0.663,120.04,74
0SQ8yalm13UIJuebuZkQlH,Offset,Wild Wild West (feat. Gunna),0.902,0.621,-5.315,0.497,114.007,74
3eVuglKxN2sjoIGHAsFAge,benny blanco,I Found You / Nilda’s Story (with Calvin Harris & Miguel),0.376,0.24,-9.79,0.202,78.787,74
7KVPsVMOK3NL7subwJ0dZj,Gunna,Who You Foolin,0.916,0.756,-7.653,0.756,115.69,74
7f1zjZG77S891Uv4O68yfk,DaBaby,Baby Sitter (feat. Offset),0.852,0.73,-5.803,0.394,92.506,74
3usM520kfIRpWNaYOwdnYI,Juice WRLD,Rider,0.583,0.815,-4.257,0.451,140.031,74
3KkWGDCb6byHjNYjxBihGK,NAV,Habits,0.75,0.534,-7.004,0.451,159.998,74
0wt9RjddODlWDetpuaXfRK,Post Malone,"Sunflower (Remix) [with Swae Lee, Nicky Jam, and Prince Royce] - Remix",0.604,0.754,-4.243,0.28,179.836,74
1I3ZAmPmbFV78oNKnibOiW,Future,Jumpin on a Jet,0.824,0.595,-6.346,0.157,140.039,74
2QoDAlMnML5haTXvYRS86X,Cage The Elephant,Ready To Let Go,0.72,0.893,-3.279,0.795,100.96,74
59NBECAQ5tXNmtKbRFcYil,AJR,100 Bad Days,0.626,0.639,-5.62,0.638,144.009,74
79yScU3wNnv2yPF3awYqnU,Rex Orange County,New House,0.402,0.378,-8.682,0.317,73.262,74
5unCIQfJLMtcsiU6MP5zmB,MOMOLAND,I’m So Hot,0.75,0.883,-1.712,0.85,127.069,74
15AF6h7aQ0ibWzBbzAFLL9,Lil Mosey,Bust Down Cartier,0.632,0.727,-7.353,0.407,161.707,74
13TMuxC8tdSfthXpHG9D26,blackbear,1 SIDED LOVE,0.584,0.42,-7.827,0.283,90.051,74
6iey2E15nqKQ60KW8vBQQi,Dean Lewis,Stay Awake,0.727,0.797,-7.956,0.6,106.033,74
3Y8JSCYjFznthCYb5HZ8lW,Flume,Friends,0.628,0.668,-5.935,0.347,138.865,74
1nufXiTCTTAeJfO9hLHvO8,ARTY,Save Me Tonight,0.55,0.899,-3.284,0.408,125.85,73
1dYovbTTxX5lGJVEdEStm3,Tyga,Floss In The Bank,0.863,0.77,-3.832,0.798,103.932,73
0CALOqrkXAE7WB2nyIATLk,Hikaru Utada,Face My Fears - English Version,0.628,0.751,-7.041,0.44,159.965,73
69oPVTn6mFjMoB3axEejog,Lennon Stella,BITCH (takes one to know one),0.746,0.55,-9.68,0.522,97.018,73
6GqRl2u7LIW93T8Vi5LnXU,WALK THE MOON,Timebomb,0.583,0.778,-4.766,0.446,122.053,73
6Ks1e4WEUeOGgnTGZ4IMXo,BLACKPINK,Kick It,0.762,0.782,-3.563,0.389,124.966,73
6GCIYIWUBSLontW6divqsw,Solange,Stay Flo,0.823,0.558,-7.119,0.674,155.974,73
2lgyZWQSJWmswrLJyM27kB,Nina Nesbitt,Is It Really Me You're Missing,0.535,0.297,-6.043,0.0492,147.569,73
108r6pnZHStBIktpyyps9w,Alesso,TIME,0.768,0.808,-1.818,0.664,119.971,73
57MUBmB0IhftnHLtlQK9JP,Dermot Kennedy,Lost,0.578,0.731,-5.966,0.501,139.442,73
2soCr3tI1sJ6lFrxBPQVzQ,Why Don't We,Cold In LA,0.676,0.624,-5.731,0.726,109.986,73
05fVrhFBjfElZiDfHDRxhF,Jason Derulo,Let's Shut Up & Dance,0.765,0.893,-2.891,0.715,110.051,73
3zM2prB16NRn1zggh1KCY0,Juice WRLD,She’s The One,0.621,0.804,-5.502,0.396,155.984,73
6Ur6u4Ici7NYBiuGEEkNMP,Lil Skies,Flooded,0.714,0.636,-5.286,0.52,166.049,73
0AKwYorDdgm3NtusTmPlkn,Lil Skies,Blue Strips,0.776,0.776,-6.366,0.68,161.983,73
2IoZOYOZDrWCOLoZoYedxQ,Gunna,One Call,0.861,0.481,-7.309,0.188,146.992,73
7Ii2ALuxW7NkLfQPhV4Rn2,Logic,Bohemian Trapsody,0.725,0.838,-7.486,0.414,140.053,73
0BhvzFxq3FHiMdGcLiTphr,Anderson .Paak,Make It Better (feat. Smokey Robinson),0.672,0.547,-6.603,0.553,178.437,73
7r62wx5N1cOQxYr6b0p2Bi,Rich The Kid,Two Cups (feat. Offset & Big Sean),0.829,0.744,-4.576,0.514,93.041,73
0tkmYNfaEaH9HpR59ApRtE,Kehlani,Nunya (feat. Dom Kennedy),0.675,0.71,-4.027,0.574,97.98,73
0qy1xNhQvnRhEpvKxdXYUR,Yung Pinch,Nightmares (feat. Lil Skies),0.579,0.698,-5.701,0.302,165.071,73
01OFymiHwXOqOBBD1AtQJd,P!nk,Hustle,0.716,0.794,-5.138,0.542,96.751,73
1AtJv3Zzf4DA9UfX822V6D,YBN Nahmir,Baby 8,0.656,0.675,-9.476,0.475,162.839,73
6NGeKy2lLt86dxDjJAtBFk,Lil Skies,Breathe,0.642,0.741,-5.204,0.72,76.016,73
6UnCGAEmrbGIOSmGRZQ1M2,Maggie Rogers,Light On,0.657,0.569,-6.287,0.399,102.054,73
4yoQbSPoj8H3O8M3EKvC74,Juice WRLD,Won’t Let Go,0.617,0.791,-4.292,0.653,150.061,73
2e9N4vHYVUwSwRorBzsZXE,Hozier,Almost (Sweet Music),0.427,0.689,-5.589,0.706,88.875,73
1KjQPDJQCUuqDj3AmfSBCa,NLE Choppa,CAPO,0.617,0.953,-4.162,0.594,154.964,73
0rhxoXFMKRtm1dQJfi72Yh,YNW Melly,No Heart,0.76,0.568,-3.92,0.414,77.482,73
5EpR6BqAnwR9PPl6sIrzGy,Cheat Codes,Who's Got Your Love,0.704,0.888,-2.872,0.531,125.027,73
4Cy5f4JsH1yoeGks7FnoHw,Alok,All The Lies (with Felix Jaehn & The Vamps),0.611,0.835,-4.107,0.672,102.023,73
0TtSoFrbLGjmpIgY4KgBeq,Anderson .Paak,King James,0.731,0.877,-8.497,0.891,107.891,72
0AtY4uFaYBIl6tAjONkk1Z,Jacquees,Your Peace (feat. Lil Baby),0.518,0.63,-5.968,0.576,195.958,72
1wkHhcUnVOMhLtA79dQaQx,Julia Michaels,Into You,0.692,0.471,-7.124,0.827,158.004,72
0mnVrUP1TAoO223C0N2NYI,SAINt JHN,Trap (feat. Lil Baby),0.792,0.839,-2.887,0.354,116.985,72
6AyI8UGx8Y4peb7pLOy2pf,Ariana Grande,7 rings (feat. 2 Chainz) - Remix,0.78,0.341,-10.162,0.342,70.011,72
3Uu6pcfL9xsdfsKRx3DXRf,gnash,the broken hearts club,0.62,0.288,-9.431,0.691,100.385,72
3qbHA5vvQj249vmnhcTxQV,TOMORROW X TOGETHER,Our Summer,0.739,0.571,-5.537,0.246,107.98,72
5d1fRO6RYAtbPPgbpSHnlA,Lost Kings,Anti-Everything,0.734,0.663,-7.292,0.256,101.943,72
7xhvCzIguRfyfQyGrnWuVn,Ally Brooke,Low Key (feat. Tyga),0.79,0.546,-5.553,0.748,109.014,72
2JRLoT6z48Pfihyj1s1u77,Jack & Jack,Day Dreaming,0.752,0.59,-5.688,0.353,101.241,72
2nOrEg4ZHuR0cFQHeV8RnI,YBN Cordae,Locationships,0.715,0.482,-9.381,0.686,136.297,72
4xrp7IHh0xuNuGVu3oSv67,Sia,Audio,0.365,0.692,-4.586,0.372,89.998,72
4Gcv5SsxnQWpmOnUI19EJk,Gryffin,All You Need To Know (feat. Calle Lehmann),0.513,0.788,-4.629,0.234,139.987,72
2H4gf1wLxvYreMj1jcaN0k,Dean Lewis,Be Alright,0.551,0.537,-7.595,0.493,126.421,72
4Joy4odtE1z0AX32uWoAQn,NGHTMRE,REDLIGHT,0.611,0.931,-4.189,0.225,129.903,72
0BOmhToQ03yOdpzYKMEnAg,Gunna,Baby Birkin,0.848,0.649,-6.083,0.629,118.04,72
6ERR6e7h6wCqGoz1TjiUJb,Luke Bryan,Knockin' Boots,0.739,0.682,-3.728,0.634,131.983,72
5ql2mP9FUhB3SgMzv2akuO,Dzeko,Heaven (feat. Veronica),0.657,0.882,-3.565,0.179,127.994,72
14PWHDV87nXiSuClZDsEYC,Gunna,Richard Millie Plain,0.744,0.674,-7.518,0.316,134.021,72
0e9yz3Fz7Nn6I5E4XBP8no,Marshmello,Sell Out,0.605,0.963,0.634,0.42,145.013,72
3deRMhnycNFbCZHCCld9oy,Jennifer Lopez,Medicine,0.827,0.831,-2.446,0.457,102.048,72
2CPLGREl5ahzA2WPBMkpxh,Maggie Rogers,Fallingwater,0.389,0.322,-8.933,0.453,86.929,72
3TTWpDAiJfyoJDd5v2F8C3,SG Lewis,Throwaway (with Clairo),0.789,0.49,-6.588,0.869,140.034,72
3TpBefRZ1vFcOH6z57PQRI,Bryce Vine,La La Land (feat. YG),0.781,0.469,-5.107,0.412,98.013,72
73Jdi1pXMmpo5LcsSXiFLO,Chad Brownlee,Forever's Gotta Start Somewhere,0.544,0.759,-4.506,0.386,107.904,72
5KgjRZKraoTkHAUONmVFo1,MARINA,Orange Trees,0.731,0.66,-6.892,0.547,100.988,72
2nBkgxlht8knPvUQN5Tmdk,Vampire Weekend,Sunflower (feat. Steve Lacy),0.863,0.576,-5.691,0.932,100.03,72
2VBYFWgwIlJjyzidPTHQqp,Snakehips,Gucci Rock N Rolla (feat. Rivers Cuomo & KYLE),0.797,0.93,-3.37,0.907,123.985,72
20QsjZcPfLlW9OidT7RphJ,Rich The Kid,Save That,0.875,0.678,-5.14,0.59,95.991,72
2pzlvIwI67SEfjLwkZISh8,Lil Skies,When I’m Wasted,0.735,0.639,-5.851,0.714,92.946,72
1h6OiyF7bf4jifbw1s7mVD,Comethazine,NONSENSE,0.639,0.812,-4.113,0.5,182.016,72
68vxG1i6RSmrsY9mRdqDgG,Maggie Rogers,Burning,0.735,0.688,-5.471,0.282,110.045,72
4P1EGoXLWQ1YF6Nsmr1pfy,LÉON,You And I,0.554,0.786,-4.288,0.358,120.057,72
18LhA0zBzAa2YnhcN3hWGa,Tyla Yaweh,High Right Now,0.703,0.557,-6.798,0.127,159.985,72
0k7Qyc2J6cUryNNhf0pPEL,Lil Skies,Ok 4 Now,0.66,0.544,-9.44,0.313,140.103,72
7C31PdvTuSvEFqn2sKISsX,TOMORROW X TOGETHER,Blue Orangeade,0.758,0.848,-3.601,0.42,111.015,72
47Ad1NzqPuUFbCIURd94Oj,Offset,North Star (feat. CeeLo Green),0.67,0.391,-9.939,0.108,79.971,72
5HlFO9E6TgsCpJWVjguZDl,James TW,Suitcase,0.669,0.396,-8.724,0.546,86.927,72
0GfS3y8Jd7SHWd9R51s7Fo,Sam Smith,Dancing With A Stranger (With Normani) - Cheat Codes Remix,0.746,0.557,-6.722,0.324,111.961,72
57RA3JGafJm5zRtKJiKPIm,Wallows,Are You Bored Yet? (feat. Clairo),0.682,0.683,-6.444,0.64,120.023,72
36YZKsGtyzblj9fGYKtR7H,Offset,Quarter Milli (feat. Gucci Mane),0.909,0.55,-7.795,0.189,130.036,72
5cadLqAgl7Y9zX3lRWdsPK,TOMORROW X TOGETHER,Cat & Dog,0.843,0.794,-3.013,0.319,160.001,72
44nlOJLjLqwNgYcT277V25,Bass Santana,Make Eem Run!,0.936,0.514,-8.908,0.812,129.997,72
2UP7KnRSvc4taXbjOoSX0f,ATEEZ,Say My Name,0.634,0.9,-2.614,0.623,152.968,71
3onYsieuDICdVt5ULZSExF,James Blake,Barefoot In The Park (feat. ROSALÍA),0.558,0.632,-8.339,0.519,161.764,71
7mW8ar9hy7GSeH4lohyOKs,BLACKPINK,Hope Not,0.484,0.423,-5.056,0.24,110.727,71
4swVflM7KtMxzfHBWqPv9S,Bring Me The Horizon,in the dark,0.535,0.768,-4.554,0.514,156.014,71
57QievAWQ13DWl20Obiz8E,Offset,Father Of 4 (feat. Big Rube),0.736,0.515,-7.739,0.421,149.977,71
7ICx8UXRmLzbLrORTVOM96,Christian Nodal,Nada Nuevo,0.64,0.466,-4.984,0.552,139.996,71
180WImKPbvdUrboKUov5f4,Lauren Jauregui,More Than That,0.595,0.442,-12.899,0.297,48.702,71
6HZLMsw7ZdObf3Jk7lKAMX,Dean Lewis,Stay Awake,0.727,0.797,-7.956,0.6,106.033,71
0aLG42zaidNkblhiQgJknP,TAEMIN,WANT,0.64,0.757,-5.532,0.413,104.943,71
71Hr2rAhEI92BSpFYbzNN7,Offset,Don't Lose Me,0.884,0.485,-7.146,0.149,125.006,71
5Lb1pjnll07UQKxNpnnGBy,Karol G,Punto G,0.787,0.751,-4.738,0.926,165.961,71
2xB64x7pRS8Qa9uuZktOnA,Bhad Bhabie,Babyface Savage (feat. Tory Lanez),0.907,0.557,-6.882,0.425,139.922,71
0yb28j15yuI99JlYQbSpo2,Lil Xan,Watch Me Fall,0.698,0.59,-5.572,0.113,69.978,71
60AUuYrFbCBnPvDfofMfVF,DJ Snake,SouthSide,0.571,0.94,-3.638,0.537,149.924,71
1JG8pJ7G8qJiy98DzCBL2E,grandson,Apologize,0.535,0.836,-5.593,0.443,85.005,71
5QkVPG2Hf3MmAarireF6lh,The Chainsmokers,Who Do You Love - R3HAB Remix,0.529,0.698,-6.87,0.357,142.012,71
1tBZnhDT8xbgJTs43FiqrD,Gerard Way,Hazy Shade of Winter (feat. Ray Toro),0.248,0.937,-5.121,0.142,149.796,71
5cE201rNvIkryS8N1dJ5nR,Carly Rae Jepsen,Now That I Found You,0.611,0.737,-5.154,0.574,124.169,71
3osDWQ4vLUMx55LdRhBoH7,blackbear,SWEAR TO GOD,0.782,0.495,-7.462,0.601,130.956,71
5n16dEoZ1OwdpqOIK13m1X,Knowmadic,Faces,0.615,0.424,-12.324,0.178,159.033,71
03CbQgFxnBFoaaVJTfEqMD,Bring Me The Horizon,medicine,0.615,0.858,-3.3,0.323,97.038,71
4DM3zxFlei14ZOyKFtEx5p,Carly Rae Jepsen,Party For One,0.685,0.638,-6.539,0.414,123.442,71
6V0PPYLaQ5fCAPftwIgpuN,Florence + The Machine,Moderation,0.64,0.653,-6.039,0.611,129.986,71
7nDdxPUC5LbxmspeqkOzt8,gnash,imagine if,0.907,0.452,-6.673,0.691,92.063,71
46VD9EYQ2lIZcJUTptvuNF,Vampire Weekend,This Life,0.62,0.712,-6.434,0.83,170.234,71
0ssuQPQd6TnV6eytB9DSkv,blackbear,HATE MY GUTS,0.774,0.428,-7.764,0.657,95.591,71
1djzKW3eYLyzjjHXazEWWh,Hozier,Movement,0.381,0.502,-5.505,0.147,144.3,71
4p9B4qDXJPces7es9phYpL,YoungBoy Never Broke Again,Kick Yo Door,0.758,0.697,-6.456,0.755,165.117,71
1dyxS3YzBbL0t8rEVwVQ1K,Blake Shelton,God's Country,0.538,0.752,-5.106,0.217,139.984,71
5g0XcG0apQTlO3X8r38vGf,Jake Owen,Down To The Honkytonk,0.623,0.828,-4.272,0.953,82.059,71
2lAUMDyWq80slJVsrYyD7N,Rich The Kid,Woah (feat. Miguel & Ty Dolla $ign),0.694,0.703,-5.342,0.241,94.993,71
2uev0LUP98t1npGu4GkaVT,Rich The Kid,4 Phones,0.919,0.528,-6.38,0.198,141.97,71
4k6hX9RKD096K1NCjjJZLc,Kehlani,Footsteps (feat. Musiq Soulchild),0.42,0.638,-4.212,0.478,88.546,71
1moShKo1RrxZ8PCrhSIf8Q,Cage The Elephant,Night Running,0.602,0.946,-2.298,0.58,141.925,71
5U3MWICGoIVVIR1N8CdCgd,YNW Melly,City Girls,0.631,0.688,-8.733,0.383,139.922,71
4LfoYkTuIPgJ2RlNkN5P5C,Kiana Ledé,EX - Remix,0.775,0.537,-6.978,0.403,73.484,71
3a1Zmq0P1E6W80x8EOcVNP,Quinn XCII,Tough (feat. Noah Kahan),0.729,0.57,-7.047,0.687,93.125,71
1unFtbwcAnSGgYPmp52vc0,Gunna,Wit It,0.868,0.657,-5.318,0.508,125.905,71
4gVX26KwlsIh9Uh7hKIRjp,YNW Melly,Butter Pecan - Bonus Track,0.808,0.524,-9.008,0.423,129.978,71
6PfI6EeLNiNGVAVg11nv7D,Gunna,Speed It Up,0.912,0.587,-7.395,0.435,143.027,71
40wyhIkaVvuZUAbAiTOkHI,2 Chainz,High Top Versace (feat. Young Thug),0.788,0.591,-4.838,0.247,152.071,71
4pCEIQ6wBVuaJdER5bALtO,Lil Uzi Vert,That's A Rack,0.852,0.432,-8.04,0.258,140.042,71
69fiYWZsqPB7BVhJJODKQJ,Maren Morris,A Song for Everything,0.578,0.569,-7.862,0.187,100.038,71
5JDwLHI2YUkFSFSn4g5pGd,Logic,Can I Kick It,0.789,0.774,-4.415,0.488,100.077,71
6SzCgkimMZ97h2GluSWSzd,James Barker Band,Keep It Simple,0.673,0.827,-3.162,0.947,126.073,71
2m1JKNrEQA37VibuKSMJEH,Jacquees,You (Remix) feat. Blueface - Remix,0.723,0.43,-9.08,0.332,114.94,71
4jE6bNf4AOUs4mxPe3Ye5e,Rich The Kid,World Is Yours 2 - Intro,0.851,0.715,-5.962,0.47,142.008,71
4TzXqUIcdpAmre24puQ6Uu,Offset,Tats On My Face,0.88,0.335,-8.742,0.213,140.061,71
2Zr4bgARgvIaayZf443t7B,Sia,Genius - Lil Wayne Remix,0.658,0.783,-3.381,0.745,159.049,70
3XVT8VNy0vpvTbFPQaBSZN,Lil Skies,Through The Motions,0.697,0.618,-8.468,0.247,161.964,70
3SMvKWD9uGhSpG31pfqdRZ,YoungBoy Never Broke Again,Gangsta Fever,0.687,0.554,-9.044,0.551,164.957,70
6sZUGkgvbNfd4rabcQ8Tj7,Rich The Kid,For Keeps (feat. YoungBoy Never Broke Again),0.648,0.648,-5.618,0.283,108.077,70
5eKWFYDP72IqdzmZLyu4d4,Intentional Vibes,Intention,0.0,0.0465,-27.899,0.0,0.0,70
6mbWdNBDGL4joR1EHRUZg1,Doja Cat,Tia Tamera (feat. Rico Nasty),0.814,0.675,-4.594,0.407,119.867,70
52AtuDhDYHavraoyirpylv,Ella Vos,Temporary,0.715,0.363,-8.265,0.347,87.017,70
4HfLQJtVT1KiX1eVedDyTm,Maggie Rogers,Alaska,0.847,0.386,-10.668,0.178,104.001,70
0MrLK6NEPoMbcb8R6q6itd,Lil Tjay,Leaked,0.759,0.613,-7.91,0.329,97.012,70
4KPRqt53xnT2Hs2rDGKiRu,Alex Couture,Dreaming Deeper,0.175,0.0236,-32.695,0.0373,122.538,70
2biNa12dMbHJrHVFRt8JyO,Yella Beezy,Bacc At It Again,0.948,0.623,-5.725,0.856,135.979,70
1Y9cAYTmyWJCcmfqdG2I29,Kelly Clarkson,Broken & Beautiful (from the movie UGLYDOLLS),0.73,0.732,-2.556,0.546,112.058,70
21Td7lpeuMOx1UNhUBySOc,Steven Goldmund,Drifting into Sleep,0.144,0.0611,-30.001,0.0679,79.352,70
5H14dJbhKeaU1ffTMmIGJi,Rannar Sillard,Observations From A Faraway Place,0.176,0.117,-22.34,0.142,76.125,70
3BvGcHKkSKRdkathkvvxRp,Abraham Vazquez,El De Las Dos Pistolas,0.614,0.793,-3.788,0.748,105.228,70
5YP6yKgGGsXKukqxXypVAf,Future,F&N,0.728,0.628,-4.766,0.393,160.94,70
4gLMgxa0xd3jPT64lcmpPR,Beast Coast,"Left Hand (feat. Joey Bada$$, Flatbush Zombies, The Underachievers, Kirk Knight, Nyck Caution, CJ Fly)",0.423,0.631,-7.64,0.246,78.706,70
3Mong1BzxMKwTZ0SbfLdcQ,Clean Bandit,Mama (feat. Ellie Goulding) - Tiësto’s Big Room Remix,0.684,0.95,-2.588,0.436,125.974,70
0GVBPuCT3pBrXCdY3Uiy5B,Marshmello,BIBA,0.66,0.962,0.366,0.492,127.885,70
4cTm3Ev9bUvy4ChJjB1nhl,Doja Cat,Juicy,0.77,0.697,-2.644,0.428,170.084,70
09g7JMQLhGPspMm1hfeqCc,Voyager,First Bridge,0.0777,0.083,-27.513,0.0394,175.335,70
5JivFvyCCaznVexlRLpZqK,Flume,High Beams,0.509,0.91,-4.514,0.515,129.906,70
7BEA0aIXF1nTvOK9zVcVkm,Arbour,Interstellar,0.621,0.157,-15.226,0.124,74.992,70
6pNeLrBdPEkUG3f1jbrMG9,Kane Brown,Lost in the Middle of Nowhere (feat. Becky G) (Spanish Remix),0.635,0.877,-4.056,0.873,172.058,70
3pq5dd3Hwg2uJ3d63v9YRx,Gunna,One Call,0.861,0.481,-7.309,0.188,146.992,70
42vD3VJBNhxLQ1SWmryw8C,Gunna,Cash War,0.94,0.455,-6.046,0.106,108.065,70
2rZfKyWzXoxQe2DBlvZ2sP,Backstreet Boys,No Place,0.716,0.533,-5.439,0.502,91.995,70
3kosv2SiE01oo3QxTDJUtb,X Ambassadors,BOOM,0.724,0.591,-5.696,0.633,107.944,70
3ihG28Sd7TNFsUQ7pu7f7P,Gus Cleese,Spaces,0.142,0.0435,-24.7,0.0348,141.552,70
1Du1gIiBziiR6SUx3gnSvr,2 Chainz,Money In The Way,0.79,0.793,-4.138,0.584,85.006,70
1s3ADRSddQ3Ca1GR0rsI8W,Tim McGraw,Thought About You,0.563,0.745,-4.753,0.28,121.015,70
0XIUYBQlVNG1c5vjSQKCYU,Joy Williams,Front Porch,0.567,0.224,-10.024,0.2,124.44,70
3c0uKKorZypy13KkO1u8AD,Becky G,LBD,0.874,0.584,-4.898,0.601,122.007,70
7akT9byQsktEwWGHyLeSPs,Foster The People,Style,0.59,0.906,-2.892,0.541,111.997,70
3t1XqbvvUtM3SHwf0qKQV0,Loote,85%,0.589,0.662,-7.403,0.405,140.088,70
0n0XAmYCMWlzj3W9VdMejw,Gerard Way,Happy Together (feat. Ray Toro),0.621,0.816,-4.077,0.716,122.032,70
0kDIirlQCy6YnmsK5pZ6PZ,Calvin Harris,I'm Not Alone - CamelPhat Remix,0.575,0.969,-6.741,0.0368,122.998,70
55EbjQa4Th0gmzKQdSnMrw,Tejal Yann,Atmosphere,0.193,0.0453,-26.219,0.119,67.675,70
76jICtPC51cXmetYVnOqHu,Thomas Rhett,That Old Truck,0.601,0.635,-7.248,0.629,93.466,70
1O01cSag3DaCGneWQgPBL4,Lil Pump,Drop Out,0.95,0.573,-6.31,0.549,120.032,70
2T6wyxLBkQ4Y2ZjTbpuYfr,Rannar Sillard,Dream Voucher,0.302,0.101,-19.705,0.213,106.904,70
2napy7uG4RI74SoyKJVGl5,bbno$,nursery,0.926,0.553,-8.053,0.83,104.98,70
5bWYPkdp7tPbp1dhE9AX43,Gunna,Yao Ming,0.938,0.504,-6.414,0.586,139.976,70
4HGLNErVXyaDEjHvk3cL5B,BLACKPINK,DDU-DU DDU-DU - Remix,0.691,0.904,-6.167,0.703,145.034,70
5jhYykolbcG1T9wZSyvhp5,LOOΠΔ,Butterfly,0.582,0.866,-4.139,0.351,107.021,70
0RO3tjH2cfyoGHLynijFcc,Florida Georgia Line,Women,0.368,0.592,-4.317,0.451,117.988,70
3EludUFeAoJAwSixWGG5Wg,Luh Kel,Wrong,0.745,0.728,-3.39,0.39,120.099,70
7BCq3pUvTqJMvBzUmhcexK,Blueface,Thotiana (REMIX feat. YG),0.92,0.683,-4.997,0.716,104.079,70
0L1Wwj6636oMkD6BkDq3JK,Rich The Kid,Rockets (feat. Takeoff & Lil Pump),0.714,0.589,-5.502,0.295,157.954,70
49ImM4CYsEL5KG1hzUaCzq,Lil Skies,Mansion,0.71,0.796,-6.365,0.733,159.951,70
1X5F8qFnvUe4sYmIqowEkB,Offset,Came A Long Way,0.807,0.774,-5.021,0.279,100.005,70
54GASuUdLbhhdyECNUp3Pb,Conan Gray,The King,0.643,0.716,-6.733,0.854,81.027,70
3k9vMJ09zyVP3N2pi8Yzj0,Wiz Khalifa,Alright (feat. Trippie Redd & Preme),0.708,0.661,-5.028,0.293,155.962,70
7yvdp8dqmxExSJwT2fn6Xq,Solange,Binz,0.863,0.625,-6.323,0.456,83.98,70
0deHsjyrgcKGMZzIuvawq3,Solange,Dreams,0.661,0.368,-7.342,0.211,112.891,70
0YxrPdW9NpNFtqh7Fw0rva,Bethel Music,Raise a Hallelujah (Live),0.452,0.866,-4.431,0.291,81.972,70
2NlsAcYlLgkDhnhA9Sx6HA,Offset,On Fleek (feat. Quavo),0.872,0.472,-8.217,0.255,130.985,70
6NwhtCYkfwWlcR62Ac4E7y,Drake,Successful (feat. Trey Songz & Lil Wayne),0.562,0.544,-5.065,0.231,159.517,70
1EGrDTfEuAiRzRdxlblpET,Kehlani,RPG (feat. 6lack),0.758,0.534,-7.368,0.719,132.94,70
15Y949TGjUppdT78h0S49P,XXXTENTACION,Gassed Up!,0.843,0.56,-6.122,0.477,130.032,70
7egj375ez0KtF3bYCfAHdZ,ILLENIUM,Crashing (feat. Bahari),0.582,0.681,-6.138,0.273,95.995,70
7vkL4wrBEmzr1wsiWRd1zO,Offset,Made Men,0.922,0.673,-6.416,0.702,133.998,70
3OGGzDmPU14szwANX5tbbn,Gunna,Out The Hood,0.84,0.427,-9.777,0.445,147.931,70
0iIUmsrVL2sgGnX33oDsC7,NAV,To My Grave,0.801,0.636,-5.444,0.21,146.137,69
1jiU6aaNmohuneyoEO0BsM,Lil AK,LANES,0.861,0.672,-5.948,0.692,103.979,69
2BTH9RKzclcO36gS09cLjy,Lil Skies,No Rainy Days,0.588,0.658,-7.604,0.526,163.992,69
2BaykZ7vUYBDqseFexHhtQ,Juicy J,Let Me See (feat. Kevin Gates & Lil Skies),0.871,0.798,-3.775,0.527,140.049,69
0mOp9tWdCRHfYwwVaO8ezw,Gunna,Derek Fisher (feat. Lil Baby),0.759,0.562,-6.228,0.706,145.139,69
0iVWDZhL04DiKgbI1mbC40,NAV,Taking Chances,0.851,0.589,-5.077,0.673,143.943,69
6FV7RivrHzOwu6SkLRRYmY,Hopsin,You Should've Known,0.766,0.525,-10.217,0.324,137.077,69
2tOOcDDYkh0PSjr6GwPEAJ,MAX,Love Me Less (feat. Quinn XCII),0.732,0.856,-2.2,0.771,145.034,69
3OjNkFFZavF89xvRqWCXmU,Cody Johnson,On My Way to You,0.443,0.538,-5.477,0.245,157.97,69
46SWSNRB3oAAOu21Apj22z,Mac DeMarco,Nobody,0.877,0.178,-13.987,0.442,74.997,69
3ZPKocroJIcnHGcnJVlLKD,Weezer,Africa,0.534,0.784,-3.59,0.6,92.147,69
7cSJqE5ZUqtqy7is4A3qLn,COIN,I Want It All,0.269,0.911,-4.503,0.681,169.396,69
6hypt8VPJxeMXTTcRUHS86,The Score,Glory,0.564,0.613,-5.055,0.48,84.951,69
61I4iLWIWmmx7knqM6f5HL,Tejal Yann,Newborn Soul,0.108,0.0718,-30.997,0.173,70.314,69
6OIJcRL2yycLyIbzrwOUty,Casanova,2AM (feat. Tory Lanez & Davido),0.767,0.69,-5.667,0.602,99.842,69
5ThoPhPJPn36Wiap2LHon5,blackbear,HIGH1X,0.852,0.384,-8.493,0.477,98.517,69
2GFwwTIVLjnOrtP7m9luHC,I Prevail,Hurricane,0.389,0.885,-5.063,0.187,164.989,69
3H92VwBbuWN5O3X1tVjAyx,Ciara,Thinkin Bout You,0.893,0.73,-4.375,0.819,106.988,69
3QLjDkgLh9AOEHlhQtDuhs,Drake,Best I Ever Had,0.395,0.922,-2.176,0.558,162.361,69
5qD3Qv8Wu3r5uRD0DahcZy,I Prevail,Bow Down,0.426,0.959,-4.95,0.372,155.01,69
19czqg2sES22uiWenXX9dk,Peter Manos,You Don't Know Me,0.742,0.362,-11.661,0.331,123.986,69
3CPP2MBrbPXH9FOaSTTyuO,Empty Space,Paranormal,0.245,0.172,-24.664,0.0646,140.399,69
4Hi4e6G8gvKgbYujB3J4yX,Logic,Pretty Young Girl,0.641,0.637,-6.967,0.394,95.051,69
1DyErR1XiKOI0K9VYHGekf,Ski Mask The Slump God,He Diddy!,0.885,0.408,-12.923,0.263,129.894,69
1Spmq0UazGU6ovMIlGldZX,Avril Lavigne,Dumb Blonde (feat. Nicki Minaj),0.727,0.852,-4.682,0.922,110.017,69
6RMjZgsE9IcQZqubTzLtDs,Steve Mokwebe,It Ends with Us,0.326,0.00891,-24.103,0.299,69.79,69
4WznHDEzfBcZOVFFNkDUBt,Lil Durk,No Label,0.766,0.478,-8.287,0.303,99.857,69
6hR9oWhCZcH5Pgp8hwOjsT,Trey Songz,Jill (Sumn Real),0.337,0.461,-9.195,0.354,85.419,69
3VRxFM7wiJYKNHvouPZhaH,Bazanji,2019,0.597,0.881,-5.23,0.295,147.042,69
5X4c1AVbFfl8u36AE5QLCI,Lil Pump,Butterfly Doors,0.925,0.397,-11.265,0.429,130.008,69
65wtqxbrddRQEArvqfihed,MARINA,To Be Human,0.671,0.446,-4.727,0.274,96.022,69
5in02YJDTkdfKDQjfsvxYp,Hozier,To Noise Making (Sing),0.619,0.556,-7.687,0.566,99.39,69
5RsoKNOQIbRKfqjaPzyWfE,Quadeca,Uh Huh!,0.683,0.716,-7.597,0.496,155.692,69
3qhOjLeh6HePtsDhtxGpuR,Noah Kahan,Mess,0.576,0.85,-3.989,0.542,81.996,69
7cPO2IPraPDlGIguekShlV,Flume,Jewel,0.464,0.496,-6.688,0.0803,113.317,69
2QlPMIhutG3WHV26Eza8u9,Rosie Carney,Thousand (feat. Lisa Hannigan),0.676,0.198,-13.91,0.125,118.004,69
4XEXrp37kZXpQTB2r5vWbS,Romeo Santos,Canalla,0.878,0.875,-1.457,0.902,130.027,69
2Fr62Hoy2F3A0OfMPa7gxK,Rich The Kid,Wrong Thing (feat. NAV),0.915,0.723,-5.162,0.676,90.006,69
4MqLcVZJ2YKtyXs12NMTp4,Sabrina Carpenter,Pushing 20,0.633,0.814,-2.876,0.623,150.789,69
0aSW5EMeNnQSMJQ8QN3zIW,Kehlani,Too Deep,0.516,0.638,-6.673,0.642,180.216,69
0VeoSHlgashtg5JYPJjl15,The Score,Stronger,0.267,0.67,-4.688,0.114,191.883,69
6P6dKUam0DXUnhx4EUGciZ,Eric Bellinger,Type a Way (feat. Chris Brown & OG Parker),0.777,0.545,-5.009,0.68,75.01,69
4jM3c9KLTO9iZPm9A7neiL,Kehlani,Love Language,0.582,0.586,-4.369,0.698,89.599,69
3D4uUFRoYDFHbkQlTKL2Om,Maggie Rogers,Give A Little,0.618,0.695,-5.415,0.766,199.95,69
4xyhmhurbsNC0cYaAgAxt1,NAV,Amazing (feat. Future),0.832,0.581,-6.174,0.44,160.032,69
56lQI55srtE2glxdPffDLT,Lil Pump,Racks on Racks,0.822,0.484,-7.166,0.0934,150.061,69
6SL7KzIA96f0HiKjuv7tED,Quinn XCII,U & Us,0.605,0.73,-7.871,0.263,130.025,69
2hcohLIysMxofYziluXCoX,Drake,Ignant Shit (feat. Lil Wayne),0.591,0.846,-3.687,0.121,94.795,69
3QLvGx3PNgsyIjJOyIcuGh,Gunna,Big Shot,0.82,0.551,-6.144,0.328,156.983,69
1VxXvgu6BhUg3PdTOoTTvv,Rich The Kid,Racks Today,0.859,0.574,-4.013,0.303,75.023,69
0JaVdpmiex2EP7bBzyKVTa,Drake,November 18th,0.749,0.476,-11.147,0.534,71.937,69
1v24T2ug4TlssYZvI3aL4O,Drake,Lust For Life,0.462,0.422,-10.381,0.0853,87.364,69
3hhmDGfhXLkQnAlOBSte0w,Logic,Time Machine,0.555,0.464,-6.438,0.201,128.937,69
6e0CvGZf7CouOpYF8toXHC,Loud Luxury,Body On My,0.744,0.726,-4.675,0.687,121.985,69
5Xq7KPZSONkhHx6DFTAbTz,AJ Mitchell,All My Friends,0.62,0.64,-5.285,0.445,90.032,69
05u5qeM36BBjaF9lsOyar2,Joyner Lucas,Just Let Go,0.645,0.698,-6.525,0.5,139.867,69
0ZxY3V9miXeKIeKS3hgjCI,Lil Skies,Highs and Lows,0.819,0.756,-6.962,0.36,109.996,69
0Sceq3bQBTB70SJwAZm9Nu,Logic,I'm Probably Gonna Rock Your World,0.73,0.552,-8.365,0.758,173.981,68
6NmBxhsmVjv0PMgh8aJhuw,Pink Sweat$,Coke & Henny Pt. 2,0.806,0.289,-9.853,0.457,89.958,68
1soECbw2IFdWt5W8Rb4uG7,Romeo Santos,Payasos,0.855,0.698,-4.511,0.906,124.057,68
1ZB2qWsheGabSEYvBYxjKn,Weezer,Take On Me,0.441,0.762,-3.857,0.743,167.964,68
4JIPyaaceaEZtOJAWmzBzF,Tyla Yaweh,Salute (feat. French Montana),0.768,0.729,-4.079,0.588,152.038,68
06S7iIXT8ZVAcVK6l1iXvx,Gunna,Idk Why,0.555,0.532,-8.191,0.296,97.26,68
56Rmib5mhCfiaSJqhLgEdW,H.E.R.,Hard Place - Single Version,0.611,0.769,-4.044,0.414,160.014,68
3lVPtkNFoIyPPGVdNri4VH,Brooks & Dunn,Neon Moon - with Kacey Musgraves,0.645,0.552,-7.623,0.214,102.881,68
3TT0S61x8x2IFUn8lnqjq9,Momento,Visions of Sleep and Beyond,0.214,0.0667,-25.204,0.0473,71.877,68
0QFvybNsiwupz72jpQWxKn,John Gurney,That's How You Got It,0.673,0.683,-4.224,0.824,89.984,68
1PEbZAKVXlrABYuzZpBypd,Naturally Recurring,Stage Three,0.158,0.0529,-30.9,0.0399,133.652,68
407bMQYO7pKNipPaB5DanI,Lele Pons,Bloqueo,0.891,0.72,-4.585,0.696,97.015,68
3ohXKHyHxxuXo8UsRL3h17,Lenin Ramírez,Hierba de Receta,0.666,0.715,-5.311,0.736,115.874,68
6WsgELUOvr9rf3XWolZYjc,Henry Jamison,Ether Garden,0.603,0.197,-15.243,0.375,98.995,68
3mhLnZNg2efKBLPxH5xaKr,T-Pain,Getcha Roll on (feat. Tory Lanez),0.71,0.695,-4.458,0.642,171.141,68
3zRgdfwiFzHeDq4VYOpYpk,SomeThingElseyt,I'm Something Else,0.733,0.557,-9.672,0.331,92.941,68
3XLSlQLJf3Ut0zvMUxnF1h,Drake,Houstatlantavegas,0.683,0.695,-6.798,0.406,135.337,68
6tFWMs2FJMi4loy4XlR8bz,Cooliecut,Nothing,0.722,0.654,-7.115,0.55,119.93,68
654BH5npNnfbFZyHD4c2RC,A R I Z O N A,Find Someone,0.788,0.685,-5.874,0.599,124.001,68
32s2Dn9EVvO2f85MrpRoBV,Kehlani,Butterfly,0.583,0.345,-8.044,0.701,79.107,68
6e6xf3BuRf9o7pz1koO4ku,Momento,In Her Temple,0.196,0.168,-25.875,0.0378,68.745,68
1taKClbaJhl9FXdtM4hNBe,Offset,After Dark,0.8,0.696,-7.004,0.189,100.003,68
0ZFeVCKCMCXUQ1TKVd2azW,Pentatonix,The Sound of Silence,0.439,0.43,-7.432,0.26,90.99,68
72XxzjvIBR0TKljL0ETcGQ,Ryan Trey,Nowhere To Run,0.721,0.645,-5.577,0.718,183.372,68
4RsLvd1zrcEiyXZmTU3E27,Rich The Kid,Ring Ring (feat. Vory),0.621,0.616,-6.333,0.429,143.969,68
0PWnTLrryhbYaRSGF6CsHf,Lil Pump,ION (feat. Smokepurpp),0.899,0.593,-7.143,0.904,155.881,68
6KhZZFUgJZhDLjom4kkHwF,Naturally Recurring,Stage One,0.235,0.0282,-33.656,0.192,121.39,68
5NeHvs8ClxMHtqv8DHEK1X,PRETTYMUCH,Blind,0.448,0.761,-4.741,0.333,149.687,68
5OBtr92M0xsvOGqpnz3LzW,Dustin Lynch,Ridin' Roads,0.547,0.817,-4.255,0.592,142.118,68
07dIxNWwFGWwPrYuMypE2z,Empty Space,Whisperer,0.153,0.165,-18.633,0.0339,135.468,68
6f6xUMBUrXYK3JrlXXCm3R,2 Chainz,Forgiven (feat. Marsha Ambrosius),0.491,0.523,-9.417,0.243,73.79,68
083PU4XnYAOMAGVruma3vb,Hozier,Shrike,0.506,0.275,-8.464,0.0639,153.769,68
3zVibdZHsVH05p5Crux6xX,Romeo Santos,La Demanda,0.865,0.712,-4.519,0.951,122.021,68
19CWeHbg3Z9XJH4Uzdk6tf,NAV,Vicodin,0.759,0.537,-5.865,0.299,160.951,68
0kas95RruYRVqrOb07rgkh,Kehlani,Morning Glory,0.589,0.833,-4.494,0.653,172.037,68
5PFfxZ9WezcE8JiUWLsyus,NAV,Hold Your Breath (feat. Gunna),0.825,0.682,-5.197,0.5,146.129,68
2TcvA5WlWyZdLMdQrX05LG,Allana Johnson,Breathing Star,0.157,0.163,-23.56,0.104,86.352,68
4m21W5fWeVx63he1dNgGlM,NAV,Ralo,0.863,0.485,-8.44,0.518,145.945,68
696Y3Jx3k4Rjsw8gm2q4l4,Ellie Goulding,Close To Me - Red Velvet Remix,0.593,0.686,-6.58,0.453,143.986,68
6cG99KcHVOlmQOiYcu6cjb,The Head and the Heart,Missed Connection,0.669,0.789,-5.134,0.543,87.57,68
2Pph0CUJ8uksCBzV6iyuQF,Blake Rose,Lost,0.595,0.687,-6.536,0.508,94.73,68
7AXoX6HdYwf52e8i8XffOI,Polo G,Battle Cry,0.743,0.59,-7.788,0.346,150.021,68
79Dpa6xXRNsXzMueN8BvAg,Gunna,On A Mountain,0.787,0.552,-7.676,0.21,81.987,68
6oHalJC4hM1cS4tt6fhzLH,NAV,Go To Hell,0.783,0.634,-5.279,0.359,171.997,68
4NQNuItFMPClEJNCceGdF3,Logic,Baby,0.682,0.755,-4.436,0.197,95.998,68
5BoDFGTXZ8j5muc6Sb2jMz,Still Woozy,Lava,0.623,0.615,-10.064,0.672,169.137,68
1zfFle2YCXuUFXlAAZ4QOS,Mötley Crüe,The Dirt (Est. 1981) [feat. Machine Gun Kelly],0.432,0.828,-5.769,0.367,166.035,68
1KAObz8ZfyuMj4YTxHIrfA,NAV,Tussin (feat. Young Thug),0.662,0.503,-6.701,0.315,162.918,68
29lG0RlQXa6Fms3DXs1TIT,Bazzi,Caught In The Fire,0.728,0.705,-5.81,0.308,165.002,68
4SpQDJz1JiRT2mHxvyqN9K,Apink,%%(Eung Eung),0.647,0.855,-2.944,0.683,144.867,68
4m2n0xzP9VnaQnhim9aYCD,Rich The Kid,Slide,0.792,0.648,-6.106,0.372,75.956,68
0dcKsPZVWa64MvnoCes49q,The National,Light Years,0.544,0.316,-11.666,0.173,124.989,68
6C3MGasn7adPXHlE1z4NbV,Lost Kings,FU4E,0.794,0.644,-5.522,0.788,146.032,68
5cJBMRBaLTxrT02SSaoPJO,Logic,Supermarket,0.682,0.574,-5.92,0.366,89.991,68
4byXh93siQtzKLdjKuJaAF,Hozier,No Plan,0.456,0.75,-4.609,0.564,80.019,68
5R2pz8i4k4bvRAqiIFXzKz,Future,Faceshot,0.802,0.833,-4.234,0.132,165.97,68
0BDDB65zAWJ1nQYyIgnZcj,NAV,Snap,0.766,0.359,-9.491,0.202,172.0,68
7HNhyjMiTMDDDJixTS0yn0,Ugly God,Hello (feat. Lil Pump),0.926,0.519,-3.723,0.361,142.096,68
4bE3cBcwAe7T5SklvbkiYZ,I Prevail,Breaking Down,0.503,0.568,-7.182,0.0705,126.935,68
0q7LGcVSpsIoSbjChtZ8lI,Drake,Uptown (feat. Bun B & Lil Wayne),0.416,0.824,-3.075,0.417,85.433,68
2AoyIsLRZQ0UhedzzhnbKz,The Lumineers,Gloria,0.523,0.714,-6.021,0.659,78.211,68
5TTLIG6IKMMcLR3iLYHHYb,2 Chainz,"2 Dollar Bill (feat. Lil Wayne, E-40)",0.852,0.739,-4.692,0.668,101.019,68
4kgZoTVXtWLcDgs0M5Coiz,Fuerza Regida,El Dinero Los Cambio,0.749,0.73,-3.096,0.958,115.438,68
7l6LAnuiX2o48fwUQIhDNv,NAV,Tension,0.744,0.518,-7.592,0.339,141.971,68
59VNspSnCfoeGyNTGcSgsh,Aminé,BLACKJACK (feat. YBN Cordae) - Remix,0.959,0.583,-6.064,0.887,130.979,67
3UebVboi5nMHLgja4UrZaG,Boogie,Silent Ride,0.676,0.619,-6.89,0.309,96.045,67
1wX1DO1MBKec6DeWpTe6fM,YNW Melly,Rolling Loud,0.764,0.474,-9.09,0.151,132.005,67
5icbZiF6lcuEORG0UzMsS2,I Prevail,Every Time You Leave,0.473,0.749,-5.047,0.167,150.022,67
4Mh7CPtUTbF72KSFxlUn13,NAV,Rack In My Sleep (feat. 88GLAM),0.832,0.645,-5.065,0.203,145.109,67
0QorFiIXq63UHjwub6K8uF,88GLAM,Lil Boat (feat. Lil Yachty) - Remix,0.787,0.691,-4.261,0.573,150.07,67
1EFPehJv13my9zvLFzGE8Z,Flume,Ecdysis,0.541,0.739,-6.198,0.212,118.903,67
47cElLEwnbplOSL5iHeu4o,GRAVEDGR,KAMIKAZE,0.744,0.801,-5.161,0.198,140.07,67
03Q1Tz2OxlA3sRrbXxmG3V,NAV,Why You Crying Mama,0.74,0.454,-7.521,0.412,76.507,67
2WOxBv9WElDqB0opEAbCC4,XXXTENTACION,Touch Eem Body,0.726,0.419,-11.895,0.0644,129.786,67
4eCyLaMgnZkgWJnFuXJgV8,Steven Goldmund,Accomplishment,0.129,0.136,-22.947,0.0333,177.075,67
37zuIvk4KBkAxxLJsxJaHq,Hozier,Would That I,0.521,0.526,-6.032,0.502,130.694,67
2jVLwzrzKVhcI8UmVonVas,Solange,Way to the Show,0.594,0.71,-4.058,0.558,80.095,67
63wj9nAxfTgNSOh4szh24w,NLE Choppa,I Don't Need No Help,0.792,0.75,-4.359,0.593,164.948,67
2jXpiTuwwWbCSvpkKwCfwc,2 Chainz,NCAA,0.839,0.641,-5.837,0.462,120.037,67
6cZ7aS2UC3hfUyqJhwHb4G,Summer Walker,Grave,0.653,0.468,-12.101,0.199,96.931,67
2by0pYpb2dx0pbEkP4T4ve,Russ,Missin You Crazy - Acoustic,0.686,0.276,-12.85,0.681,131.854,67
4XzgjxGKqULifVf7mnDIQK,Olivia O'Brien,Love Myself,0.653,0.621,-5.721,0.466,100.006,67
0uY8iUh4kIITAKwz3zCEWI,JTres,El 7 De Fontana,0.75,0.632,-5.428,0.968,115.632,67
4L9l5x0WuzNtyEBeqzvgPE,Maggie Rogers,Overnight,0.479,0.667,-5.429,0.734,177.958,67
1vf9F2n3KbuMQrTq36QLJH,Offset,Underrated,0.941,0.501,-8.337,0.412,105.965,67
7dENhnDxTHnzGtpMrsJ72w,I Prevail,Paranoid,0.558,0.793,-6.861,0.457,75.999,67
6M8qU2rDpeRQLE88DF2xtq,Broods,Peach,0.688,0.738,-4.831,0.251,111.013,67
1Ttu4TYbFIXYDFzOgfVedO,Flume,How To Build A Relationship,0.765,0.814,-3.399,0.628,103.023,67
5vSH6QgQ4WYVf99LASBSXi,Logic,By The Bridge,0.575,0.696,-4.687,0.282,175.993,67
7xyiNzgTaaohnXHjKO4TXp,2 Chainz,Statute Of Limitations,0.834,0.526,-5.209,0.259,179.945,67
2h8szyWmfavIbiWm0KWpB0,Florida Georgia Line,Can’t Hide Red,0.514,0.864,-3.246,0.471,94.927,67
0jF4xsiVd8AQoIEUmn7KLt,Solange,Things I Imagined,0.391,0.192,-11.243,0.039,75.535,67
4FDSPGncHRpr6yB8DD4CtI,Drake,Let’s Call It Off (feat. Peter Bjorn and John),0.79,0.731,-4.607,0.938,127.403,67
4HfaOznGhHYWqPtpLYz2PB,Future,Rocket Ship,0.953,0.38,-4.941,0.128,133.941,67
3803fF96TYnzkSMA0M0L5H,Solange,Down With the Clique,0.664,0.459,-7.335,0.356,99.765,67
6KjTXwntv8paBCL3El9TnV,Above & Beyond,Sahara Love - Seven Lions Remix,0.275,0.659,-5.631,0.149,144.908,67
7ze7X8r4fopBs9ZRtwYFOX,Local Natives,When Am I Gonna Lose You,0.452,0.834,-4.657,0.514,142.088,67
6SIR9Zx1I9VaFDPj99z9JW,EARTHGANG,Proud Of U (feat. Young Thug),0.775,0.516,-5.924,0.419,78.022,67
1aSd69BNiOKdT1AUJzsNhN,Melii,Slow For Me (feat. Tory Lanez),0.723,0.789,-6.819,0.446,99.908,67
524wvipGqxPKYWxkjf9y46,Drake,Little Bit (feat. Lykke Li),0.758,0.888,-4.899,0.771,120.392,67
41quh2FVZsAoj1LqqLEpTj,Mallrat,Nobody's Home,0.623,0.643,-5.478,0.535,111.01,67
43eGOMROgyl9EhKHBMgtim,Comethazine,HIPPOPOTAMUS,0.805,0.778,-6.279,0.969,139.828,67
1HYnjKqSSHh1tdl2Hi57zH,Hozier,"Wasteland, Baby!",0.427,0.407,-9.665,0.244,168.844,67
00BNT97AtJ5aB8SSsE5xGH,2 Chainz,Threat 2 Society,0.617,0.779,-5.084,0.887,83.332,67
4zMmqb0pYwX6b0qc0slCoT,Tierra Whack,Only Child,0.826,0.365,-7.024,0.802,85.244,67
6B4KWBeFdHrpVezjTqggWr,DaBaby,Taking It Out,0.802,0.738,-5.287,0.484,151.07,67
5tCtCqWcXBf7eoIunSxlO8,Hozier,Dinner & Diatribes,0.499,0.769,-5.576,0.333,110.835,67
1C4bLgUJIKJroNvSU0hz1R,SwuM,The Dream,0.637,0.571,-11.867,0.286,149.79,67
0Xen6Y4p2soxvsUTlF0IUn,Maren Morris,Common (feat. Brandi Carlile),0.46,0.737,-5.332,0.382,104.715,67
69WkwzVjQS4Dc8QQtpz0qM,Hozier,Nobody,0.677,0.833,-4.997,0.631,90.997,67
1AGPmw3QJBNfOK6XioDhZp,Future,Never Stop,0.571,0.556,-5.857,0.0762,155.465,67
0zVDNjVPGARqeYN7tOHd9C,NAV,I'm Ready,0.829,0.719,-5.843,0.62,156.054,67
5whINh6eBXl8JgI9Cv4KPK,Randy Houser,Our Hearts (feat. Lucie Silvas),0.651,0.704,-6.458,0.417,136.001,67
7CmU7JYRrW3AVko82AnZgo,Logic,Lemon Drop,0.888,0.783,-7.337,0.77,114.969,67
6PyZGb1rB7oLKCICWTmGYa,Maggie Rogers,Say It,0.557,0.496,-7.184,0.248,84.912,67
2kcc5humLS6PKOI9rwvXex,Romeo Santos,El Beso Que No Le Di,0.899,0.725,-3.831,0.961,128.034,67
0pB0CN0dxKKmZghn4gpLhj,Romeo Santos,Millonario,0.891,0.665,-4.186,0.928,125.013,67
4m6WLZKQduuQLd9wvQjOZl,Rockie Fresh,Must Be,0.709,0.77,-4.216,0.463,138.939,67
1sm2qd1FVq2EzPoqXVNLod,Lamb & Mountain,Core,0.258,0.142,-19.058,0.0324,112.677,67
4BBwTC4qpcMrU6d438Up1x,Witt Lowry,HURT,0.692,0.729,-8.261,0.327,129.896,67
2GN8HCRiu9mjeWwNN33Xb4,Rich The Kid,Racks Out,0.895,0.604,-7.213,0.305,93.978,67
2s8w7n22U328L6Pdfwdodg,Logic,I Love You Forever,0.467,0.658,-6.145,0.245,147.903,66
0lZk8fjx0u7hRwEgs7sOKW,Lil Pump,Stripper Name (feat. YG and 2 Chainz),0.938,0.433,-8.156,0.642,99.988,66
1pGcfOz4p1Ds35ICL0lX5k,NAV,Dior Runners,0.856,0.796,-5.322,0.448,162.053,66
13PEyIxcQk8iqLHYLjWXfi,Ariana Grande,7 rings,0.78,0.318,-10.768,0.323,139.982,66
0F7FlaQBiyNkV8iakTocsW,Future,Stick to the Models,0.813,0.543,-6.555,0.165,137.986,66
4cbF3gEX2IZfvt58zQXqvN,2 Chainz,Girl's Best Friend (feat. Ty Dolla $ign),0.898,0.428,-7.465,0.501,99.997,66
2eLPcyGhaTXQBwby9Ey8lG,gnash,t-shirt,0.623,0.526,-8.454,0.577,159.945,66
45of8inTeSajYwPmTzHRRa,Jaden,Watch Me - Remix,0.72,0.895,-1.047,0.407,130.009,66
6Pg3lOfFt49w6mNmmvzJB2,Pink Sweat$,Body Aint Me,0.492,0.173,-11.24,0.336,125.058,66
6hYvw3LLTViP2mT4MpDNmT,Ben Platt,Grow As We Go,0.458,0.137,-14.083,0.437,80.824,66
6ZDQdAeTYt13V67K7LJXDv,Solange,Jerrod,0.409,0.253,-9.88,0.218,114.023,66
4o8Rk1YzdkTxsSEXd3YhAK,Solange,Sound of Rain,0.8,0.526,-6.403,0.454,120.0,66
6kYQKOP3EPbeprB0PEEubB,Ari Lennox,Shea Butter Baby (with J. Cole),0.702,0.614,-4.385,0.047,155.173,66
6Y2DPBV2uBBfqQOPZnW3LD,Grizfolk,Spoonful,0.589,0.665,-6.752,0.462,126.877,66
3EqHFfCSbX4Z1pX8JQ0c0r,MISSIO,I See You,0.461,0.766,-6.875,0.399,169.957,66
0dySWj8I51qHOleWCFAX5g,bbno$,doubles,0.878,0.706,-6.828,0.465,132.027,66
0GDlfD2tm6pejevucQT8IN,H.1,Nothing changes: everything is different,0.573,0.177,-18.774,0.312,130.187,66
37bWNUTzhM1DvYyOEXY0rC,Intentional Vibes,...There You Are!,0.0797,0.032,-28.533,0.0715,62.399,66
0ijkEO0FxiNofOkQc6aNUo,Melii,HML (feat. A Boogie Wit da Hoodie),0.584,0.711,-4.648,0.338,100.257,66
1Kg99KJWHMNn0IgnEwvWR0,NAV,OK (feat. Lil Durk),0.796,0.637,-6.102,0.403,80.011,66
6kRvtllePaPrrvftGsi9MS,Hardwell,I'm Not Sorry,0.649,0.82,-3.812,0.349,128.096,66
73thBYypIRDkDz9Fw1kgCN,Bethel Music,Stand in Your Love (Live),0.426,0.829,-4.075,0.524,144.834,66
2S8sebSU3YRqFdD7IZw7le,Solange,My Skin My Logo,0.724,0.292,-8.512,0.524,81.409,66
6l82XaHZyodfRvNo85Pdqr,Solange,Time (is),0.493,0.159,-11.048,0.38,116.074,66
6z2O61TBA5HOsVyBesIwWs,Dillon Francis,Change Your Mind,0.719,0.836,-4.843,0.538,100.008,66
6Q1m1GyNxyOwZ2ud3p7XoS,I Prevail,Gasoline,0.546,0.945,-4.399,0.545,135.128,66
6QyBWey7P8ILuhS5RO7xYe,I Prevail,Rise Above It,0.561,0.786,-6.99,0.0907,140.017,66
3R9RSIkgkZXrIgmBHGemlV,Lizzo,Boys,0.892,0.588,-4.287,0.753,120.042,66
6SP30VdncYypcHkkzgbqZb,ILLENIUM,Pray (feat. Kameron Alexander),0.487,0.693,-4.05,0.29,145.937,66
35Rbqn962gEydsN1VKOC3T,Boogie,Soho (feat. JID),0.792,0.603,-7.216,0.515,137.088,66
2U3LJfQB0ALLxC7Yy0QW7l,Future,Unicorn Purp (feat. Young Thug & Gunna),0.833,0.761,-4.905,0.377,134.047,66
6ctlpLPyLH3R1V16fxoOWE,Hozier,Talk,0.397,0.538,-6.503,0.247,154.342,66
74mGikI3P484sQAFSnjNuV,Maren Morris,The Feels,0.694,0.788,-5.33,0.903,96.981,66
7kVNc3Mpzc9iOjqnai93E3,NAV,8 To A 4,0.805,0.561,-6.546,0.569,162.047,66
4rcSvYi807urIIqfeX3tBo,Hozier,Nina Cried Power (feat. Mavis Staples),0.365,0.875,-3.228,0.655,98.708,66
3vmsnZF4KPLjbDgZEqwTdL,Quinn XCII,Life Must Go On,0.715,0.551,-6.486,0.528,90.924,66
1OfEfwXp9IKC5qRTtiGUWg,George Strait,Every Little Honky Tonk Bar,0.66,0.83,-5.099,0.856,122.079,66
4xEHlCgoKd4RdrS79OPn9y,Hozier,As It Was,0.398,0.154,-11.395,0.155,173.589,66
5eWxOg6tDkf5tJagNuVSbo,Maren Morris,All My Favorite People (feat. Brothers Osborne),0.534,0.919,-4.0,0.554,83.95,66
5lEBksW3vntnNLDr2f5QUv,Quinn XCII,Holding Hands (feat. Elohim),0.67,0.451,-9.59,0.398,155.98,66
6mNqjI8t57Iwaz21IS7cl0,Tom Petty,Runnin' Down A Dream,0.471,0.956,-6.371,0.715,169.798,66
2jKIBHSsUaF3cPCcGbR56U,Gabby Barrett,I Hope,0.574,0.537,-6.226,0.382,74.997,66
4zvvvHm0b5CBl37tocxm7n,Hozier,Sunlight,0.464,0.559,-4.209,0.368,115.349,66
6voi5xnLs9JKmWG2oLmgDU,Chris Young,Raised on Country,0.572,0.794,-3.224,0.79,148.095,66
6001xXfECxjyKrrbbRF0Vl,Saweetie,Tip Toes (feat. Quavo),0.911,0.636,-6.202,0.431,88.956,66
1H4pOx4uI7BdxM2RL3D99f,Quin Nfn,Talkin' My Shit,0.951,0.322,-13.615,0.366,126.01,66
0Ek0FqiDPgg1kZlF3lwlEA,2 Chainz,I Said Me,0.709,0.503,-5.762,0.26,87.673,66
5xGOQeQYQPxks7UzTgGywK,Cheat Codes,Be The One (with Kaskade),0.751,0.763,-7.764,0.444,126.073,66
5HllOy0J5LuH96EzMLGCPe,Dance Gavin Dance,Head Hunter,0.458,0.969,-4.031,0.421,75.001,66
3U3gHqRwjam6CxwW68m30z,Lil Tjay,Resume,0.821,0.485,-12.369,0.41,143.026,66
03yX0WgZGT6DM3GNLSu4f1,NAV,Time Piece (feat. Lil Durk),0.847,0.363,-7.535,0.174,140.077,66
2BxpnZOmEu9RQsAlJtt0pb,Logic,DeLorean,0.745,0.416,-5.772,0.18,99.975,66
0SsTkfOhM7e87trwjEqBQN,DaBaby,Pony,0.92,0.622,-6.388,0.815,119.962,66
2gXOzCwbVXACCaYRj4Qrep,Future,Temptation,0.66,0.55,-6.744,0.299,130.004,66
3j74Rz7pfvxd621GXbYMJY,Lil Pump,Be Like Me (feat. Lil Wayne),0.948,0.396,-8.08,0.593,104.006,66
2zHgz7X52WqdckhjMJj6mt,Romeo Santos,ileso,0.747,0.827,-3.019,0.958,151.014,66
3cdTfwai1PtCGOd9DIBMNU,Romeo Santos,Amor Enterrado,0.863,0.681,-2.801,0.963,117.976,66
7EB2UpfRbS4QVjZQlKLi3Z,Future,Promise U That,0.638,0.568,-6.579,0.446,127.806,66
6zl319nC7f5Xnw1tVq0UCK,DDG,Hold Up (feat. Queen Naija),0.517,0.58,-5.501,0.649,171.505,66
2kvwSbG26eHKUJdvH7DiR2,Maggie Rogers,On + Off,0.593,0.592,-6.162,0.255,129.958,66
301E9bwin8Gh2PCp0doIDz,Romeo Santos,Me Quedo,0.838,0.75,-3.09,0.887,128.052,66
158ryJ8xp3ixTm3rJc1mhv,Vampire Weekend,Unbearably White,0.531,0.422,-7.081,0.579,188.056,65
4HGwlPELgeqGz0ndBxHtkh,Logic,Vacation From Myself,0.644,0.68,-7.574,0.768,164.922,65
1mMcmRSdnLLu4UdQogH6zf,I Prevail,DOA,0.523,0.47,-7.031,0.0829,87.522,65
71dTM2TuRg2Xg6l6WBGeTv,Theta Aum,Theta Drone - Awareness,0.15,0.0451,-24.147,0.0314,71.317,65
7hfi4ZTfV7akmGINh6qYCF,Hozier,Be,0.227,0.798,-3.901,0.174,94.533,65
1R1NwL3p27XZC9n5xpP8LE,Lizzo,Cuz I Love You,0.566,0.66,-4.039,0.52,162.159,65
7uxbabRF4omY1MhmIgaZ6Y,DaBaby,Celebrate (feat. Rich Homie Quan),0.664,0.672,-5.306,0.657,139.887,65
6jChisgoIfN75H4RMcGvfL,NAV,Stuck With Me,0.744,0.584,-6.128,0.257,85.018,65
6hwmqR7uQhytLnJzt1RVPF,Romeo Santos,Años Luz,0.838,0.641,-4.301,0.915,127.989,65
3hPFmyctDusOxzqdpB72EJ,Mac DeMarco,All Of Our Yesterdays,0.781,0.431,-10.375,0.57,142.923,65
0OHITRa9pUZN2As1PEBS0b,QUIX,Berserk (feat. Yung Bambi),0.734,0.968,-3.105,0.932,150.046,65
4odbaySGxXOgH7ISBUfgvg,NAV,Know Me,0.925,0.575,-5.992,0.165,142.047,65
6Y9P646HsmJtZEE2zmgHeF,Romeo Santos,Los Últimos,0.903,0.656,-3.953,0.868,122.057,65
4XzCEurXfdtL3mj4dU6le0,Cuco,Hydrocodone,0.769,0.616,-5.189,0.445,119.948,65
07HJu7NuUxcZTFSHvQEXCu,Tranquility Spree,Binaural Gamma Sinus 40 Hz Drone II,0.147,0.0426,-26.037,0.0729,141.647,65
5ocuRCDSWiUMZcWI4Utd9g,Cooliecut,Over the Rainbow,0.709,0.702,-7.49,0.613,123.622,65
463tgcRq1U8CA5ZVFTtyaj,Hijos De Leyva,Humo Trankilizante,0.78,0.457,-8.502,0.867,109.991,65
4q91GjZYQAZWICmRaOu04F,Solange,Beltway,0.313,0.189,-17.556,0.0391,116.314,65
4AVTXON0uHQZFvtzrAEo4K,XLD Library,Gamma 120 Hz - L 170 Hz - R,0.158,0.039,-26.082,0.0324,136.888,65
1NlWBpNYAnFT7gMGyC0Y1M,Mereba,Sandstorm (feat. JID),0.637,0.512,-10.027,0.33,109.492,65
3H6N95PUqsD5iOzPOtDmDy,Delta Hz,Binaural Drone 90 Hz - 94 Hz,0.202,0.0256,-30.112,0.0803,128.13,65
74QQKW9sp5W60iQIugME8e,Global Dan,W.A.N.T.S,0.661,0.56,-10.551,0.395,159.994,65
3yhlH8lhTpS03d91kuwjpf,Tierra Whack,Wasteland,0.511,0.441,-10.264,0.382,125.117,65
5jmYu7XY4zd3mJfizA8t1K,I Prevail,Let Me Be Sad,0.478,0.574,-5.645,0.0407,129.02,65
773YNtbrxwrlIQ3gcDFkN4,Josh A,Used to,0.75,0.473,-7.162,0.49,79.986,65
7L9ALJWkzhhG6y9iFbQvbo,NAV,Athlete,0.844,0.702,-6.224,0.273,152.955,65
4KhMkiipzCiiP0CbO5aAQg,Tank,Dirty,0.717,0.486,-5.664,0.072,86.58,65
7AOR3bPPaLBJKJB9EMURxI,Col3trane,Superpowers (with GoldLink),0.824,0.371,-9.816,0.404,85.055,65
5naar7XewEOAjOywIp6Jjq,Wallows,Remember When,0.504,0.708,-5.896,0.51,82.009,65
7jQiYVASBtUmgD7zN2wQhk,Back 2 Sleep,Delta Sinus 160 Hz - L 161 Hz - R - Drone,0.171,0.00886,-35.964,0.0355,72.323,65
0fzFidsOykOCSMsby6Gmm6,Primer Dia,Magnetic,0.184,0.194,-18.356,0.0363,76.416,65
4dporMRQqdmQQEMEz8RVTW,Herencia de Patrones,Es Dificil Ser Un Santo,0.651,0.492,-9.013,0.82,165.903,65
754yQK0LJOwE7NJK28So3E,MARINA,Enjoy Your Life,0.709,0.822,-4.565,0.661,113.993,65
6axvsEl14rlaUWKEt9CSFR,Maggie Rogers,The Knife,0.664,0.753,-4.734,0.786,95.036,65
7D3fFG8XtOI7v0pD2fUmsr,Vampire Weekend,2021,0.815,0.284,-7.057,0.449,73.785,65
2SHbF9xWleu30pAHfOZaEn,Dylan Scott,Nobody,0.573,0.747,-6.46,0.645,79.952,65
4B0r8wQP0qfyDFaPs4Rjnz,10k.Caash,Aloha (feat. G.U.N.),0.864,0.223,-13.705,0.635,129.827,65
1WlU4jsJ8AoTB96dgd8LJA,Future,Call the Coroner,0.853,0.805,-3.331,0.879,134.55,65
2zkCbezif5Vb2XeCyFaEwn,Comethazine,I BE DAMNED,0.686,0.83,-5.202,0.758,162.149,65
1pNUmVxDiE8t6P1XxcZAv8,Wallows,Scrawny,0.639,0.816,-5.28,0.802,138.008,65
0F7oaq4qpD7ijADV6gJBwe,YNW Melly,Beat A N*gga Block,0.757,0.565,-7.366,0.318,164.8,65
0Uw8pWFNcZwt3wrRPPwp4s,Logic,Best Friend,0.425,0.46,-7.381,0.561,78.539,65
52mXzUl4zRM6XC5hAxs1oh,Flo Milli,Beef FloMix,0.903,0.555,-8.848,0.873,116.043,65
5KBARWIxeMGkvUax9VtVC9,Saweetie,My Type,0.899,0.811,-6.294,0.587,105.038,65
6bt1R3HFqITysmy3W88M3c,Judah & the Lion,pictures (feat. Kacey Musgraves),0.567,0.542,-6.64,0.229,125.16,65
0DlMSBJh9uo52DieTYVXLw,Maggie Rogers,Back In My Body,0.442,0.753,-6.073,0.276,163.951,65
6r5tlCMur8Vngv3n0DzOFl,Judah & the Lion,Over my head,0.454,0.924,-4.38,0.505,150.967,65
6QFzUXTIZXOLesQcgmGOsR,Future,Goin Dummi,0.888,0.665,-7.055,0.568,78.021,65
3dlCF1mzW1UKMOb4b1XN17,Jake Owen,I Was Jack (You Were Diane),0.612,0.878,-3.556,0.599,94.014,65
0lTn7yYpzftkx4UzNNwVby,Maren Morris,Make Out With Me,0.352,0.649,-6.47,0.642,66.745,65
3OhF89cVIbCq5oG4syZ3dr,Passion,Follow You Anywhere - Live,0.144,0.644,-6.666,0.138,185.57,64
3TFbIkQPYihgiDl4CkFdBC,XLD Library,Gamma 200 Hz - L 250 Hz - R,0.172,0.0379,-34.829,0.0244,67.265,64
1luVPNhyJQbG79KL7ickl3,Comethazine,ONMYGRANNYKIDS,0.879,0.575,-6.915,0.844,140.028,64
5VV9fAmGLlXsK568Uax9A2,Mindful Behaviour,Alpha 8 Hz,0.243,0.0632,-31.781,0.0531,137.632,64
2aR4gdgyCgacqHGqUZ91YS,Future,Talk Shit Like a Preacher,0.878,0.452,-8.695,0.425,154.035,64
0hyVcO1sh9NkHmKHs3veRz,Ben Platt,Older,0.543,0.467,-5.617,0.245,81.03,64
1NEJ8gJxZ12mBertXyrRb5,Sara Bareilles,A Safe Place to Land (feat. John Legend),0.423,0.253,-13.259,0.161,129.656,64
22i86sVWNjLu7fttP4gA02,The Head and the Heart,Honeybee,0.642,0.52,-7.886,0.488,136.014,64
53OvBqtojrI9EUmuskfKlJ,Delta Hz,Binaural Drone 90 Hz - 91 Hz,0.155,0.0188,-30.029,0.396,139.867,64
06lN1srNhY4GlFnUbZGcwt,Fuerza Regida,Grafiteando Paredes,0.757,0.429,-6.443,0.908,118.09,64
3pfuy1uQhG7g6Ttbo2Jh0N,Omar Apollo,Trouble,0.665,0.349,-11.459,0.244,123.031,64
5VHzuy8pL5n58n0DRYkq8Q,Maren Morris,Gold Love,0.663,0.74,-6.405,0.558,92.009,64
6cVFyXSMC9OFCcydD0Yld4,LANCO,Rival,0.482,0.892,-3.634,0.734,82.03,64
001UkMQHw4zXfFNdKpwXAF,Brooks & Dunn,Brand New Man - with Luke Combs,0.573,0.846,-4.866,0.562,127.061,64
6y0mWieDVu5eca73zgoI3d,Hillsong UNITED,Whole Heart (Hold Me Now) - Live,0.318,0.588,-8.614,0.11,161.837,64
5oXsLCXnF1VHp36tyWfYs3,Curren$y,Plan of Attack,0.801,0.756,-5.42,0.639,136.006,64
6aYi4lYcAohNhlNWsbWfy0,DaBaby,Walker Texas Ranger,0.873,0.682,-5.869,0.799,157.943,64
2xyIwHKujL7tSgkK2Waj2s,R3HAB,All Around The World (La La La),0.733,0.859,-5.03,0.52,124.948,64
47yypFbq6fu3yUvFoaf2UN,Morgan Wallen,Cover Me Up,0.461,0.437,-8.285,0.194,128.132,64
6sQV97oENBDxUKfK6cgL2y,Fitz and The Tantrums,123456,0.715,0.96,-5.091,0.809,169.977,64
0vEKC0xfGbwnrx1po4C38k,Bazzi,Caught In The Fire,0.728,0.705,-5.81,0.308,165.002,64
2nHuAhUwIG29RYVD1zcUX2,Hunter Hayes,Heartbreak,0.606,0.805,-5.399,0.725,96.995,64
1xhgWepLEOZ6n5JC4tCenV,Momento,Oftenness,0.209,0.0709,-28.382,0.0481,131.893,64
5foPGlyY3O4uSrFGhfUKGW,Quinn XCII,Werewolf (feat. Yoshi Flower),0.694,0.557,-6.686,0.684,161.887,64
4N3uRLsbsG3TMrYqPZy3v4,NAV,Never Know,0.777,0.472,-7.174,0.413,127.033,64
0c7K73roy6RW4ebDkf4yGh,24kGoldn,Valentino,0.745,0.718,-4.853,0.539,151.097,64
5UYFqUJBBVgpGqdONKbH3t,Florida Georgia Line,Women,0.368,0.592,-4.317,0.451,117.988,64
465mhRDuwxjrJ61UrvRvrZ,Future,Krazy but True,0.738,0.499,-7.456,0.314,73.152,64
6uIpf2e5PrB0ZMufi0AWpL,DaBaby,Joggers (feat. Stunna 4 Vegas),0.772,0.659,-5.388,0.815,143.716,64
59ttRCDKCMD8Aq0xrFHnrP,Back 2 Sleep,Delta Sinus 125 Hz - L 126 Hz - R - Drone,0.457,0.00166,-30.685,0.0338,60.001,64
7nLDTwNkVr4RWPjJCdYv5b,Tiësto,My Whistle,0.699,0.919,-3.847,0.447,128.049,64
3w15SEPuv2VCTQpO2kQUM3,Back 2 Sleep,Delta Sinus 125 Hz - L 128 Hz - R - Drone,0.268,0.00221,-35.2,0.0592,70.437,64
64Zm9wNGj6coqg4zsb0Soj,George Strait,Every Little Honky Tonk Bar,0.66,0.83,-5.099,0.856,122.079,64
5mmEDGjJlUe1IlxsWUyS9K,YNW Melly,Ingredients (feat. Fredo Bang),0.568,0.724,-4.651,0.59,170.062,64
4EXviOZCqX04SnoZpMWymT,Gabbie Hanna,Medicate,0.777,0.539,-6.234,0.225,112.407,64
4ezCwgeG8vFDxvNtiUGMmm,Cody Johnson,Understand Why,0.524,0.802,-4.205,0.601,140.064,64
5DbIxurVkaHTfrS1BsMj8i,Kevin Gates,Right Game Wrong N****,0.568,0.643,-6.035,0.708,103.353,64
3mJiMnKrpIYSNRRFounMtY,Julia Michaels,What A Time (feat. Niall Horan),0.538,0.463,-6.185,0.376,132.944,64
4YyFPFJMrJcWdsdLPmgpiG,Romeo Santos,Intro,0.462,0.208,-12.624,0.42,90.238,64
18LVTbRPKBFyuXI26lAITe,MARINA,True,0.704,0.741,-4.779,0.569,121.994,64
3lHtxy7keWMXYBQU5LkUXH,Maggie Rogers,Retrograde,0.73,0.774,-5.5,0.326,101.01,64
226TUHo7YO5d5ceR0sg1aG,Maren Morris,To Hell & Back,0.463,0.71,-7.051,0.44,78.144,64
6FiuZPzrZkHNHrvXZvcDz5,Cuco,Fix Me,0.721,0.552,-8.568,0.186,106.028,64
0HHD15EtlOlpYmrYInqXjR,Tranquility Spree,Binaural Gamma Sinus 100 Hz Drone II,0.172,0.0266,-30.8,0.0263,125.602,64
5aINJWtQyHHpSnIk5kdI16,Ivo Phi,Binaural Theta Sinus - 100 Hz - L 106 Hz - R,0.21,0.0402,-25.404,0.149,68.207,64
3hYKgk38xGR6pGjgTkFN99,2 Chainz,"I'm Not Crazy, Life Is (feat. Chance The Rapper, Kodak Black)",0.637,0.639,-5.834,0.345,75.489,64
29H8RkqW9GaFy8tdjriuX3,J. Cole,MIDDLE CHILD,0.839,0.365,-11.833,0.448,124.009,64
5yU3w1RzMZpSWytWAU9iyN,Quinn XCII,Autopilot,0.811,0.621,-6.957,0.899,94.992,64
6oGymcECsbc3HeD17rLPLR,Maren Morris,RSVP,0.687,0.575,-7.243,0.372,124.976,64
4vQPpmTWJi6DLhJWxoMl7k,XLD Library,Gamma 432 Hz - L 462 Hz - R,0.157,0.0259,-30.007,0.0298,70.847,64
1j1za8SLRop8GupCgIbX4h,J Balvin,La Rebelión,0.757,0.798,-3.674,0.71,128.022,64
5ZwLG5AaxZuRLoIBZE5KR4,Fuerza Regida,Soy de Michoacan,0.722,0.683,-8.228,0.7,118.045,64
1uNePI826aqh9uC9pgbeHU,Doja Cat,Tia Tamera (feat. Rico Nasty),0.822,0.654,-4.623,0.421,119.884,64
7FV6v9Oc2iLlHeRhQ9jynX,Tyler Rich,The Difference,0.538,0.755,-5.22,0.697,169.811,64
24nFfy0Vq58gQdbpHP5aXw,Florida Georgia Line,Swerve,0.671,0.872,-4.574,0.907,139.979,63
4moraUoFjbuJdowf6TfggV,AJR,Dear Winter,0.633,0.217,-9.717,0.546,94.13,63
6nZNfzQAsoyZFQnzzzDSpj,Maren Morris,Great Ones,0.583,0.834,-5.372,0.571,145.024,63
7ibxBJTi65IESyScbTGriO,Florida Georgia Line,Colorado,0.514,0.843,-2.696,0.779,74.919,63
0rLfccUtmbhlmTAOzc4gkT,G Herbo,Never Scared (feat. Juice WRLD),0.517,0.742,-5.941,0.145,81.969,63
1f1N3p0xiFY0LPCOSb8LpK,Frankie Valli & The Four Seasons,"December, 1963 (Oh What a Night!)",0.727,0.588,-9.568,0.964,104.413,63
6dlikXSUYtmt2AviTTZuwZ,Comethazine,DEMAR DEROZAN,0.689,0.777,-5.465,0.492,139.723,63
49oBFP6ZHPtd6t33LFTD3E,Chris Janson,Good Vibes,0.582,0.846,-2.771,0.736,92.004,63
5FWyHjKMW85oZoqgG1zD9b,Future,Servin Killa Kam,0.847,0.661,-4.614,0.184,143.979,63
5VRm0sILEKd077c76x61PU,Maren Morris,Good Woman,0.35,0.436,-6.933,0.284,131.716,63
6PpqrY1QzPLAj4JUOkrS95,Alex Couture,Echoes of Your Soul,0.062,0.104,-27.315,0.0346,68.798,63
57DVaIfWIKSx3zW9mcVFhc,Keith Urban,Happier - Recorded At Sound Stage Studios Nashville,0.666,0.46,-10.602,0.396,93.098,63
50B1PVWbakumorzP54YvK2,Alice Merton,Funny Business,0.665,0.701,-4.705,0.455,103.314,63
2Xz88sbKdSksX2Nob0Tr44,Maren Morris,Flavor,0.282,0.872,-4.937,0.506,80.497,63
1xrw0MIXasQIaD9oLqE4qF,Mindful Behaviour,Alpha Drone 8 Hz,0.218,0.0282,-30.323,0.379,75.195,63
3yXP1unIs1X9U5FbEarv7e,DaBaby,Deal Wit It,0.837,0.691,-6.407,0.675,162.114,63
6qWh1LcOsSwozALQzQjQ9K,Juice WRLD,Robbery,0.655,0.676,-5.089,0.568,159.905,63
58Ru1XZP3lxJ6wJoFT2PmL,Hillsong UNITED,Another In The Fire - Live,0.451,0.688,-7.826,0.0805,135.056,63
3ZjmloY4fJkfs9qYH82Oau,Anitta,Poquito,0.701,0.852,-4.03,0.607,144.837,63
6Kx5zccLx3zj4R49HTvcjB,Yung Gravy,Magic,0.784,0.731,-6.159,0.402,108.003,63
4JsKaTag0OHXibnqYcDfIA,Young M.A,Stubborn Ass,0.617,0.42,-5.165,0.213,87.15,63
1N7CHs4eGjgr3gjyUgq75Y,DaBaby,Carpet Burn,0.824,0.859,-5.668,0.903,77.973,62
1QOtqVejAXZ8zgMamCgHEF,Fetty Wap,Trippin Baby,0.846,0.578,-11.464,0.706,149.018,62
4GXcHGMST0C7ikdU8Bt4Ii,03 Greedo,Trap House (feat. Shoreline Mafia),0.73,0.485,-5.808,0.282,97.43,62
5U8sc8et1PiuDQfIQ2J98a,DaBaby,Tupac,0.8,0.749,-4.943,0.961,151.851,62
434qMuoGlR7oBezGjdI1zx,Maren Morris,Shade,0.503,0.568,-7.477,0.378,139.952,62
5ggoxc2dhlFjListerctlA,Cody Johnson,Nothin' on You,0.358,0.358,-7.18,0.158,134.629,62
640a76CXhbaBqamyiGoQi3,Thomas Rhett,Don’t Threaten Me With A Good Time,0.656,0.81,-4.66,0.731,100.968,62
2gjPbUsttk6GqJOUAh9WzN,DaBaby,Best Friend (feat. Rich The Kid),0.87,0.606,-6.713,0.605,150.154,62
07XiC73mZOpty3x2KNOEUi,ScHoolboy Q,Numb Numb Juice,0.896,0.464,-7.969,0.187,157.035,62
6HBhMdKR4HRfQ3fuGUFbzE,Adam Doleac,Famous,0.736,0.423,-6.934,0.346,94.919,62
3yqhrpvG25PVXaLvmvnUcX,Megan Thee Stallion,Sex Talk,0.908,0.77,-6.285,0.591,139.93,62
706LIOTPrPaOQmLZgtm0AI,Caravan Palace,Miracle,0.708,0.881,-5.411,0.527,99.988,61
7lUwLoEM9rcVmwUghGK9kX,Famous Dex,Rockstar Lifestyle,0.768,0.495,-11.638,0.666,74.999,61
4QWaq7U3fufJjy1rCBm6ds,Cody Johnson,Ain't Nothin' to It,0.514,0.618,-5.673,0.311,139.977,61
2iKgphrypC9gXmlg5qvYLK,Tiësto,Halfway There (feat. Lena Leon),0.59,0.888,-4.151,0.0715,128.025,61
2tOz2UUyMhzZA6P7e0r0du,Frankie Valli,Can't Take My Eyes Off You,0.581,0.78,-7.053,0.561,123.711,61
1aPNMoNPH13hlRwzzg0Gv2,Vampire Weekend,Sunflower (feat. Steve Lacy),0.863,0.576,-5.756,0.933,100.034,61
3PITZd3mkBE3tIYlt0jfI5,Sara Bareilles,Fire,0.666,0.726,-7.921,0.462,107.032,61
2vHz2BfuldxOGHVnuDFr4E,Elevation Worship,With You (Paradoxology),0.359,0.253,-9.238,0.265,89.723,61
6j0YxbtGQ37aGHztis7qKN,Sara Bareilles,If I Can't Have You,0.664,0.601,-8.455,0.66,87.008,60
70aS0jAJszShUpwp0Mq6cB,Sara Bareilles,No Such Thing,0.677,0.45,-9.352,0.432,119.912,60
2N8qVDq1MI0wKHngJMLlbZ,Luigi 21 Plus,Siempre Papi Nunca Inpapi,0.797,0.744,-6.283,0.722,93.981,60
2ODfbYuZP5i2UrVXgYxPyu,Young Dolph,By Mistake (Remix) (feat. Juicy J & Project Pat),0.858,0.722,-3.789,0.209,143.983,60
2pTcCgUr9SJZXCcVqkRX26,Vampire Weekend,Harmony Hall,0.653,0.76,-6.086,0.6,98.008,59
1GUpz8hSy5hhqA2AHwF0xD,Sara Bareilles,Orpheus,0.626,0.484,-7.94,0.367,79.962,59
4jHI8A4ObhlHvfJVo3SqAy,Sara Bareilles,Armor,0.53,0.731,-7.073,0.69,78.796,59
4FR7fPfbZwNFajVLn4Bg4q,Sara Bareilles,Poetry by Dead Men,0.624,0.644,-7.95,0.419,81.97,59
3UUKWZzwmTvnZ8ecygPpXt,Sara Bareilles,Eyes on You,0.487,0.674,-7.445,0.479,165.968,59
64vkacv9XtTjAQSosbUbW2,Brooks & Dunn,My Maria - with Thomas Rhett,0.624,0.807,-6.319,0.649,125.019,59
5v98VA4TXznJNrw0XRphIb,Calvin Harris,I'm Not Alone - 2019 Edit,0.6,0.982,-3.921,0.212,127.994,59
3o9lfY9tbv3S00atFxNki5,Vampire Weekend,Big Blue,0.692,0.307,-9.649,0.412,150.041,59
3fgHGI8rwh9ghBa9hGMleA,Sara Bareilles,Miss Simone,0.674,0.332,-11.281,0.487,127.674,58
7ooYI071aM9FJ1tZyS99oB,Sara Bareilles,Saint Honesty,0.607,0.197,-10.761,0.26,110.969,58
1cN45YtJost0rjvbseomXj,Martin Garrix,Mistaken (feat. Alex Aris) - Club Mix,0.61,0.782,-6.878,0.119,128.004,58
1Hha9paHfC8YEUHV9bKcda,Tiësto,Trouble (feat. Micky Blue),0.611,0.875,-3.917,0.304,128.0,58
3faZ2pjQRByXR9UWWPV9vr,Trey Songz,Chi Chi (feat. Chris Brown) - Croatia Squad Remix,0.743,0.93,-3.821,0.562,122.022,58
5zMy6fM0mZebBMBZQuAVEA,Brooks & Dunn,Red Dirt Road - with Cody Johnson,0.595,0.44,-7.795,0.336,128.334,58
7BJY63uiq54TqNBfq5614G,Sara Bareilles,Someone Who Loves Me,0.567,0.299,-14.895,0.236,135.805,58
2BPiamp7M8ARGtxjNyTZWf,Brooks & Dunn,Ain't Nothing 'Bout You - with Brett Young,0.676,0.753,-6.239,0.772,96.993,58
31f9qUpl8NB9oEq5MSvjLf,Sara Bareilles,Wicked Love,0.524,0.683,-6.503,0.758,179.921,58
5Crfmd0ZGarlMUDPqhl7yl,Brooks & Dunn,Boot Scootin' Boogie - with Midland,0.609,0.846,-4.437,0.643,130.479,57
5N3rqRyx3iNgWPkqAMFHH0,Vampire Weekend,2021,0.821,0.287,-7.0,0.469,73.794,57
0yZAZuZLrahKlpYi6qmdqx,Anderson .Paak,King James,0.731,0.877,-8.497,0.891,107.891,57
5qOCmP9qU3AmeCIZ4hjimg,Brooks & Dunn,Believe - with Kane Brown,0.583,0.394,-7.73,0.184,120.049,56
0piz7NPKiFyeQIMWRTPmbb,Brooks & Dunn,Hard Workin' Man - with Brothers Osborne,0.481,0.906,-4.18,0.437,144.081,56
2MyznwTgremxRpMEiD5mcp,Brooks & Dunn,My Next Broken Heart - with Jon Pardi,0.504,0.915,-3.354,0.889,141.996,56
3tTm8mMwTADdThvuzGLjTg,Brooks & Dunn,You're Gonna Miss Me When I'm Gone - with Ashley McBryde,0.57,0.483,-7.907,0.0574,139.813,55
5wJyLntSyi1FLpvhCm9FJD,Ozuna,Baila Baila Baila - Remix,0.597,0.736,-7.008,0.712,120.55,55
7hzyuLLHrQALKn7kIAc6cR,Brooks & Dunn,Lost and Found - with Tyler Booth,0.625,0.842,-5.171,0.678,117.998,55
4ryRq8ZoagaybmN8jUJzbq,Miguel,Te Lo Dije (Spanish Version) (feat. Flor de Toloache),0.533,0.498,-5.073,0.553,133.96,54
2Oloty067EQBgjKDe4k4VM,Brooks & Dunn,Mama Don't Get Dressed Up For Nothing - with LANCO,0.601,0.909,-4.051,0.805,125.029,54
02MQQqrcVAiWJlb1JYvxnL,Miguel,Caramelo Duro (Spanish Version) (feat. Kali Uchis),0.648,0.753,-4.35,0.792,100.001,54
4HrYn3L1jnlNe59QfjFPj3,AJR,Birthday Party,0.707,0.462,-6.696,0.547,83.994,53
1ndptsbP6s7WV3fTnp1j74,Calvin Harris,I'm Not Alone - 2009 Remaster,0.613,0.961,-4.252,0.166,128.012,51
6S4sp19reiIXCK96C4BoDW,Miguel,Criminal (Spanish Version) (feat. C. Tangana),0.3,0.557,-6.765,0.203,153.18,50
45AnoM0Gl0gOovIa8wgPaa,AJR,100 Bad Days,0.626,0.639,-5.62,0.638,144.009,49
6lDRkJZe7pTlpAHqsBbnM6,Banda Sinaloense MS de Sergio Lizárraga,Que Fuimos - Versión Acústica,0.595,0.325,-7.88,0.282,125.724,49
6msZFCM1qdeGd4ihdDy5D4,Chris Brown,Back To Love,0.774,0.821,-5.027,0.617,122.974,48
73a7QCttEiEy9ZVKw8GrXe,Ariana Grande,MONOPOLY (with Victoria Monét),0.899,0.523,-8.527,0.639,143.98,47
3O0e0LHTpza0rYVDbZfQ4r,P!nk,Can We Pretend,0.524,0.806,-3.447,0.45,115.172,47
3g9GwkLllMKebpLsFC6g6a,Calvin Harris,I'm Not Alone - Thomas Schumacher Remix,0.566,0.88,-8.354,0.0334,128.023,47
08AJ0xQv5LRZsvXf1Jkr2y,Lil Peep,Gym Class,0.622,0.347,-13.292,0.0757,75.512,45
4XrQXeFcgsE5Wq30VfDMKL,Fleetwood Mac,Albatross (Live) [Remastered],0.189,0.262,-7.64,0.207,178.368,45
3hjB6mesOgMFTCs3H06VJY,Alessia Cara,Out Of Love,0.492,0.267,-9.25,0.137,117.679,44
1feq11zHN3P3mmoUZzsKaB,Miguel,Banana Clip - Spanish Version,0.642,0.659,-5.645,0.712,85.051,42
46lg3BbcutEvBWXmC8BeTm,Miguel,Sky Walker - Spanish Version,0.652,0.799,-5.452,0.406,146.016,41
4PkIDTPGedm0enzdvilLNd,Ellie Goulding,Sixteen,0.669,0.801,-5.445,0.541,109.919,40
2VDTgXwf3F6kcpX4HI0BKy,Sia,"Heaven Can Wait (feat. Sia, Diplo, and Labrinth)",0.585,0.525,-5.915,0.533,167.811,40
5UPB14jxrMJQCNBPUJuJFE,Dan + Shay,Keeping Score - Acoustic,0.653,0.545,-6.29,0.441,136.003,38
4RvgXRGC2da3Khuaa9N1FD,Trey Songz,Chi Chi (feat. Chris Brown),0.744,0.549,-6.041,0.277,110.004,38
5YpC7YwKRxoVDxWbaP4AT6,ScHoolboy Q,CHopstix (with Travis Scott),0.959,0.606,-7.055,0.64,127.969,37
2mMQFumTaHcwMZsiNE57Um,Sia,"Welcome to the Wonderful World of (feat. Sia, Diplo, and Labrinth)",0.499,0.324,-7.944,0.397,119.266,36
4EZc5VXRRJ77XSmCbvueXG,Chris Brown,Back To Love,0.754,0.831,-5.047,0.579,122.952,36
36tWMPSkNzD5XKbkGEZha1,Snoop Dogg,Heavy Hittas - Remix,0.794,0.539,-9.078,0.671,99.059,34
6k71NlTnn41Vk7RJX7CSbY,Sia,"Angel in Your Eyes (feat. Sia, Diplo, and Labrinth)",0.607,0.616,-6.925,0.698,184.111,34
4fC6tDEFmSBBCRBUOPeQ8b,Kygo,Think About You - Galantis Remix,0.621,0.898,-4.569,0.332,124.018,33
3j4lctlzJqDLNZjTLmc9CV,Sia,"It's Time (feat. Sia, Diplo, and Labrinth)",0.398,0.245,-9.215,0.249,87.079,33
3Rwr1UNSYiQRy8PdPZOAzx,Dan + Shay,Speechless - Acoustic,0.574,0.482,-6.875,0.428,67.037,32
61Km07hgJuxPOaRWvg5fN1,Alessia Cara,Out Of Love - Morgan Page Remix,0.702,0.737,-6.269,0.226,127.969,32
4xigPf2sigSPmuFH3qCelB,Sia,"Genius (feat. Sia, Diplo, and Labrinth)",0.603,0.615,-4.931,0.561,158.657,32
100eDEmpWV5YGVCqHI0leU,Sia,"Audio (feat. Sia, Diplo, and Labrinth)",0.568,0.701,-4.566,0.353,89.969,31
4lJNen4SMTIJMahALc3DcB,Sia,"Thunderclouds (feat. Sia, Diplo, and Labrinth)",0.69,0.714,-5.948,0.489,112.009,31
5G0ODnPPuMuFOn5d1lUoAx,Dan + Shay,Tequila - Acoustic,0.461,0.658,-5.752,0.566,171.839,31
6Dma0t0hOe6Bd6u5YRKF3n,Sia,"No New Friends (feat. Sia, Diplo, and Labrinth)",0.725,0.703,-4.641,0.638,106.032,31
0HCDvbGNsigLpkzCDwpKVr,Sia,"Mountains (feat. Sia, Diplo, and Labrinth)",0.625,0.601,-7.766,0.195,85.967,30
75e5IAhy49eoYHncQNVsh8,blackbear,DEAD TO ME,0.709,0.713,-5.464,0.227,139.966,30
5t9BKjdi6V54OxHZRmpZxD,Alessia Cara,Out Of Love - Devault Remix,0.569,0.703,-7.936,0.0487,101.989,30
6o3EXRKd6XVXeuRY1B9vCd,Alessia Cara,Out Of Love - Ruhde Remix,0.667,0.533,-8.78,0.198,127.997,30
4TlbZgqxhJ6uN3tpVyjw90,Sia,"Genius (feat. Sia, Diplo, and Labrinth) - Lil Wayne Remix",0.655,0.764,-3.381,0.707,159.017,28
5hDog09WKBa9TTFCcJgA7u,Maren Morris,Kingdom of One - from For The Throne (Music Inspired by the HBO Series Game of Thrones),0.443,0.399,-7.578,0.0787,86.086,26
6XbT5JIsI8SGCIZJ62THom,Alessia Cara,Out Of Love - Marc Stout & Tony Arzadon Remix,0.772,0.892,-3.129,0.34,125.988,23
5doZTBqMSsKDZ6f6bn2c5v,Alessia Cara,Out Of Love - Mangal Suvarnan Remix,0.449,0.559,-10.122,0.0763,177.069,23
2MIYfpEKQ8zbKBdVwOaSBH,Marshmello,Roll The Dice,0.901,0.694,-2.828,0.284,100.066,14
7b4aLX67OsLSUbYIoBvdmI,Khalid,Talk REMIX,0.9,0.426,-7.498,0.499,135.992,14
2KhNvxincDseAVjb3q9kXF,Marshmello,First Place,0.88,0.799,-3.285,0.275,100.005,10
5fckAyFSzmn2Nl2La1z4eU,Dua Lipa,"Swan Song (From the Motion Picture ""Alita: Battle Angel"") - aboutagirl Remix",0.724,0.716,-7.47,0.831,114.996,10
729WIUjxIG67whWORcTYpt,Marshmello,Don't Save Me,0.902,0.73,-3.077,0.4,100.047,10
3x3vsYMloQoqCFxeSdnVw1,Dua Lipa,"Swan Song (From the Motion Picture ""Alita: Battle Angel"") - DJ Shadow and NastyNasty Remix",0.638,0.836,-6.123,0.155,93.986,7
2MmJibkz3JrrEK2gQEN26S,Dua Lipa,"Swan Song (From the Motion Picture ""Alita: Battle Angel"") - Calibre Remix",0.538,0.74,-8.338,0.254,170.04,5
6ZBkrj6O0GQZhfbfClJegK,Dua Lipa,"Swan Song (From the Motion Picture ""Alita: Battle Angel"") - Rework",0.753,0.69,-6.478,0.527,93.99,4
24N6IEDiZPQXhfHcYiSjxP,Calvin Harris,How Deep Is Your Love,0.734,0.842,-5.415,0.327,122.002,2
3qibtL6gzRjQ7pPnsZ9V1P,Pitbull,"Give Me Everything (feat. Ne-Yo, Afrojack & Nayer)",0.669,0.91,-4.323,0.501,129.028,1
34b2uHCUPKhK5RPftDQ0lN,Pitbull,Timber (feat. Ke$ha),0.588,0.954,-5.171,0.822,129.959,1
6aUEJT2pDCUQ411q2bEM7w,Mark Ronson,Uptown Funk (feat. Bruno Mars),0.852,0.686,-4.724,0.939,115.016,1
7mdNKXxia7AeSuJqjjA2rb,Chris Brown,Beautiful People (feat. Benny Benassi),0.415,0.775,-6.366,0.536,127.86,1
22PKMK3HIsqUughfNPV8Kr,Miley Cyrus,We Can't Stop,0.356,0.603,-6.332,0.505,79.632,1
50RKxNk3dolYxqahwo37aE,Sia,Cheap Thrills,0.516,0.694,-5.624,0.733,179.862,1
1y4gHzyLRKfDkXaiSAmaXL,James Arthur,Impossible,0.373,0.672,-5.421,0.337,169.642,1
5cq7ZfNEAT3Rw2GRQJmVq0,Pharrell Williams,Freedom,0.427,0.558,-6.374,0.605,86.141,0
7lthOBXNue2IvedLRfkod8,BTS,HOME,0.633,0.799,-4.625,0.535,142.991,0
40pC19tpdCq2HfH7jta8zW,Alesso,Sweet Escape,0.572,0.839,-3.865,0.516,126.029,0
6an7fUdINSWD4xYfARChay,Snoop Dogg,Candy (Drippin' Like Water) - Final Album Version (Explicit),0.696,0.655,-6.926,0.411,98.065,0
1CUO78HbhOdBUdhoCo7zO5,Florida Georgia Line,Tip It Back,0.446,0.949,-3.342,0.85,163.983,0
7nioCrPVTkYopUB1rTvtK1,Five Finger Death Punch,Blue on Black,0.452,0.882,-4.406,0.398,156.277,0
5Y7Z6kwXgN1XYmXr58GtsV,Elton John,Goodbye Yellow Brick Road - Acoustic Cover,0.0,0.0,0.0,0.0,0.0,0
5tsvmtDqlLCZD6d4hu9YCU,Sia,Breathe Me,0.0,0.0,0.0,0.0,0.0,0
6KUE0HSSudAp9AOycaF6SH,BTS,Make It Right,0.638,0.703,-7.874,0.261,105.766,0
7warMBEdiWO6oYru0gAcJC,Little Mix,Black Magic,0.774,0.897,-4.434,0.858,111.985,0
5Eg41HyIlzPdVfXA9O9ItL,Justin Bieber,Sorry,0.329,0.0972,-25.898,0.126,83.594,0
6JdS5rJvJaRA7B1tcm7kxZ,BTS,Dionysus,0.502,0.91,-2.769,0.588,176.084,0
0ReEEk6xty0IlNrZg2m6ZZ,Anderson .Paak,Make It Better (feat. Smokey Robinson),0.675,0.56,-6.024,0.551,178.555,0
0kOxmoYqRXjAnc5ZfQ6TIs,Anderson .Paak,What Can We Do? (feat. Nate Dogg),0.744,0.622,-6.756,0.567,101.561,0
0xmysmjwaEZfDeNlPUa8Iq,Anderson .Paak,Chosen One (feat. Sonyae Elise),0.73,0.743,-9.667,0.528,95.213,0
10hXX8HqvTxbBAPxT65sVG,Anderson .Paak,Chosen One (feat. Sonyae Elise),0.721,0.75,-9.154,0.546,95.199,0
13UTQPeYjMFgalnk6rQ8sM,Anderson .Paak,Yada Yada,0.653,0.55,-8.065,0.359,92.165,0
1BSZGNpIm2nBt1hWSK2bRp,Anderson .Paak,Good Heels (feat. Jazmine Sullivan),0.774,0.508,-7.897,0.45,80.13,0
1ZFg3nGsUSqkwmMPU9qLHk,Anderson .Paak,Twilight,0.931,0.601,-8.901,0.963,120.247,0
3AN70xkC9i9fFBpKlukRhY,Anderson .Paak,Winners Circle,0.764,0.591,-8.81,0.694,94.089,0
4mwt2RPKqghlMnUmebcOxc,Sean Paul,Kramp Up,0.784,0.893,-2.052,0.691,99.956,0
3kAcfVOWRXKTt4gvgGzq6P,John Legend,All of Me,0.426,0.241,-8.137,0.318,123.847,0
2pgmVSAfyZn54DeSgLUFoj,George Ezra,Budapest,0.714,0.429,-9.345,0.395,127.793,0
19fpxF81Le25x726VVFzvx,Sia,Under the Milky Way,0.5,0.59,-9.381,0.405,140.905,0
5KawlOMHjWeUjQtnuRs22c,BTS,Boy With Luv (feat. Halsey),0.645,0.862,-4.757,0.798,119.991,0
6T1Hfb4ZGxVLOaNVC9WopI,Maroon 5,Sweetest Goodbye,0.566,0.819,-5.951,0.708,164.004,0
0eeeyCAGnGZInPtpkdYiPa,BTS,Jamais Vu,0.608,0.47,-6.73,0.241,81.0,0
3TEv5EF30GdCGKUdBaot7w,Labrinth,Let the Sun Shine,0.619,0.758,-5.067,0.461,117.016,0
2isSdmQfVv32j2haL6hk9x,BTS,Intro : Persona,0.469,0.87,-4.475,0.652,86.622,0
2pZ8egejfQJ90HekAPX6r0,Florida Georgia Line,Life Is A Honeymoon,0.627,0.856,-4.727,0.78,145.009,0
6gaKQ8uooxz1rrbWdVWazE,50 Cent,Candy Shop,0.614,0.574,-7.961,0.755,125.173,0
3wTAHJaRDYpsCfVY1EMaky,Miguel,Never Gonna Change,0.81,0.902,-7.583,0.832,120.997,0
7pj2C5YizoKX6B10aeCl3T,Fall Out Boy,"Sugar, We're Goin Down",0.5,0.814,-4.565,0.671,161.958,0
0IeqXMhgnqmNN24HUPI8Xx,Anitta,Menina má,0.748,0.902,-4.973,0.961,130.103,0
6GvLWrqCv92RAXtxV99yZy,Lady Gaga,Money Honey,0.775,0.756,-3.231,0.831,119.004,0
4XEyiHcye8aWIf8YJJH46b,Sia,Sweet Potato,0.562,0.573,-8.159,0.335,122.04,0
0EQsVfMcAZTTSr4cB6pCP2,P!nk,Raise Your Glass,0.7,0.713,-4.96,0.609,122.041,0
2dk8qkQR0BQy5KN42gWOsk,PnB Rock,Go To Mars (feat. Tee Grizzley),0.788,0.76,-3.573,0.524,82.498,0
6BKPEw91L4lnevp4FYV3VY,PnB Rock,Go To Mars (feat. Tee Grizzley),0.776,0.791,-3.45,0.529,82.5,0
5hnbE5BF2e8BCk9OMR1UVC,BTS,Mikrokosmos,0.58,0.858,-5.212,0.475,174.039,0
5oUnVKzkdNTaLtn4EnJjEP,Justin Timberlake,Mirrors - Radio Edit,0.57,0.569,-6.603,0.62,76.95,0
3OtHNyiaYaQgQlGagvhEku,Daft Punk,Get Lucky (feat. Pharrell Williams & Nile Rodgers) - Radio Edit,0.8,0.846,-7.349,0.826,116.029,0
5KLZLlP1kWt3JReb53WeAj,2 Chainz,Live And Learn (It Will),0.643,0.802,-5.705,0.396,76.266,0
3UvCHGbVtl6poLz3pnQNI7,Anderson .Paak,Jet Black (feat. Brandy),0.797,0.608,-7.25,0.509,108.24,0
