Artist ID,Artist Name,Genres
6l3HvQ5sa6mXTsMTB19rO5,J. Cole,"['conscious hip hop', 'nc hip hop', 'pop rap', 'rap']"
7jVv8c5Fj3E9VhNjxT4snq,Lil Nas X,[]
6qqNVTkY8uBg9cP3Jd7DAH,Billie Eilish,['electropop']
7gOdHgIoIKoe4i9Tta6qdD,Jonas Brothers,"['boy band', 'dance pop', 'pop', 'post-teen pop']"
66CXWjxzNUsdJxJ2JdwvnR,Ariana Grande,"['dance pop', 'pop', 'post-teen pop']"
0YinUQ50QDB7ZxSCLyQ40k,Mustard,"['cali rap', 'hip hop', 'pop', 'pop rap', 'rap', 'southern hip hop', 'trap music']"
1cNDP5yjU5vjeR8qMf4grg,YNW Melly,"['rap', 'trap music']"
4MCBfE4596Uoi2O4DtmEMz,Juice WRLD,['chicago rap']
7jVv8c5Fj3E9VhNjxT4snq,Lil Nas X,[]
6LuN9FCkKOj5PcnpouEgny,Khalid,['pop']
66CXWjxzNUsdJxJ2JdwvnR,Ariana Grande,"['dance pop', 'pop', 'post-teen pop']"
2wY79sveU1sp5g7SokKOiI,Sam Smith,"['pop', 'post-teen pop']"
66CXWjxzNUsdJxJ2JdwvnR,Ariana Grande,"['dance pop', 'pop', 'post-teen pop']"
6qqNVTkY8uBg9cP3Jd7DAH,Billie Eilish,['electropop']
4kYSro6naA4h99UJvo89HB,Cardi B,"['pop', 'rap']"
66CXWjxzNUsdJxJ2JdwvnR,Ariana Grande,"['dance pop', 'pop', 'post-teen pop']"
5JZ7CnR6gTvEMKX4g70Amv,Lauv,"['dance pop', 'pop', 'post-teen pop']"
6qqNVTkY8uBg9cP3Jd7DAH,Billie Eilish,['electropop']
7d3WFRME3vBY2cgoP38RDo,Lil Skies,['trap music']
64KEffDW9EtZ1y2vBYgq8T,Marshmello,"['brostep', 'egyptian pop', 'progressive electro house']"
66CXWjxzNUsdJxJ2JdwvnR,Ariana Grande,"['dance pop', 'pop', 'post-teen pop']"
6qqNVTkY8uBg9cP3Jd7DAH,Billie Eilish,['electropop']
6LuN9FCkKOj5PcnpouEgny,Khalid,['pop']
6qqNVTkY8uBg9cP3Jd7DAH,Billie Eilish,['electropop']
6qqNVTkY8uBg9cP3Jd7DAH,Billie Eilish,['electropop']
6LuN9FCkKOj5PcnpouEgny,Khalid,['pop']
6qqNVTkY8uBg9cP3Jd7DAH,Billie Eilish,['electropop']
66CXWjxzNUsdJxJ2JdwvnR,Ariana Grande,"['dance pop', 'pop', 'post-teen pop']"
6qqNVTkY8uBg9cP3Jd7DAH,Billie Eilish,['electropop']
4VMYDCV2IEDYJArk749S6m,Daddy Yankee,"['latin', 'latin hip hop', 'pop', 'reggaeton', 'tropical']"
4MCBfE4596Uoi2O4DtmEMz,Juice WRLD,['chicago rap']
6qqNVTkY8uBg9cP3Jd7DAH,Billie Eilish,['electropop']
6qqNVTkY8uBg9cP3Jd7DAH,Billie Eilish,['electropop']
66CXWjxzNUsdJxJ2JdwvnR,Ariana Grande,"['dance pop', 'pop', 'post-teen pop']"
6LuN9FCkKOj5PcnpouEgny,Khalid,['pop']
4MCBfE4596Uoi2O4DtmEMz,Juice WRLD,['chicago rap']
6LuN9FCkKOj5PcnpouEgny,Khalid,['pop']
4MCBfE4596Uoi2O4DtmEMz,Juice WRLD,['chicago rap']
6qqNVTkY8uBg9cP3Jd7DAH,Billie Eilish,['electropop']
6LuN9FCkKOj5PcnpouEgny,Khalid,['pop']
6LuN9FCkKOj5PcnpouEgny,Khalid,['pop']
1MIVXf74SZHmTIp4V4paH4,Mabel,"['dance pop', 'house', 'pop', 'post-teen pop', 'r&b', 'tropical house', 'uk pop']"
6LuN9FCkKOj5PcnpouEgny,Khalid,['pop']
5CiGnKThu5ctn9pBxv7DGa,benny blanco,"['dance pop', 'electropop', 'pop']"
4DdkRBBYG6Yk9Ka8tdJ9BW,Offset,"['atl hip hop', 'pop', 'pop rap', 'rap', 'trap music']"
6LuN9FCkKOj5PcnpouEgny,Khalid,['pop']
6LuN9FCkKOj5PcnpouEgny,Khalid,['pop']
6LuN9FCkKOj5PcnpouEgny,Khalid,['pop']
4MCBfE4596Uoi2O4DtmEMz,Juice WRLD,['chicago rap']
6WY7D3jk8zTrHtmkqqo5GI,Maren Morris,['contemporary country']
0cGUm45nv7Z6M6qdXYQGTX,Kehlani,"['dance pop', 'pop', 'post-teen pop', 'r&b']"
6LuN9FCkKOj5PcnpouEgny,Khalid,['pop']
6LuN9FCkKOj5PcnpouEgny,Khalid,['pop']
66CXWjxzNUsdJxJ2JdwvnR,Ariana Grande,"['dance pop', 'pop', 'post-teen pop']"
66CXWjxzNUsdJxJ2JdwvnR,Ariana Grande,"['dance pop', 'pop', 'post-teen pop']"
6LuN9FCkKOj5PcnpouEgny,Khalid,['pop']
6qqNVTkY8uBg9cP3Jd7DAH,Billie Eilish,['electropop']
4DdkRBBYG6Yk9Ka8tdJ9BW,Offset,"['atl hip hop', 'pop', 'pop rap', 'rap', 'trap music']"
6LuN9FCkKOj5PcnpouEgny,Khalid,['pop']
0EeQBlQJFiAfJeVN2vT9s0,Nipsey Hussle,"['conscious hip hop', 'gangster rap', 'hip hop', 'pop rap', 'rap', 'southern hip hop', 'trap music']"
4xRYI6VqpkE3UwrDrAZL8L,Logic,"['conscious hip hop', 'dmv rap', 'hip hop', 'pop rap', 'rap']"
6LuN9FCkKOj5PcnpouEgny,Khalid,['pop']
6LuN9FCkKOj5PcnpouEgny,Khalid,['pop']
6LuN9FCkKOj5PcnpouEgny,Khalid,['pop']
1i8SpTcr7yvPOmcqrbnVXY,Ozuna,"['reggaeton', 'trap latino']"
66CXWjxzNUsdJxJ2JdwvnR,Ariana Grande,"['dance pop', 'pop', 'post-teen pop']"
6LuN9FCkKOj5PcnpouEgny,Khalid,['pop']
2R21vXR83lH98kGeO99Y66,Anuel Aa,"['reggaeton flow', 'trap latino']"
6LuN9FCkKOj5PcnpouEgny,Khalid,['pop']
5qa31A9HySw3T7MKWI9bGg,FLETCHER,"['electropop', 'indie cafe pop', 'indie poptimism', 'pop']"
66CXWjxzNUsdJxJ2JdwvnR,Ariana Grande,"['dance pop', 'pop', 'post-teen pop']"
64KEffDW9EtZ1y2vBYgq8T,Marshmello,"['brostep', 'egyptian pop', 'progressive electro house']"
1pPmIToKXyGdsCF6LmqLmI,Rich The Kid,"['atl hip hop', 'pop', 'pop rap', 'rap', 'southern hip hop', 'trap music']"
2jku7tDXc6XoB6MO2hFuqg,Tory Lanez,"['canadian hip hop', 'hip hop', 'pop', 'pop rap', 'r&b', 'rap', 'southern hip hop', 'trap music']"
6AgTAQt8XS6jRWi4sX7w49,Polo G,"['chicago rap', 'vapor trap']"
64M6ah0SkkRsnPGtGiRAbb,Bebe Rexha,"['dance pop', 'pop', 'post-teen pop']"
7meyrw7Or5DwteYxDJrkCM,YK Osiris,"['deep pop r&b', 'trap music']"
4MCBfE4596Uoi2O4DtmEMz,Juice WRLD,['chicago rap']
0ErzCpIMyLcjPiwT4elrtZ,NLE Choppa,['vapor trap']
3Fl1V19tmjt57oBdxXKAjJ,Blueface,"['cali rap', 'trap music']"
66CXWjxzNUsdJxJ2JdwvnR,Ariana Grande,"['dance pop', 'pop', 'post-teen pop']"
5IcR3N7QB1j6KBL8eImZ8m,ScHoolboy Q,"['gangster rap', 'hip hop', 'pop', 'pop rap', 'rap', 'southern hip hop', 'trap music', 'underground hip hop']"
6qqNVTkY8uBg9cP3Jd7DAH,Billie Eilish,['electropop']
66CXWjxzNUsdJxJ2JdwvnR,Ariana Grande,"['dance pop', 'pop', 'post-teen pop']"
1KCSPY1glIKqW2TotWuXOR,P!nk,"['dance pop', 'pop', 'post-teen pop']"
246dkjvS1zLTtiykXe5h60,Post Malone,"['pop', 'rap']"
1RyvyyTE3xzB2ZywiAwp0i,Future,"['atl hip hop', 'hip hop', 'pop', 'pop rap', 'rap', 'southern hip hop', 'trap music']"
6LuN9FCkKOj5PcnpouEgny,Khalid,['pop']
4MCBfE4596Uoi2O4DtmEMz,Juice WRLD,['chicago rap']
66CXWjxzNUsdJxJ2JdwvnR,Ariana Grande,"['dance pop', 'pop', 'post-teen pop']"
4MCBfE4596Uoi2O4DtmEMz,Juice WRLD,['chicago rap']
2kCcBybjl3SAtIcwdWpUe3,Lil Peep,"['emo rap', 'lgbtq+ hip hop']"
6Ad91Jof8Niiw0lGLLi3NW,YUNGBLUD,"['british indie rock', 'modern rock']"
1RyvyyTE3xzB2ZywiAwp0i,Future,"['atl hip hop', 'hip hop', 'pop', 'pop rap', 'rap', 'southern hip hop', 'trap music']"
4xRYI6VqpkE3UwrDrAZL8L,Logic,"['conscious hip hop', 'dmv rap', 'hip hop', 'pop rap', 'rap']"
2jnIB6XdLvnJUeNTy5A0J2,Why Don't We,"['boy band', 'dance pop', 'pop', 'post-teen pop', 'teen pop']"
66CXWjxzNUsdJxJ2JdwvnR,Ariana Grande,"['dance pop', 'pop', 'post-teen pop']"
2hlmm7s2ICUX0LVIhVFlZQ,Gunna,"['atl hip hop', 'hip hop', 'pop rap', 'rap', 'trap music']"
7gOdHgIoIKoe4i9Tta6qdD,Jonas Brothers,"['boy band', 'dance pop', 'pop', 'post-teen pop']"
4O15NlyKLIASxsJ0PrXPfz,Lil Uzi Vert,"['philly rap', 'rap', 'trap music']"
6Ha4aES39QiVjR0L2lwuwq,Yo Gotti,"['dirty south rap', 'gangster rap', 'hip hop', 'memphis hip hop', 'pop', 'pop rap', 'rap', 'southern hip hop', 'trap music']"
1r4hJ1h58CWwUQe3MxPuau,Maluma,['reggaeton']
15UsOTVnJzReFVN1VCnxy4,XXXTENTACION,"['emo rap', 'miami hip hop']"
7d3WFRME3vBY2cgoP38RDo,Lil Skies,['trap music']
4r63FhuTkUYltbVAg5TQnk,DaBaby,"['nc hip hop', 'rap', 'southern hip hop', 'trap music', 'vapor trap']"
3b8QkneNDz4JHKKKlLgYZg,Florida Georgia Line,"['contemporary country', 'country', 'country pop', 'country road', 'modern country rock']"
4npEfmQ6YuiwW1GpUmaq3F,Ava Max,"['dance pop', 'pop']"
17lzZA2AlOHwCwFALHttmp,2 Chainz,"['atl hip hop', 'hip hop', 'pop', 'pop rap', 'rap', 'southern hip hop', 'trap music']"
4MCBfE4596Uoi2O4DtmEMz,Juice WRLD,['chicago rap']
6Dd3NScHWwnW6obMFbl1BH,Daya,"['dance pop', 'electropop', 'pop', 'post-teen pop', 'viral pop']"
2hlmm7s2ICUX0LVIhVFlZQ,Gunna,"['atl hip hop', 'hip hop', 'pop rap', 'rap', 'trap music']"
6x2LnllRG5uGarZMsD4iO8,Thomas Rhett,"['contemporary country', 'country', 'country road', 'modern country rock']"
4GvEc3ANtPPjt1ZJllr5Zl,Bazzi,"['dance pop', 'pop', 'post-teen pop']"
3Fl1V19tmjt57oBdxXKAjJ,Blueface,"['cali rap', 'trap music']"
4MCBfE4596Uoi2O4DtmEMz,Juice WRLD,['chicago rap']
5WUlDfRSoLAfcVSX1WnrxN,Sia,"['australian dance', 'australian pop', 'dance pop', 'pop']"
7CajNmpbOovFoOoasH2HaY,Calvin Harris,"['dance pop', 'edm', 'electro house', 'house', 'pop', 'progressive house', 'uk dance']"
7rkW85dBwwrJtlHRDkJDAC,NAV,"['canadian hip hop', 'pop', 'pop rap', 'rap', 'southern hip hop', 'trap music']"
4DdkRBBYG6Yk9Ka8tdJ9BW,Offset,"['atl hip hop', 'pop', 'pop rap', 'rap', 'trap music']"
2qxJFvFYMEDqd7ui6kSAcq,Zedd,"['complextro', 'dance pop', 'edm', 'german techno', 'pop', 'post-teen pop', 'tropical house']"
1pPmIToKXyGdsCF6LmqLmI,Rich The Kid,"['atl hip hop', 'pop', 'pop rap', 'rap', 'southern hip hop', 'trap music']"
0ZED1XzwlLHW4ZaG4lOT6m,Julia Michaels,"['dance pop', 'electropop', 'pop', 'post-teen pop', 'r&b']"
4MCBfE4596Uoi2O4DtmEMz,Juice WRLD,['chicago rap']
3b8QkneNDz4JHKKKlLgYZg,Florida Georgia Line,"['contemporary country', 'country', 'country pop', 'country road', 'modern country rock']"
7vk5e3vY1uw9plTHJAMwjN,Alan Walker,['tropical house']
21WS9wngs9AqFckK7yYJPM,PnB Rock,"['hip hop', 'pop', 'pop rap', 'rap', 'trap music']"
4r63FhuTkUYltbVAg5TQnk,DaBaby,"['nc hip hop', 'rap', 'southern hip hop', 'trap music', 'vapor trap']"
6WY7D3jk8zTrHtmkqqo5GI,Maren Morris,['contemporary country']
2jnIB6XdLvnJUeNTy5A0J2,Why Don't We,"['boy band', 'dance pop', 'pop', 'post-teen pop', 'teen pop']"
0haZhu4fFKt0Ag94kZDiz2,Sofia Reyes,"['dance pop', 'latin', 'latin pop', 'mexican pop', 'pop']"
5LHRHt1k9lMyONurDHEdrp,Tyga,"['hip hop', 'pop', 'pop rap', 'rap', 'southern hip hop', 'trap music']"
0huGjMyP507tBCARyzSkrv,YBN Cordae,"['dmv rap', 'rap', 'trap music', 'underground hip hop', 'vapor trap']"
0KPX4Ucy9dk82uj4GpKesn,Dalex,['reggaeton flow']
1SupJlEpv7RS2tPNRaHViT,Nicky Jam,"['latin', 'latin hip hop', 'pop', 'reggaeton', 'tropical']"
02kJSzxNuaWGqwubyUba0Z,G-Eazy,"['hip hop', 'indie pop rap', 'pop', 'pop rap', 'rap']"
4O15NlyKLIASxsJ0PrXPfz,Lil Uzi Vert,"['philly rap', 'rap', 'trap music']"
60d24wfXkVzDSfLS6hyCjZ,Martin Garrix,"['big room', 'edm', 'pop', 'progressive house', 'tropical house']"
5INjqkS1o8h1imAzPqGZBb,Tame Impala,"['australian psych', 'modern rock', 'neo-psychedelic', 'psychedelic rock']"
6LuN9FCkKOj5PcnpouEgny,Khalid,['pop']
69GGBxA162lTqCwzJG5jLp,The Chainsmokers,"['dance pop', 'edm', 'electropop', 'pop', 'tropical house']"
0tmwSHipWxN12fsoLcFU3B,Manuel Turizo,"['colombian pop', 'latin', 'reggaeton']"
3EOEK57CV77D4ovYVcmiyt,Dennis Lloyd,['israeli pop']
4MCBfE4596Uoi2O4DtmEMz,Juice WRLD,['chicago rap']
7bXgB6jMjp9ATFy66eO08Z,Chris Brown,"['dance pop', 'pop', 'pop rap', 'r&b', 'rap']"
6LuN9FCkKOj5PcnpouEgny,Khalid,['pop']
46SHBwWsqBkxI7EeeBEQG7,Kodak Black,"['miami hip hop', 'rap', 'trap music']"
23fqKkggKUBHNkbKtXEls4,Kygo,"['edm', 'pop', 'tropical house']"
7jVv8c5Fj3E9VhNjxT4snq,Lil Nas X,[]
2FXC3k01G6Gw61bmprjgqS,Hozier,"['folk-pop', 'irish singer-songwriter', 'pop']"
4ehtJnVumNf6xzSCDk8aLB,Martin Jensen,"['big room', 'dance pop', 'edm', 'electro house', 'pop', 'pop edm', 'tropical house']"
41MozSoPIsD1dJM0CLPjZF,BLACKPINK,['k-pop']
6s22t5Y3prQHyaHWUN1R1C,AJR,"['modern rock', 'pop']"
6y8XlgIV8BLlIg1tT1R10i,Old Dominion,"['contemporary country', 'country road']"
26VFTg2z8YR0cCuwLzESi2,Halsey,"['dance pop', 'electropop', 'etherpop', 'indie poptimism', 'pop', 'post-teen pop']"
246dkjvS1zLTtiykXe5h60,Post Malone,"['pop', 'rap']"
7DuTB6wdzqFJGFLSH17k8e,Bhad Bhabie,"['pop', 'trap queen']"
17lzZA2AlOHwCwFALHttmp,2 Chainz,"['atl hip hop', 'hip hop', 'pop', 'pop rap', 'rap', 'southern hip hop', 'trap music']"
7d3WFRME3vBY2cgoP38RDo,Lil Skies,['trap music']
6y8XlgIV8BLlIg1tT1R10i,Old Dominion,"['contemporary country', 'country road']"
6qqNVTkY8uBg9cP3Jd7DAH,Billie Eilish,['electropop']
3wyVrVrFCkukjdVIdirGVY,Lil Pump,"['emo rap', 'miami hip hop', 'rap', 'trap music']"
0ErzCpIMyLcjPiwT4elrtZ,NLE Choppa,['vapor trap']
1pPmIToKXyGdsCF6LmqLmI,Rich The Kid,"['atl hip hop', 'pop', 'pop rap', 'rap', 'southern hip hop', 'trap music']"
4MCBfE4596Uoi2O4DtmEMz,Juice WRLD,['chicago rap']
4MCBfE4596Uoi2O4DtmEMz,Juice WRLD,['chicago rap']
02kJSzxNuaWGqwubyUba0Z,G-Eazy,"['hip hop', 'indie pop rap', 'pop', 'pop rap', 'rap']"
4MCBfE4596Uoi2O4DtmEMz,Juice WRLD,['chicago rap']
4DdkRBBYG6Yk9Ka8tdJ9BW,Offset,"['atl hip hop', 'pop', 'pop rap', 'rap', 'trap music']"
64aJYyrXljOodnUG6jvhRD,DJ Luian,"['latin', 'reggaeton flow']"
7rkW85dBwwrJtlHRDkJDAC,NAV,"['canadian hip hop', 'pop', 'pop rap', 'rap', 'southern hip hop', 'trap music']"
3wyVrVrFCkukjdVIdirGVY,Lil Pump,"['emo rap', 'miami hip hop', 'rap', 'trap music']"
2hlmm7s2ICUX0LVIhVFlZQ,Gunna,"['atl hip hop', 'hip hop', 'pop rap', 'rap', 'trap music']"
4MCBfE4596Uoi2O4DtmEMz,Juice WRLD,['chicago rap']
2hlmm7s2ICUX0LVIhVFlZQ,Gunna,"['atl hip hop', 'hip hop', 'pop rap', 'rap', 'trap music']"
7d3WFRME3vBY2cgoP38RDo,Lil Skies,['trap music']
4MCBfE4596Uoi2O4DtmEMz,Juice WRLD,['chicago rap']
4MCBfE4596Uoi2O4DtmEMz,Juice WRLD,['chicago rap']
7d3WFRME3vBY2cgoP38RDo,Lil Skies,['trap music']
0hEurMDQu99nJRq8pTxO14,John Mayer,"['neo mellow', 'pop', 'pop rock', 'singer-songwriter']"
6S0IvKlvPMX1RtAYtVpUV8,Drax Project,['nz pop']
5IcR3N7QB1j6KBL8eImZ8m,ScHoolboy Q,"['gangster rap', 'hip hop', 'pop', 'pop rap', 'rap', 'southern hip hop', 'trap music', 'underground hip hop']"
1Xylc3o4UrD53lo9CvFvVg,Zara Larsson,"['dance pop', 'edm', 'electropop', 'pop', 'post-teen pop', 'r&b', 'scandipop', 'swedish electropop', 'swedish pop', 'tropical house']"
4MCBfE4596Uoi2O4DtmEMz,Juice WRLD,['chicago rap']
1iJdyDcY98X3GMnUesl7tf,Comethazine,"['trap music', 'underground hip hop', 'vapor trap']"
1pPmIToKXyGdsCF6LmqLmI,Rich The Kid,"['atl hip hop', 'pop', 'pop rap', 'rap', 'southern hip hop', 'trap music']"
7ltDVBr6mKbRvohxheJ9h1,ROSALÍA,['r&b en espanol']
4DdkRBBYG6Yk9Ka8tdJ9BW,Offset,"['atl hip hop', 'pop', 'pop rap', 'rap', 'trap music']"
7lDVEkjIURPMyUYwoQRrpw,Ryan Hurd,"['contemporary country', 'country pop', 'country road', 'modern country rock']"
1HY2Jd0NmPuamShAr6KMms,Lady Gaga,"['dance pop', 'pop']"
56oDRnqbIiwx4mymNEv7dS,Lizzo,"['dance pop', 'electropop', 'escape room', 'minnesota hip hop', 'pop', 'r&b', 'trap queen']"
3hteYQFiMFbJY7wS0xDymP,Gesaffelstein,"['destroy techno', 'electro house']"
17lzZA2AlOHwCwFALHttmp,2 Chainz,"['atl hip hop', 'hip hop', 'pop', 'pop rap', 'rap', 'southern hip hop', 'trap music']"
4sTQVOfp9vEMCemLw50sbu,Galantis,"['big room', 'dance pop', 'edm', 'electro house', 'pop', 'tropical house']"
1INuLZXjjVbcJRyWvD1iSq,Jack & Jack,"['dance pop', 'pop', 'post-teen pop', 'teen pop']"
7d3WFRME3vBY2cgoP38RDo,Lil Skies,['trap music']
53KwLdlmrlCelAZMaLVZqU,James Blake,"['indie r&b', 'indietronica', 'uk alternative pop']"
07YUOmWljBTXwIseAUd9TW,Sebastian Yatra,['colombian pop']
4DdkRBBYG6Yk9Ka8tdJ9BW,Offset,"['atl hip hop', 'pop', 'pop rap', 'rap', 'trap music']"
0ZED1XzwlLHW4ZaG4lOT6m,Julia Michaels,"['dance pop', 'electropop', 'pop', 'post-teen pop', 'r&b']"
4EzkuveR9pLvDVFNx6foYD,James Bay,"['neo mellow', 'pop', 'pop rock']"
2hlmm7s2ICUX0LVIhVFlZQ,Gunna,"['atl hip hop', 'hip hop', 'pop rap', 'rap', 'trap music']"
4r63FhuTkUYltbVAg5TQnk,DaBaby,"['nc hip hop', 'rap', 'southern hip hop', 'trap music', 'vapor trap']"
1i8SpTcr7yvPOmcqrbnVXY,Ozuna,"['reggaeton', 'trap latino']"
1qto4hHid1P71emI6Fd8xi,Aventura,"['bachata', 'latin', 'latin hip hop', 'latin pop', 'tropical']"
0ghlgldX5Dd6720Q3qFyQB,TOMORROW X TOGETHER,['k-pop']
4MCBfE4596Uoi2O4DtmEMz,Juice WRLD,['chicago rap']
7rkW85dBwwrJtlHRDkJDAC,NAV,"['canadian hip hop', 'pop', 'pop rap', 'rap', 'southern hip hop', 'trap music']"
1o2NpYGqHiCq7FoiYdyd1x,Bea Miller,"['dance pop', 'electropop', 'indie cafe pop', 'indie poptimism', 'pop', 'post-teen pop', 'talent show', 'viral pop']"
1Cs0zKBU1kc0i8ypK3B9ai,David Guetta,"['dance pop', 'edm', 'pop']"
7CajNmpbOovFoOoasH2HaY,Calvin Harris,"['dance pop', 'edm', 'electro house', 'house', 'pop', 'progressive house', 'uk dance']"
0cGUm45nv7Z6M6qdXYQGTX,Kehlani,"['dance pop', 'pop', 'post-teen pop', 'r&b']"
56oDRnqbIiwx4mymNEv7dS,Lizzo,"['dance pop', 'electropop', 'escape room', 'minnesota hip hop', 'pop', 'r&b', 'trap queen']"
1cNDP5yjU5vjeR8qMf4grg,YNW Melly,"['rap', 'trap music']"
0ErzCpIMyLcjPiwT4elrtZ,NLE Choppa,['vapor trap']
1RyvyyTE3xzB2ZywiAwp0i,Future,"['atl hip hop', 'hip hop', 'pop', 'pop rap', 'rap', 'southern hip hop', 'trap music']"
47MpMsUfWtgyIIBEFOr4FE,Lunay,['reggaeton flow']
3QSQFmccmX81fWCUSPTS7y,Dean Lewis,"['australian pop', 'pop']"
2FXC3k01G6Gw61bmprjgqS,Hozier,"['folk-pop', 'irish singer-songwriter', 'pop']"
4MCBfE4596Uoi2O4DtmEMz,Juice WRLD,['chicago rap']
0B3N0ZINFWvizfa8bKiz4v,James TW,"['dance pop', 'indie cafe pop', 'neo mellow', 'pop', 'post-teen pop', 'uk pop', 'viral pop']"
26T3LtbuGT1Fu9m0eRq5X3,Cage The Elephant,"['garage rock', 'indie pop', 'indie rock', 'modern rock', 'punk blues', 'rock']"
7iK8PXO48WeuP03g8YR51W,Myke Towers,"['reggaeton flow', 'trap latino']"
1HBjj22wzbscIZ9sEb5dyf,Jonas Blue,"['dance pop', 'edm', 'pop', 'tropical house', 'uk dance']"
5usbqiU7sjvszjWecANDL6,Boogie,"['hip hop', 'pop rap', 'rap', 'southern hip hop', 'underground hip hop']"
2oX42qP5ineK3hrhBECLmj,Andy Grammer,"['dance pop', 'indie cafe pop', 'neo mellow', 'pop', 'pop rap', 'pop rock', 'post-teen pop', 'viral pop']"
4DdkRBBYG6Yk9Ka8tdJ9BW,Offset,"['atl hip hop', 'pop', 'pop rap', 'rap', 'trap music']"
2auiVi8sUZo17dLy1HwrTU,Solange,"['alternative r&b', 'hip pop', 'neo soul', 'pop', 'r&b', 'urban contemporary']"
7d3WFRME3vBY2cgoP38RDo,Lil Skies,['trap music']
7d3WFRME3vBY2cgoP38RDo,Lil Skies,['trap music']
0p4nmQO2msCgU4IF37Wi3j,Avril Lavigne,"['canadian pop', 'candy pop', 'dance pop', 'pop', 'post-teen pop']"
2FXC3k01G6Gw61bmprjgqS,Hozier,"['folk-pop', 'irish singer-songwriter', 'pop']"
64KEffDW9EtZ1y2vBYgq8T,Marshmello,"['brostep', 'egyptian pop', 'progressive electro house']"
64KEffDW9EtZ1y2vBYgq8T,Marshmello,"['brostep', 'egyptian pop', 'progressive electro house']"
64KEffDW9EtZ1y2vBYgq8T,Marshmello,"['brostep', 'egyptian pop', 'progressive electro house']"
3gGUMEwIX6XodWsYEvKSal,YBN Nahmir,"['rap', 'trap music', 'vapor trap']"
1mcTU81TzQhprhouKaTkpq,Rauw Alejandro,['reggaeton flow']
0JOxt5QOwq0czoJxvSc5hS,GASHI,"['trap music', 'trap soul']"
5yG7ZAZafVaAlMTeBybKAL,Iggy Azalea,"['australian hip hop', 'dance pop', 'hip pop', 'pop', 'pop rap', 'post-teen pop', 'r&b']"
7wlFDEWiM5OoIAt8RSli8b,YoungBoy Never Broke Again,['trap music']
61qMnYXa1GxSBoV3IiYKjZ,Yung Pinch,"['emo rap', 'rap', 'trap music', 'underground hip hop', 'vapor trap']"
6tkyhGe9hGI3Lcfo4gVh6Z,ChocQuibTown,"['colombian hip hop', 'colombian pop', 'latin', 'latin alternative', 'latin pop', 'latin rock']"
0BvkDsjIUla7X0k6CSWh1I,Luke Bryan,"['contemporary country', 'country', 'country road']"
5zctI4wO9XSKS8XwcnqEHk,Lil Mosey,"['rap', 'rap conscient', 'trap music', 'vapor trap']"
2hlmm7s2ICUX0LVIhVFlZQ,Gunna,"['atl hip hop', 'hip hop', 'pop rap', 'rap', 'trap music']"
7bXgB6jMjp9ATFy66eO08Z,Chris Brown,"['dance pop', 'pop', 'pop rap', 'r&b', 'rap']"
4MCBfE4596Uoi2O4DtmEMz,Juice WRLD,['chicago rap']
0huGjMyP507tBCARyzSkrv,YBN Cordae,"['dmv rap', 'rap', 'trap music', 'underground hip hop', 'vapor trap']"
7bXgB6jMjp9ATFy66eO08Z,Chris Brown,"['dance pop', 'pop', 'pop rap', 'r&b', 'rap']"
7d3WFRME3vBY2cgoP38RDo,Lil Skies,['trap music']
2hlmm7s2ICUX0LVIhVFlZQ,Gunna,"['atl hip hop', 'hip hop', 'pop rap', 'rap', 'trap music']"
7mnBLXK823vNxN3UWB7Gfz,The Black Keys,"['alternative rock', 'blues-rock', 'garage rock', 'indie rock', 'modern blues rock', 'modern rock', 'punk blues', 'rock']"
6M2wZ9GZgrQXHCFfjv46we,Dua Lipa,"['dance pop', 'pop', 'post-teen pop', 'uk pop']"
3hyEbRtp617pNCuuQjyOmc,Lost Kings,"['dance pop', 'edm', 'electro house', 'indie cafe pop', 'indie poptimism', 'pop', 'pop edm', 'post-teen pop', 'tropical house']"
1UTPBmNbXNTittyMJrNkvw,Blake Shelton,"['contemporary country', 'country', 'country road']"
7bXgB6jMjp9ATFy66eO08Z,Chris Brown,"['dance pop', 'pop', 'pop rap', 'r&b', 'rap']"
1z7b1Pr1rSlvWRzsW3HOrS,Russ,"['pop', 'rap']"
4xRYI6VqpkE3UwrDrAZL8L,Logic,"['conscious hip hop', 'dmv rap', 'hip hop', 'pop rap', 'rap']"
2cFrymmkijnjDg9SS92EPM,blackbear,['pop']
2iojnBLj0qIMiKPvVhLnsH,Trey Songz,"['dance pop', 'pop', 'pop rap', 'r&b', 'southern hip hop', 'trap music', 'urban contemporary']"
3jK9MiCrA42lLAdMGUZpwa,Anderson .Paak,"['escape room', 'hip hop']"
0H39MdGGX6dbnnQPt6NQkZ,SAINt JHN,"['pop', 'rap', 'southern hip hop', 'trap music', 'trap soul', 'underground hip hop']"
5TgQ66WuWkoQ2xYxaSTnVP,Netsky,"['drum and bass', 'liquid funk']"
41MozSoPIsD1dJM0CLPjZF,BLACKPINK,['k-pop']
5BvJzeQpmsdsFp4HGUYUEx,Vampire Weekend,"['chamber pop', 'folk-pop', 'garage rock', 'indie folk', 'indie pop', 'indie rock', 'indietronica', 'modern rock', 'stomp and holler']"
4GvEc3ANtPPjt1ZJllr5Zl,Bazzi,"['dance pop', 'pop', 'post-teen pop']"
1n2pb9Tsfe4SwAjmUac6YT,Jake Owen,"['contemporary country', 'country', 'country pop', 'country road', 'modern country rock']"
2hlmm7s2ICUX0LVIhVFlZQ,Gunna,"['atl hip hop', 'hip hop', 'pop rap', 'rap', 'trap music']"
5WUlDfRSoLAfcVSX1WnrxN,Sia,"['australian dance', 'australian pop', 'dance pop', 'pop']"
5WUlDfRSoLAfcVSX1WnrxN,Sia,"['australian dance', 'australian pop', 'dance pop', 'pop']"
5WUlDfRSoLAfcVSX1WnrxN,Sia,"['australian dance', 'australian pop', 'dance pop', 'pop']"
5WUlDfRSoLAfcVSX1WnrxN,Sia,"['australian dance', 'australian pop', 'dance pop', 'pop']"
0NIPkIjTV8mB795yEIiPYL,Wallows,['modern rock']
1cNDP5yjU5vjeR8qMf4grg,YNW Melly,"['rap', 'trap music']"
329e4yvIujISKGKz1BZZbO,Farruko,"['latin', 'reggaeton', 'trap latino', 'tropical']"
04gDigrS5kc9YWfZHwBETP,Maroon 5,['pop']
0cGUm45nv7Z6M6qdXYQGTX,Kehlani,"['dance pop', 'pop', 'post-teen pop', 'r&b']"
1pPmIToKXyGdsCF6LmqLmI,Rich The Kid,"['atl hip hop', 'pop', 'pop rap', 'rap', 'southern hip hop', 'trap music']"
00XhexlJEXQstHimpZN910,Brytiago,"['latin', 'reggaeton flow', 'trap latino']"
6zLBxLdl60ekBLpawtT63I,Cody Johnson,"['contemporary country', 'country road', 'modern country rock', 'outlaw country', 'red dirt', 'texas country']"
7d3WFRME3vBY2cgoP38RDo,Lil Skies,['trap music']
2hlmm7s2ICUX0LVIhVFlZQ,Gunna,"['atl hip hop', 'hip hop', 'pop rap', 'rap', 'trap music']"
1cNDP5yjU5vjeR8qMf4grg,YNW Melly,"['rap', 'trap music']"
4NZvixzsSefsNiIqXn0NDe,Maggie Rogers,['electropop']
57WHJIHrjOE3iAxpihhMnp,Louis Tomlinson,"['dance pop', 'pop', 'post-teen pop']"
2KsP6tYLJlTBvSUxnwlVWa,Mike Posner,"['dance pop', 'pop', 'pop rap']"
1iJdyDcY98X3GMnUesl7tf,Comethazine,"['trap music', 'underground hip hop', 'vapor trap']"
1uNFoZAHBGtllmzznpCI3s,Justin Bieber,"['canadian pop', 'dance pop', 'pop', 'post-teen pop']"
1pPmIToKXyGdsCF6LmqLmI,Rich The Kid,"['atl hip hop', 'pop', 'pop rap', 'rap', 'southern hip hop', 'trap music']"
6k8x9QgjJkEQ1xRIDYa0tU,Chad Brownlee,"['canadian contemporary country', 'canadian country', 'contemporary country', 'country pop', 'country road', 'modern country rock']"
1ShZZUjkbXCjhwrb18BA8I,Bryce Vine,"['indie pop rap', 'pop', 'pop rap']"
1vyhD5VmyZ7KMfW5gqLgo5,J Balvin,"['latin', 'pop', 'reggaeton']"
7wlFDEWiM5OoIAt8RSli8b,YoungBoy Never Broke Again,['trap music']
7d3WFRME3vBY2cgoP38RDo,Lil Skies,['trap music']
4NZvixzsSefsNiIqXn0NDe,Maggie Rogers,['electropop']
17lzZA2AlOHwCwFALHttmp,2 Chainz,"['atl hip hop', 'hip hop', 'pop', 'pop rap', 'rap', 'southern hip hop', 'trap music']"
77GVmrLGuxNEvj2ibvT62v,Luigi 21 Plus,"['latin', 'latin hip hop', 'reggaeton', 'reggaeton flow', 'tropical']"
5y2Xq6xcjJb2jVM54GHK3t,John Legend,"['neo soul', 'pop', 'r&b', 'urban contemporary']"
0O1cTzccAEKaEFShgzAK9V,Bass Santana,"['underground hip hop', 'vapor trap']"
5bzWtCkjIAMgN93gLt56SO,Tropkillaz,"['baile pop', 'bass trap', 'electronic trap', 'funk carioca', 'pop nacional']"
6roFdX1y5BYSbp60OTJWMd,Tim McGraw,"['contemporary country', 'country', 'country road']"
4NZvixzsSefsNiIqXn0NDe,Maggie Rogers,['electropop']
54lUDwCk35ihJuK3yJCqHA,James Barker Band,"['canadian contemporary country', 'canadian country', 'contemporary country', 'country pop', 'country road', 'modern country rock']"
5lwmRuXgjX8xIwlnauTZIP,Romeo Santos,"['bachata', 'latin', 'tropical']"
4xRYI6VqpkE3UwrDrAZL8L,Logic,"['conscious hip hop', 'dmv rap', 'hip hop', 'pop rap', 'rap']"
6WY7D3jk8zTrHtmkqqo5GI,Maren Morris,['contemporary country']
5cj0lLjcoR7YOSnhnX0Po5,Doja Cat,"['alternative r&b', 'electropop', 'escape room', 'la indie', 'pop']"
4DdkRBBYG6Yk9Ka8tdJ9BW,Offset,"['atl hip hop', 'pop', 'pop rap', 'rap', 'trap music']"
4DdkRBBYG6Yk9Ka8tdJ9BW,Offset,"['atl hip hop', 'pop', 'pop rap', 'rap', 'trap music']"
2hlmm7s2ICUX0LVIhVFlZQ,Gunna,"['atl hip hop', 'hip hop', 'pop rap', 'rap', 'trap music']"
7pbDxGE6nQSZVfiFdq9lOL,Rex Orange County,"['bedroom pop', 'indie r&b']"
1vCWHaC5f2uS3yhpwWbIA6,Avicii,"['big room', 'dance pop', 'edm', 'pop', 'tropical house']"
3Nrfpe0tUJi4K4DXYWgMUX,BTS,['k-pop']
3Nrfpe0tUJi4K4DXYWgMUX,BTS,['k-pop']
3Nrfpe0tUJi4K4DXYWgMUX,BTS,['k-pop']
3Nrfpe0tUJi4K4DXYWgMUX,BTS,['k-pop']
3Nrfpe0tUJi4K4DXYWgMUX,BTS,['k-pop']
3Nrfpe0tUJi4K4DXYWgMUX,BTS,['k-pop']
3Nrfpe0tUJi4K4DXYWgMUX,BTS,['k-pop']
2hlmm7s2ICUX0LVIhVFlZQ,Gunna,"['atl hip hop', 'hip hop', 'pop rap', 'rap', 'trap music']"
7lbSsjYACZHn1MSDXPxNF2,Hikaru Utada,['j-pop']
2hlmm7s2ICUX0LVIhVFlZQ,Gunna,"['atl hip hop', 'hip hop', 'pop rap', 'rap', 'trap music']"
3ApUX1o6oSz321MMECyIYd,Quinn XCII,"['electropop', 'indie pop rap', 'pop', 'pop rap']"
0XKOBt59crntr7HQXXO8Yz,Brooks & Dunn,"['contemporary country', 'country', 'country road', 'red dirt', 'traditional country']"
17lzZA2AlOHwCwFALHttmp,2 Chainz,"['atl hip hop', 'hip hop', 'pop', 'pop rap', 'rap', 'southern hip hop', 'trap music']"
5lwmRuXgjX8xIwlnauTZIP,Romeo Santos,"['bachata', 'latin', 'tropical']"
2hlmm7s2ICUX0LVIhVFlZQ,Gunna,"['atl hip hop', 'hip hop', 'pop rap', 'rap', 'trap music']"
5BvJzeQpmsdsFp4HGUYUEx,Vampire Weekend,"['chamber pop', 'folk-pop', 'garage rock', 'indie folk', 'indie pop', 'indie rock', 'indietronica', 'modern rock', 'stomp and holler']"
16oZKvXb6WkQlVAjwo2Wbg,The Lumineers,"['folk-pop', 'indie folk', 'indie pop', 'modern rock', 'stomp and holler']"
4GvEc3ANtPPjt1ZJllr5Zl,Bazzi,"['dance pop', 'pop', 'post-teen pop']"
7FNnA9vBm6EKceENgCGRMb,Anitta,"['baile pop', 'funk carioca', 'funk das antigas']"
5WUlDfRSoLAfcVSX1WnrxN,Sia,"['australian dance', 'australian pop', 'dance pop', 'pop']"
5BvJzeQpmsdsFp4HGUYUEx,Vampire Weekend,"['chamber pop', 'folk-pop', 'garage rock', 'indie folk', 'indie pop', 'indie rock', 'indietronica', 'modern rock', 'stomp and holler']"
0cGUm45nv7Z6M6qdXYQGTX,Kehlani,"['dance pop', 'pop', 'post-teen pop', 'r&b']"
5lwmRuXgjX8xIwlnauTZIP,Romeo Santos,"['bachata', 'latin', 'tropical']"
7ciBW1p3KBsYIkFk4UmwS8,The Rudeboyz,['trap brasileiro']
2auiVi8sUZo17dLy1HwrTU,Solange,"['alternative r&b', 'hip pop', 'neo soul', 'pop', 'r&b', 'urban contemporary']"
3wyVrVrFCkukjdVIdirGVY,Lil Pump,"['emo rap', 'miami hip hop', 'rap', 'trap music']"
7CajNmpbOovFoOoasH2HaY,Calvin Harris,"['dance pop', 'edm', 'electro house', 'house', 'pop', 'progressive house', 'uk dance']"
6x2LnllRG5uGarZMsD4iO8,Thomas Rhett,"['contemporary country', 'country', 'country road', 'modern country rock']"
1pPmIToKXyGdsCF6LmqLmI,Rich The Kid,"['atl hip hop', 'pop', 'pop rap', 'rap', 'southern hip hop', 'trap music']"
1MXZ0hsGic96dWRDKwAwdr,Tyla Yaweh,[]
1pPmIToKXyGdsCF6LmqLmI,Rich The Kid,"['atl hip hop', 'pop', 'pop rap', 'rap', 'southern hip hop', 'trap music']"
6cEuCEZu7PAE9ZSzLLc2oQ,R3HAB,"['big room', 'dance pop', 'deep big room', 'dutch house', 'edm', 'electro house', 'pop', 'pop edm', 'progressive electro house', 'tropical house']"
6nxWCVXbOlEVRexSbLsTer,Flume,"['australian dance', 'australian electropop', 'australian indie', 'downtempo', 'edm', 'pop']"
7z2avKuuiMAT4XZJFv8Rvh,Tom Walker,"['indie anthem-folk', 'pop']"
6jGMq4yGs7aQzuGsMgVgZR,Lil Tjay,['nyc rap']
2FXC3k01G6Gw61bmprjgqS,Hozier,"['folk-pop', 'irish singer-songwriter', 'pop']"
41MozSoPIsD1dJM0CLPjZF,BLACKPINK,['k-pop']
7d3WFRME3vBY2cgoP38RDo,Lil Skies,['trap music']
6DIS6PRrLS3wbnZsf7vYic,WALK THE MOON,"['indie pop', 'indie poptimism', 'indietronica', 'modern rock', 'pop', 'pop rock']"
7kwCkEJ384PWm0UQW3hxjS,Yella Beezy,"['rap', 'southern hip hop', 'trap music']"
5lwmRuXgjX8xIwlnauTZIP,Romeo Santos,"['bachata', 'latin', 'tropical']"
1RyvyyTE3xzB2ZywiAwp0i,Future,"['atl hip hop', 'hip hop', 'pop', 'pop rap', 'rap', 'southern hip hop', 'trap music']"
5lwmRuXgjX8xIwlnauTZIP,Romeo Santos,"['bachata', 'latin', 'tropical']"
4tMm1dU6Gn04VAZ9ClHcIZ,Jacquees,"['atl hip hop', 'deep pop r&b', 'pop', 'pop rap', 'r&b', 'rap', 'trap music', 'urban contemporary']"
5lwmRuXgjX8xIwlnauTZIP,Romeo Santos,"['bachata', 'latin', 'tropical']"
17lzZA2AlOHwCwFALHttmp,2 Chainz,"['atl hip hop', 'hip hop', 'pop', 'pop rap', 'rap', 'southern hip hop', 'trap music']"
1pPmIToKXyGdsCF6LmqLmI,Rich The Kid,"['atl hip hop', 'pop', 'pop rap', 'rap', 'southern hip hop', 'trap music']"
26T3LtbuGT1Fu9m0eRq5X3,Cage The Elephant,"['garage rock', 'indie pop', 'indie rock', 'modern rock', 'punk blues', 'rock']"
7d3WFRME3vBY2cgoP38RDo,Lil Skies,['trap music']
3Fl1V19tmjt57oBdxXKAjJ,Blueface,"['cali rap', 'trap music']"
3Isy6kedDrgPYoTS1dazA9,Sean Paul,"['dance pop', 'dancehall', 'pop', 'pop rap']"
2hlmm7s2ICUX0LVIhVFlZQ,Gunna,"['atl hip hop', 'hip hop', 'pop rap', 'rap', 'trap music']"
3iri9nBFs9e4wN7PLIetAw,gnash,"['dance pop', 'pop', 'post-teen pop']"
5lwmRuXgjX8xIwlnauTZIP,Romeo Santos,"['bachata', 'latin', 'tropical']"
3hyEbRtp617pNCuuQjyOmc,Lost Kings,"['dance pop', 'edm', 'electro house', 'indie cafe pop', 'indie poptimism', 'pop', 'pop edm', 'post-teen pop', 'tropical house']"
1i8SpTcr7yvPOmcqrbnVXY,Ozuna,"['reggaeton', 'trap latino']"
1pPmIToKXyGdsCF6LmqLmI,Rich The Kid,"['atl hip hop', 'pop', 'pop rap', 'rap', 'southern hip hop', 'trap music']"
3b8QkneNDz4JHKKKlLgYZg,Florida Georgia Line,"['contemporary country', 'country', 'country pop', 'country road', 'modern country rock']"
2FXC3k01G6Gw61bmprjgqS,Hozier,"['folk-pop', 'irish singer-songwriter', 'pop']"
0cGUm45nv7Z6M6qdXYQGTX,Kehlani,"['dance pop', 'pop', 'post-teen pop', 'r&b']"
5lwmRuXgjX8xIwlnauTZIP,Romeo Santos,"['bachata', 'latin', 'tropical']"
2FXC3k01G6Gw61bmprjgqS,Hozier,"['folk-pop', 'irish singer-songwriter', 'pop']"
2ZRQcIgzPCVaT9XKhXZIzh,Gryffin,"['dance pop', 'edm', 'electro house', 'pop', 'pop edm', 'tropical house']"
7jZMxhsB8djyIbYmoiJSTs,Kiana Ledé,"['alternative r&b', 'dance pop', 'deep pop r&b', 'indie r&b', 'pop', 'post-teen pop', 'r&b']"
76M2Ekj8bG8W7X2nbx2CpF,NGHTMRE,"['bass trap', 'brostep', 'edm', 'electro house', 'electronic trap', 'moombahton', 'pop edm', 'vapor twitch']"
757aE44tKEUQEqRuT6GnEB,Roddy Ricch,"['rap', 'trap music']"
4xRYI6VqpkE3UwrDrAZL8L,Logic,"['conscious hip hop', 'dmv rap', 'hip hop', 'pop rap', 'rap']"
3hcs9uc56yIGFCSy9leWe7,Lil Durk,"['chicago rap', 'drill', 'hip hop', 'pop rap', 'rap', 'southern hip hop', 'trap music']"
2xaAOVImG2O6lURwqperlD,Catfish and the Bottlemen,"['indie rock', 'modern alternative rock', 'modern rock', 'rock', 'stomp pop', 'welsh rock']"
2hlmm7s2ICUX0LVIhVFlZQ,Gunna,"['atl hip hop', 'hip hop', 'pop rap', 'rap', 'trap music']"
2cFrymmkijnjDg9SS92EPM,blackbear,['pop']
4DdkRBBYG6Yk9Ka8tdJ9BW,Offset,"['atl hip hop', 'pop', 'pop rap', 'rap', 'trap music']"
1rSGNXhhYuWoq9BEz5DZGO,ARTY,"['big room', 'edm', 'electro house', 'pop edm', 'progressive electro house', 'progressive house', 'progressive trance', 'trance', 'uplifting trance']"
5CiGnKThu5ctn9pBxv7DGa,benny blanco,"['dance pop', 'electropop', 'pop']"
5lwmRuXgjX8xIwlnauTZIP,Romeo Santos,"['bachata', 'latin', 'tropical']"
4tMm1dU6Gn04VAZ9ClHcIZ,Jacquees,"['atl hip hop', 'deep pop r&b', 'pop', 'pop rap', 'r&b', 'rap', 'trap music', 'urban contemporary']"
4V8Sr092TqfHkfAA5fXXqG,Luis Fonsi,"['dance pop', 'latin', 'latin pop', 'pop']"
15UsOTVnJzReFVN1VCnxy4,XXXTENTACION,"['emo rap', 'miami hip hop']"
1cn7hpmFEpidzWJySGCTJF,John Gurney,['country pop']
5lwmRuXgjX8xIwlnauTZIP,Romeo Santos,"['bachata', 'latin', 'tropical']"
246dkjvS1zLTtiykXe5h60,Post Malone,"['pop', 'rap']"
1cZQSpDsxgKIX2yW5OR9Ot,Lennon Stella,"['canadian pop', 'dance pop', 'electropop', 'pop', 'post-teen pop']"
0X2BH1fck6amBIoJhDVmmJ,Ellie Goulding,"['dance pop', 'edm', 'electropop', 'metropopolis', 'pop', 'post-teen pop', 'r&b', 'tropical house']"
5lwmRuXgjX8xIwlnauTZIP,Romeo Santos,"['bachata', 'latin', 'tropical']"
07YZf4WDAMNwqr4jfgOZ8y,Jason Derulo,"['dance pop', 'pinoy hip hop', 'pop', 'pop rap', 'post-teen pop', 'r&b']"
7d3WFRME3vBY2cgoP38RDo,Lil Skies,['trap music']
1i8SpTcr7yvPOmcqrbnVXY,Ozuna,"['reggaeton', 'trap latino']"
4NZvixzsSefsNiIqXn0NDe,Maggie Rogers,['electropop']
3ApUX1o6oSz321MMECyIYd,Quinn XCII,"['electropop', 'indie pop rap', 'pop', 'pop rap']"
1GDbiv3spRmZ1XdM1jQbT7,Natti Natasha,"['latin', 'latin pop', 'reggaeton', 'tropical']"
137W8MRPWKqSmrBGDBFSop,Wiz Khalifa,"['hip hop', 'pittsburgh rap', 'pop', 'pop rap', 'rap', 'southern hip hop', 'trap music']"
60d24wfXkVzDSfLS6hyCjZ,Martin Garrix,"['big room', 'edm', 'pop', 'progressive house', 'tropical house']"
3wyVrVrFCkukjdVIdirGVY,Lil Pump,"['emo rap', 'miami hip hop', 'rap', 'trap music']"
2dIgFjalVxs4ThymZ67YCE,Stray Kids,['k-pop']
3ZZzT0naD25RhY2uZvIKkJ,EVERGLOW,['k-pop']
4xRYI6VqpkE3UwrDrAZL8L,Logic,"['conscious hip hop', 'dmv rap', 'hip hop', 'pop rap', 'rap']"
7d3WFRME3vBY2cgoP38RDo,Lil Skies,['trap music']
41MozSoPIsD1dJM0CLPjZF,BLACKPINK,['k-pop']
1TtXnWcUs0FCkaZDPGYHdf,Darell,"['latin hip hop', 'reggaeton flow', 'trap latino']"
2PSJ6YriU7JsFucxACpU7Y,CHUNG HA,"['k-pop', 'korean pop']"
3TVXtAsR1Inumwj472S9r4,Drake,"['canadian hip hop', 'canadian pop', 'hip hop', 'pop rap', 'rap']"
7rkW85dBwwrJtlHRDkJDAC,NAV,"['canadian hip hop', 'pop', 'pop rap', 'rap', 'southern hip hop', 'trap music']"
4DdkRBBYG6Yk9Ka8tdJ9BW,Offset,"['atl hip hop', 'pop', 'pop rap', 'rap', 'trap music']"
2auiVi8sUZo17dLy1HwrTU,Solange,"['alternative r&b', 'hip pop', 'neo soul', 'pop', 'r&b', 'urban contemporary']"
2FXC3k01G6Gw61bmprjgqS,Hozier,"['folk-pop', 'irish singer-songwriter', 'pop']"
1bqxdqvUtPWZri43cKHac8,MAX,"['dance pop', 'indie poptimism', 'pop', 'post-teen pop', 'viral pop']"
4DdkRBBYG6Yk9Ka8tdJ9BW,Offset,"['atl hip hop', 'pop', 'pop rap', 'rap', 'trap music']"
6i1GVNJCyyssRwXmnaeEFH,Syn Cole,"['big room', 'dance pop', 'deep tropical house', 'edm', 'electro house', 'house', 'pop', 'pop edm', 'progressive electro house', 'progressive house', 'tropical house']"
4r63FhuTkUYltbVAg5TQnk,DaBaby,"['nc hip hop', 'rap', 'southern hip hop', 'trap music', 'vapor trap']"
6s22t5Y3prQHyaHWUN1R1C,AJR,"['modern rock', 'pop']"
1dID9zgn0OV0Y8ud7Mh2tS,Dustin Lynch,"['contemporary country', 'country', 'country road', 'modern country rock']"
2rhFzFmezpnW82MNqEKVry,Ski Mask The Slump God,"['miami hip hop', 'rap', 'trap music']"
7bmYpVgQub656uNTu6qGNQ,Hwa Sa,[]
1JOdUvDAzNy3L37rZ4Nigr,pewdiepie,['antiviral pop']
4xRYI6VqpkE3UwrDrAZL8L,Logic,"['conscious hip hop', 'dmv rap', 'hip hop', 'pop rap', 'rap']"
3EXdLajEO02ziZ90P90bSW,Lil Xan,"['emo rap', 'underground hip hop', 'vapor trap']"
1KCSPY1glIKqW2TotWuXOR,P!nk,"['dance pop', 'pop', 'post-teen pop']"
4DdkRBBYG6Yk9Ka8tdJ9BW,Offset,"['atl hip hop', 'pop', 'pop rap', 'rap', 'trap music']"
7rOlQwf8OuFLFQp4aydjBt,Paloma Mami,"['latin pop', 'reggaeton chileno', 'trap chileno']"
2AfmfGFbe0A0WsTYm0SDTx,(G)I-DLE,['k-pop']
2auiVi8sUZo17dLy1HwrTU,Solange,"['alternative r&b', 'hip pop', 'neo soul', 'pop', 'r&b', 'urban contemporary']"
1INuLZXjjVbcJRyWvD1iSq,Jack & Jack,"['dance pop', 'pop', 'post-teen pop', 'teen pop']"
3jOstUTkEu2JkjvRdBA5Gu,Weezer,"['alternative rock', 'modern rock', 'permanent wave', 'pop punk', 'pop rock', 'post-grunge', 'rock']"
7CajNmpbOovFoOoasH2HaY,Calvin Harris,"['dance pop', 'edm', 'electro house', 'house', 'pop', 'progressive house', 'uk dance']"
4Uc8Dsxct0oMqx0P6i60ea,Conan Gray,"['bedroom pop', 'dance pop', 'pop']"
6AgTAQt8XS6jRWi4sX7w49,Polo G,"['chicago rap', 'vapor trap']"
7rkW85dBwwrJtlHRDkJDAC,NAV,"['canadian hip hop', 'pop', 'pop rap', 'rap', 'southern hip hop', 'trap music']"
4ZgQDCtRqZlhLswVS6MHN4,grandson,"['modern alternative rock', 'modern rock']"
1pPmIToKXyGdsCF6LmqLmI,Rich The Kid,"['atl hip hop', 'pop', 'pop rap', 'rap', 'southern hip hop', 'trap music']"
5gCRApTajqwbnHHPbr2Fpi,Juicy J,"['crunk', 'dirty south rap', 'gangster rap', 'hip hop', 'memphis hip hop', 'pop rap', 'rap', 'southern hip hop', 'trap music']"
6TXM1kV4L8DsDAkAfbOPYk,Ally Brooke,['post-teen pop']
41MozSoPIsD1dJM0CLPjZF,BLACKPINK,['k-pop']
3jK9MiCrA42lLAdMGUZpwa,Anderson .Paak,"['escape room', 'hip hop']"
2kCcBybjl3SAtIcwdWpUe3,Lil Peep,"['emo rap', 'lgbtq+ hip hop']"
4xRYI6VqpkE3UwrDrAZL8L,Logic,"['conscious hip hop', 'dmv rap', 'hip hop', 'pop rap', 'rap']"
2hlmm7s2ICUX0LVIhVFlZQ,Gunna,"['atl hip hop', 'hip hop', 'pop rap', 'rap', 'trap music']"
4xRYI6VqpkE3UwrDrAZL8L,Logic,"['conscious hip hop', 'dmv rap', 'hip hop', 'pop rap', 'rap']"
45eNHdiiabvmbp4erw26rg,ILLENIUM,"['edm', 'pop', 'pop edm', 'tropical house']"
26T4yOaOoFJvUvxR87Y9HO,Bethel Music,"['ambient worship', 'anthem worship', 'ccm', 'christian music', 'deep ccm', 'world worship', 'worship']"
24CgJHK6T7C5OmUbiLLMjJ,Luh Kel,[]
0XATRDCYuuGhk0oE7C0o5G,Mamamoo,"['k-pop', 'korean pop']"
4DdkRBBYG6Yk9Ka8tdJ9BW,Offset,"['atl hip hop', 'pop', 'pop rap', 'rap', 'trap music']"
0ErzCpIMyLcjPiwT4elrtZ,NLE Choppa,['vapor trap']
17lzZA2AlOHwCwFALHttmp,2 Chainz,"['atl hip hop', 'hip hop', 'pop', 'pop rap', 'rap', 'southern hip hop', 'trap music']"
2FXC3k01G6Gw61bmprjgqS,Hozier,"['folk-pop', 'irish singer-songwriter', 'pop']"
5LHRHt1k9lMyONurDHEdrp,Tyga,"['hip hop', 'pop', 'pop rap', 'rap', 'southern hip hop', 'trap music']"
66CXWjxzNUsdJxJ2JdwvnR,Ariana Grande,"['dance pop', 'pop', 'post-teen pop']"
7rkW85dBwwrJtlHRDkJDAC,NAV,"['canadian hip hop', 'pop', 'pop rap', 'rap', 'southern hip hop', 'trap music']"
1pPmIToKXyGdsCF6LmqLmI,Rich The Kid,"['atl hip hop', 'pop', 'pop rap', 'rap', 'southern hip hop', 'trap music']"
2FXC3k01G6Gw61bmprjgqS,Hozier,"['folk-pop', 'irish singer-songwriter', 'pop']"
4DdkRBBYG6Yk9Ka8tdJ9BW,Offset,"['atl hip hop', 'pop', 'pop rap', 'rap', 'trap music']"
2FXC3k01G6Gw61bmprjgqS,Hozier,"['folk-pop', 'irish singer-songwriter', 'pop']"
2hlmm7s2ICUX0LVIhVFlZQ,Gunna,"['atl hip hop', 'hip hop', 'pop rap', 'rap', 'trap music']"
17lzZA2AlOHwCwFALHttmp,2 Chainz,"['atl hip hop', 'hip hop', 'pop', 'pop rap', 'rap', 'southern hip hop', 'trap music']"
2cFrymmkijnjDg9SS92EPM,blackbear,['pop']
0HcyeAioEKhfwVcJAoyN36,Knowmadic,"['chillhop', 'lo-fi beats']"
7CajNmpbOovFoOoasH2HaY,Calvin Harris,"['dance pop', 'edm', 'electro house', 'house', 'pop', 'progressive house', 'uk dance']"
77AiFEVeAVj2ORpC85QVJs,Steve Aoki,"['big room', 'dance pop', 'edm', 'electro house', 'pop', 'tropical house']"
1pPmIToKXyGdsCF6LmqLmI,Rich The Kid,"['atl hip hop', 'pop', 'pop rap', 'rap', 'southern hip hop', 'trap music']"
2hlmm7s2ICUX0LVIhVFlZQ,Gunna,"['atl hip hop', 'hip hop', 'pop rap', 'rap', 'trap music']"
5cj0lLjcoR7YOSnhnX0Po5,Doja Cat,"['alternative r&b', 'electropop', 'escape room', 'la indie', 'pop']"
4NZvixzsSefsNiIqXn0NDe,Maggie Rogers,['electropop']
7CajNmpbOovFoOoasH2HaY,Calvin Harris,"['dance pop', 'edm', 'electro house', 'house', 'pop', 'progressive house', 'uk dance']"
0cGUm45nv7Z6M6qdXYQGTX,Kehlani,"['dance pop', 'pop', 'post-teen pop', 'r&b']"
0ZED1XzwlLHW4ZaG4lOT6m,Julia Michaels,"['dance pop', 'electropop', 'pop', 'post-teen pop', 'r&b']"
4IWBUUAFIplrNtaOHcJPRM,James Arthur,"['dance pop', 'pop', 'post-teen pop', 'talent show']"
4r63FhuTkUYltbVAg5TQnk,DaBaby,"['nc hip hop', 'rap', 'southern hip hop', 'trap music', 'vapor trap']"
64KEffDW9EtZ1y2vBYgq8T,Marshmello,"['brostep', 'egyptian pop', 'progressive electro house']"
1Nd1g8fezKoJ6DGauWbZIm,Beast Coast,['underground hip hop']
00FQb4jTyendYWaN8pK0wa,Lana Del Rey,"['dance pop', 'electropop', 'pop']"
7DuTB6wdzqFJGFLSH17k8e,Bhad Bhabie,"['pop', 'trap queen']"
3Isy6kedDrgPYoTS1dazA9,Sean Paul,"['dance pop', 'dancehall', 'pop', 'pop rap']"
56x8mYvS3cyDGAi8N2FxbB,Randy Houser,"['contemporary country', 'country', 'country pop', 'country road', 'modern country rock', 'redneck']"
17lzZA2AlOHwCwFALHttmp,2 Chainz,"['atl hip hop', 'hip hop', 'pop', 'pop rap', 'rap', 'southern hip hop', 'trap music']"
4iMO20EPodreIaEl8qW66y,Still Woozy,"['bedroom pop', 'indie r&b', 'vapor soul']"
3WIjOR36QpKStT6hfxguh5,Rannar Sillard,['focus']
7rkW85dBwwrJtlHRDkJDAC,NAV,"['canadian hip hop', 'pop', 'pop rap', 'rap', 'southern hip hop', 'trap music']"
3dwkO7z23scCJppeqHGTy3,Steven Goldmund,[]
3Fdm9TFJQCLmC3AWMuGExi,Ugly God,"['rap', 'southern hip hop', 'trap music', 'underground hip hop', 'vapor trap']"
1RyvyyTE3xzB2ZywiAwp0i,Future,"['atl hip hop', 'hip hop', 'pop', 'pop rap', 'rap', 'southern hip hop', 'trap music']"
7hJcb9fa4alzcOq3EaNPoG,Snoop Dogg,"['g funk', 'gangster rap', 'hip hop', 'pop rap', 'rap', 'west coast rap']"
4Q6nIcaBED8qUel8bBx6Cr,Jax Jones,"['dance pop', 'edm', 'house', 'pop', 'tropical house', 'uk dance']"
360IAlyVv4PCEVjgyMZrxK,Miguel,"['dance pop', 'pop', 'pop rap', 'r&b', 'rap', 'urban contemporary']"
6WY7D3jk8zTrHtmkqqo5GI,Maren Morris,['contemporary country']
0cGUm45nv7Z6M6qdXYQGTX,Kehlani,"['dance pop', 'pop', 'post-teen pop', 'r&b']"
6sFIWsNpZYqfjUpaCgueju,Carly Rae Jepsen,"['canadian pop', 'dance pop', 'electropop', 'indie poptimism', 'pop', 'post-teen pop', 'uk pop']"
7rkW85dBwwrJtlHRDkJDAC,NAV,"['canadian hip hop', 'pop', 'pop rap', 'rap', 'southern hip hop', 'trap music']"
25G0894RyKrGyKDqdG1pGu,Alex Couture,[]
1GAymyGBvB4gQy5Z5LZ1Wj,Lalo Ebratt,"['colombian hip hop', 'latin']"
3iri9nBFs9e4wN7PLIetAw,gnash,"['dance pop', 'pop', 'post-teen pop']"
2cFrymmkijnjDg9SS92EPM,blackbear,['pop']
3TVXtAsR1Inumwj472S9r4,Drake,"['canadian hip hop', 'canadian pop', 'hip hop', 'pop rap', 'rap']"
2FXC3k01G6Gw61bmprjgqS,Hozier,"['folk-pop', 'irish singer-songwriter', 'pop']"
0XKOBt59crntr7HQXXO8Yz,Brooks & Dunn,"['contemporary country', 'country', 'country road', 'red dirt', 'traditional country']"
7rkW85dBwwrJtlHRDkJDAC,NAV,"['canadian hip hop', 'pop', 'pop rap', 'rap', 'southern hip hop', 'trap music']"
17lzZA2AlOHwCwFALHttmp,2 Chainz,"['atl hip hop', 'hip hop', 'pop', 'pop rap', 'rap', 'southern hip hop', 'trap music']"
360IAlyVv4PCEVjgyMZrxK,Miguel,"['dance pop', 'pop', 'pop rap', 'r&b', 'rap', 'urban contemporary']"
4oUHIQIBe0LHzYfvXNW4QM,Morgan Wallen,"['contemporary country', 'country road', 'deep talent show']"
7rkW85dBwwrJtlHRDkJDAC,NAV,"['canadian hip hop', 'pop', 'pop rap', 'rap', 'southern hip hop', 'trap music']"
2zmrsXMHxagFz6vI2cD7r6,Ella Vos,"['dance pop', 'electropop', 'indie cafe pop', 'indie electro-pop', 'indie poptimism', 'pop', 'vapor soul']"
6WY7D3jk8zTrHtmkqqo5GI,Maren Morris,['contemporary country']
5gtNVNylJUg6NfvM0LjLtr,Intentional Vibes,[]
3ApUX1o6oSz321MMECyIYd,Quinn XCII,"['electropop', 'indie pop rap', 'pop', 'pop rap']"
2iojnBLj0qIMiKPvVhLnsH,Trey Songz,"['dance pop', 'pop', 'pop rap', 'r&b', 'southern hip hop', 'trap music', 'urban contemporary']"
1cNDP5yjU5vjeR8qMf4grg,YNW Melly,"['rap', 'trap music']"
5vngPClqofybhPERIqQMYd,George Strait,"['contemporary country', 'country', 'country road']"
5YGY8feqx7naU7z4HrwZM6,Miley Cyrus,"['dance pop', 'pop', 'post-teen pop']"
2FXC3k01G6Gw61bmprjgqS,Hozier,"['folk-pop', 'irish singer-songwriter', 'pop']"
0eecdvMrqBftK0M1VKhaF4,CNCO,"['boy band', 'latin', 'latin pop', 'pop', 'reggaeton', 'tropical']"
4NZvixzsSefsNiIqXn0NDe,Maggie Rogers,['electropop']
2FXC3k01G6Gw61bmprjgqS,Hozier,"['folk-pop', 'irish singer-songwriter', 'pop']"
6WY7D3jk8zTrHtmkqqo5GI,Maren Morris,['contemporary country']
4nvRxWe5SwOuTDQZ500nzo,Voyager,"['atmosphere', 'focus']"
6sFIWsNpZYqfjUpaCgueju,Carly Rae Jepsen,"['canadian pop', 'dance pop', 'electropop', 'indie poptimism', 'pop', 'post-teen pop', 'uk pop']"
3oSJ7TBVCWMDMiYjXNiCKE,Kane Brown,"['contemporary country', 'country road']"
1pPmIToKXyGdsCF6LmqLmI,Rich The Kid,"['atl hip hop', 'pop', 'pop rap', 'rap', 'southern hip hop', 'trap music']"
3WIjOR36QpKStT6hfxguh5,Rannar Sillard,['focus']
7rkW85dBwwrJtlHRDkJDAC,NAV,"['canadian hip hop', 'pop', 'pop rap', 'rap', 'southern hip hop', 'trap music']"
41X1TR6hrK8Q2ZCpp2EqCz,bbno$,"['canadian hip hop', 'dark trap', 'underground hip hop', 'vapor trap']"
5IH6FPUwQTxPSXurCrcIov,Alec Benjamin,"['dance pop', 'pop']"
4NZvixzsSefsNiIqXn0NDe,Maggie Rogers,['electropop']
6eGKvCZdc06HkiwZKFlcBY,Tejal Yann,[]
2jnIB6XdLvnJUeNTy5A0J2,Why Don't We,"['boy band', 'dance pop', 'pop', 'post-teen pop', 'teen pop']"
3ApUX1o6oSz321MMECyIYd,Quinn XCII,"['electropop', 'indie pop rap', 'pop', 'pop rap']"
2FwJwEswyIUAljqgjNSHgP,Snakehips,"['dance pop', 'edm', 'electropop', 'indie poptimism', 'pop', 'pop rap', 'tropical house']"
3b8QkneNDz4JHKKKlLgYZg,Florida Georgia Line,"['contemporary country', 'country', 'country pop', 'country road', 'modern country rock']"
3b8QkneNDz4JHKKKlLgYZg,Florida Georgia Line,"['contemporary country', 'country', 'country pop', 'country road', 'modern country rock']"
0n94vC3S9c3mb2HyNAOcjg,The Head and the Heart,"['chamber pop', 'folk-pop', 'indie folk', 'indie pop', 'indie rock', 'indiecoustica', 'modern rock', 'neo mellow', 'new americana', 'seattle indie', 'stomp and holler']"
3Sz7ZnJQBIHsXLUSo0OQtM,Mac DeMarco,['edmonton indie']
0X2BH1fck6amBIoJhDVmmJ,Ellie Goulding,"['dance pop', 'edm', 'electropop', 'metropopolis', 'pop', 'post-teen pop', 'r&b', 'tropical house']"
540vIaP2JwjQb9dm3aArA4,DJ Snake,"['dance pop', 'edm', 'electronic trap', 'pop', 'tropical house']"
7rkW85dBwwrJtlHRDkJDAC,NAV,"['canadian hip hop', 'pop', 'pop rap', 'rap', 'southern hip hop', 'trap music']"
6WY7D3jk8zTrHtmkqqo5GI,Maren Morris,['contemporary country']
5WUlDfRSoLAfcVSX1WnrxN,Sia,"['australian dance', 'australian pop', 'dance pop', 'pop']"
2DlGxzQSjYe5N6G9nkYghR,Jennifer Lopez,"['dance pop', 'pop', 'pop rap', 'post-teen pop', 'r&b', 'urban contemporary']"
0cGUm45nv7Z6M6qdXYQGTX,Kehlani,"['dance pop', 'pop', 'post-teen pop', 'r&b']"
1RyvyyTE3xzB2ZywiAwp0i,Future,"['atl hip hop', 'hip hop', 'pop', 'pop rap', 'rap', 'southern hip hop', 'trap music']"
790FomKkXshlbRYZFtlgla,Karol G,['reggaeton']
360IAlyVv4PCEVjgyMZrxK,Miguel,"['dance pop', 'pop', 'pop rap', 'r&b', 'rap', 'urban contemporary']"
6VOBt4TWKchK9yAYqEwEqG,Empty Space,[]
2UZMlIwnkgAEDBsw1Rejkn,Tom Petty,"['album rock', 'classic rock', 'folk rock', 'heartland rock', 'mellow gold', 'pop rock', 'rock', 'roots rock', 'singer-songwriter', 'soft rock']"
6Iz3eq2aQGFf7TbGT2iahL,Gabby Barrett,['country pop']
75dQReiBOHN37fQgWQrIAJ,Local Natives,"['chamber pop', 'chillwave', 'electropop', 'folk-pop', 'indie folk', 'indie pop', 'indie psych-rock', 'indie rock', 'indietronica', 'la indie', 'modern rock', 'shimmer pop', 'stomp and holler']"
2FXC3k01G6Gw61bmprjgqS,Hozier,"['folk-pop', 'irish singer-songwriter', 'pop']"
7rkW85dBwwrJtlHRDkJDAC,NAV,"['canadian hip hop', 'pop', 'pop rap', 'rap', 'southern hip hop', 'trap music']"
7gP3bB2nilZXLfPHJhMdvc,Foster The People,"['indie pop', 'indie rock', 'modern rock', 'pop', 'rock']"
6MoXcK2GyGg7FIyxPU5yW6,SUNMI,['k-pop']
3e7awlrlDSwF3iM0WBjGMp,Little Mix,"['dance pop', 'girl group', 'pop', 'post-teen pop', 'r&b', 'talent show', 'uk pop']"
3Uobr6LgQpBbk6k4QGAb3V,I Prevail,['screamo']
1iJdyDcY98X3GMnUesl7tf,Comethazine,"['trap music', 'underground hip hop', 'vapor trap']"
2Tglaf8nvDzwSQnpSrjLHP,Cuco,['dream pop']
3Uobr6LgQpBbk6k4QGAb3V,I Prevail,['screamo']
3TVXtAsR1Inumwj472S9r4,Drake,"['canadian hip hop', 'canadian pop', 'hip hop', 'pop rap', 'rap']"
2YOYua8FpudSEiB9s88IgQ,Yung Gravy,"['meme rap', 'minnesota hip hop', 'vapor trap']"
53XhwfbYqKCa1cC15pYq2q,Imagine Dragons,"['modern rock', 'rock']"
17lzZA2AlOHwCwFALHttmp,2 Chainz,"['atl hip hop', 'hip hop', 'pop', 'pop rap', 'rap', 'southern hip hop', 'trap music']"
0ys2OFYzWYB5hRDLCsBqxt,Fuerza Regida,[]
4TCXgdDPm10ensLNCVnIYa,Joy Williams,"['acoustic pop', 'christian indie', 'folk-pop', 'indie folk', 'indiecoustica', 'new americana']"
0ZxZlO7oWCSYMXhehpyMvE,COIN,"['indie pop', 'indie poptimism', 'indietronica', 'modern rock', 'pop']"
7FNnA9vBm6EKceENgCGRMb,Anitta,"['baile pop', 'funk carioca', 'funk das antigas']"
2iojnBLj0qIMiKPvVhLnsH,Trey Songz,"['dance pop', 'pop', 'pop rap', 'r&b', 'southern hip hop', 'trap music', 'urban contemporary']"
360IAlyVv4PCEVjgyMZrxK,Miguel,"['dance pop', 'pop', 'pop rap', 'r&b', 'rap', 'urban contemporary']"
1MIVXf74SZHmTIp4V4paH4,Mabel,"['dance pop', 'house', 'pop', 'post-teen pop', 'r&b', 'tropical house', 'uk pop']"
360IAlyVv4PCEVjgyMZrxK,Miguel,"['dance pop', 'pop', 'pop rap', 'r&b', 'rap', 'urban contemporary']"
0ghlgldX5Dd6720Q3qFyQB,TOMORROW X TOGETHER,['k-pop']
4lPl9gqgox3JDiaJ1yklKh,Tierra Whack,"['alternative r&b', 'escape room', 'underground hip hop']"
6eGKvCZdc06HkiwZKFlcBY,Tejal Yann,[]
5vCyUIqN5rujUkzGq5iJq2,Gus Cleese,[]
2cFrymmkijnjDg9SS92EPM,blackbear,['pop']
4BYxqVkZyFjtik7crYLg5Q,Chris Young,"['contemporary country', 'country', 'country road', 'modern country rock']"
3M1quhETLChtt9NHKVaajX,Quin Nfn,[]
3TVXtAsR1Inumwj472S9r4,Drake,"['canadian hip hop', 'canadian pop', 'hip hop', 'pop rap', 'rap']"
1MXZ0hsGic96dWRDKwAwdr,Tyla Yaweh,[]
4UXqAaa6dQYAk18Lv7PEgX,Fall Out Boy,"['emo', 'modern rock', 'pop punk']"
5BvJzeQpmsdsFp4HGUYUEx,Vampire Weekend,"['chamber pop', 'folk-pop', 'garage rock', 'indie folk', 'indie pop', 'indie rock', 'indietronica', 'modern rock', 'stomp and holler']"
3Uobr6LgQpBbk6k4QGAb3V,I Prevail,['screamo']
5MbNzCW3qokGyoo9giHA3V,EARTHGANG,"['atl hip hop', 'hip hop', 'pop rap', 'rap', 'southern hip hop', 'underground hip hop']"
3b8QkneNDz4JHKKKlLgYZg,Florida Georgia Line,"['contemporary country', 'country', 'country pop', 'country road', 'modern country rock']"
4r63FhuTkUYltbVAg5TQnk,DaBaby,"['nc hip hop', 'rap', 'southern hip hop', 'trap music', 'vapor trap']"
1W7FNibLa0O0b572tB2w7t,Pink Sweat$,"['alternative r&b', 'bedroom soul', 'indie r&b', 'pop']"
2FXC3k01G6Gw61bmprjgqS,Hozier,"['folk-pop', 'irish singer-songwriter', 'pop']"
7z5WFjZAIYejWy0NI5lv4T,Dan + Shay,['contemporary country']
6wWVKhxIU2cEi0K81v7HvP,Rammstein,"['alternative metal', 'german metal', 'industrial', 'industrial metal', 'industrial rock', 'neue deutsche harte', 'nu metal']"
17lzZA2AlOHwCwFALHttmp,2 Chainz,"['atl hip hop', 'hip hop', 'pop', 'pop rap', 'rap', 'southern hip hop', 'trap music']"
0UWZUmn7sybxMCqrw9tGa7,Juanes,"['colombian pop', 'cumbia', 'dance pop', 'latin', 'latin pop', 'mexican pop', 'pop', 'rock en espanol', 'tropical']"
0GG2cWaonE4JPrjcCCQ1EG,SG Lewis,"['alternative r&b', 'electropop', 'indie poptimism', 'indie r&b', 'tropical house', 'vapor soul', 'vapor twitch']"
7z5WFjZAIYejWy0NI5lv4T,Dan + Shay,['contemporary country']
7z5WFjZAIYejWy0NI5lv4T,Dan + Shay,['contemporary country']
3pSfwb3p6BVPTYDkNdgxS2,Arbour,"['chillhop', 'lo-fi beats']"
5WUlDfRSoLAfcVSX1WnrxN,Sia,"['australian dance', 'australian pop', 'dance pop', 'pop']"
5H1nN1SzW0qNeUEZvuXjAj,Danny Ocean,"['latin', 'latin pop', 'pop', 'reggaeton', 'tropical']"
5WUlDfRSoLAfcVSX1WnrxN,Sia,"['australian dance', 'australian pop', 'dance pop', 'pop']"
5WUlDfRSoLAfcVSX1WnrxN,Sia,"['australian dance', 'australian pop', 'dance pop', 'pop']"
5WUlDfRSoLAfcVSX1WnrxN,Sia,"['australian dance', 'australian pop', 'dance pop', 'pop']"
5WUlDfRSoLAfcVSX1WnrxN,Sia,"['australian dance', 'australian pop', 'dance pop', 'pop']"
5WUlDfRSoLAfcVSX1WnrxN,Sia,"['australian dance', 'australian pop', 'dance pop', 'pop']"
5WUlDfRSoLAfcVSX1WnrxN,Sia,"['australian dance', 'australian pop', 'dance pop', 'pop']"
5WUlDfRSoLAfcVSX1WnrxN,Sia,"['australian dance', 'australian pop', 'dance pop', 'pop']"
5WUlDfRSoLAfcVSX1WnrxN,Sia,"['australian dance', 'australian pop', 'dance pop', 'pop']"
5WUlDfRSoLAfcVSX1WnrxN,Sia,"['australian dance', 'australian pop', 'dance pop', 'pop']"
5WUlDfRSoLAfcVSX1WnrxN,Sia,"['australian dance', 'australian pop', 'dance pop', 'pop']"
7AzjETXRUKNRSJHMW9GIqd,Nina Nesbitt,"['dance pop', 'electropop', 'indie cafe pop', 'neo-singer-songwriter', 'pop', 'post-teen pop', 'uk pop']"
4DdkRBBYG6Yk9Ka8tdJ9BW,Offset,"['atl hip hop', 'pop', 'pop rap', 'rap', 'trap music']"
2HD6u9F4pocPtFgmev72AK,Momento,[]
6jGMq4yGs7aQzuGsMgVgZR,Lil Tjay,['nyc rap']
4xRYI6VqpkE3UwrDrAZL8L,Logic,"['conscious hip hop', 'dmv rap', 'hip hop', 'pop rap', 'rap']"
3J0BpFVUc9LeOIVeN5uNhU,Lauren Jauregui,['r&b']
4xRYI6VqpkE3UwrDrAZL8L,Logic,"['conscious hip hop', 'dmv rap', 'hip hop', 'pop rap', 'rap']"
5bWUlnPx9OYKsLiUJrhCA1,Jon Z,"['reggaeton flow', 'trap latino']"
4xRYI6VqpkE3UwrDrAZL8L,Logic,"['conscious hip hop', 'dmv rap', 'hip hop', 'pop rap', 'rap']"
7rkW85dBwwrJtlHRDkJDAC,NAV,"['canadian hip hop', 'pop', 'pop rap', 'rap', 'southern hip hop', 'trap music']"
1RyvyyTE3xzB2ZywiAwp0i,Future,"['atl hip hop', 'hip hop', 'pop', 'pop rap', 'rap', 'southern hip hop', 'trap music']"
6guC9FqvlVboSKTI77NG2k,Dance Gavin Dance,"['metalcore', 'pixie', 'screamo']"
4AVFqumd2ogHFlRbKIjp1t,Alesso,"['big room', 'dance pop', 'edm', 'electro house', 'pop', 'progressive electro house', 'tropical house']"
7DMveApC7UnC2NPfPvlHSU,Cheat Codes,"['dance pop', 'edm', 'electropop', 'pop', 'pop edm', 'post-teen pop', 'tropical house']"
3TVXtAsR1Inumwj472S9r4,Drake,"['canadian hip hop', 'canadian pop', 'hip hop', 'pop rap', 'rap']"
7hJcb9fa4alzcOq3EaNPoG,Snoop Dogg,"['g funk', 'gangster rap', 'hip hop', 'pop rap', 'rap', 'west coast rap']"
3wyVrVrFCkukjdVIdirGVY,Lil Pump,"['emo rap', 'miami hip hop', 'rap', 'trap music']"
0ghlgldX5Dd6720Q3qFyQB,TOMORROW X TOGETHER,['k-pop']
6nxWCVXbOlEVRexSbLsTer,Flume,"['australian dance', 'australian electropop', 'australian indie', 'downtempo', 'edm', 'pop']"
2I9SLklAOG0vdMiUUMNxRl,88GLAM,"['canadian hip hop', 'rap', 'southern hip hop', 'trap music', 'trap soul', 'underground hip hop', 'vapor trap']"
6WY7D3jk8zTrHtmkqqo5GI,Maren Morris,['contemporary country']
7EWU4FhUJM1sZQgQKdENeT,Hopsin,"['conscious hip hop', 'gangster rap', 'hip hop', 'pop rap', 'rap']"
3Gm5F95VdRxW3mqCn8RPBJ,Aminé,"['hip hop', 'pop rap', 'portland hip hop', 'rap']"
6VOBt4TWKchK9yAYqEwEqG,Empty Space,[]
3L8FZaw2Rg1oUw3vB4gUME,Bazanji,"['bass trap', 'deep underground hip hop', 'indie pop rap']"
2iZyGXzGD6s9U9QkirdcbF,Naturally Recurring,[]
2HD6u9F4pocPtFgmev72AK,Momento,[]
3TVXtAsR1Inumwj472S9r4,Drake,"['canadian hip hop', 'canadian pop', 'hip hop', 'pop rap', 'rap']"
7rkW85dBwwrJtlHRDkJDAC,NAV,"['canadian hip hop', 'pop', 'pop rap', 'rap', 'southern hip hop', 'trap music']"
5KNNVgR6LBIABRIomyCwKJ,Dermot Kennedy,"['indie anthem-folk', 'indie folk']"
7rkW85dBwwrJtlHRDkJDAC,NAV,"['canadian hip hop', 'pop', 'pop rap', 'rap', 'southern hip hop', 'trap music']"
6cK3NBO6uP7hh0oyuVELFl,Saweetie,"['cali rap', 'deep pop r&b', 'hip pop', 'pop', 'r&b', 'trap queen']"
2auiVi8sUZo17dLy1HwrTU,Solange,"['alternative r&b', 'hip pop', 'neo soul', 'pop', 'r&b', 'urban contemporary']"
4uyIwcaJgV9ShErevnVlNp,10k.Caash,['vapor trap']
4r63FhuTkUYltbVAg5TQnk,DaBaby,"['nc hip hop', 'rap', 'southern hip hop', 'trap music', 'vapor trap']"
5IcR3N7QB1j6KBL8eImZ8m,ScHoolboy Q,"['gangster rap', 'hip hop', 'pop', 'pop rap', 'rap', 'southern hip hop', 'trap music', 'underground hip hop']"
540HJhSFm9vELfBbvxRAEJ,JTres,['corrido']
1n2pb9Tsfe4SwAjmUac6YT,Jake Owen,"['contemporary country', 'country', 'country pop', 'country road', 'modern country rock']"
1lVDBUHFHFGNogAAqnmYDN,SomeThingElseyt,[]
0TnOYISbd1XYRBk9myaseg,Pitbull,"['dance pop', 'latin', 'miami hip hop', 'pop', 'pop rap']"
0TnOYISbd1XYRBk9myaseg,Pitbull,"['dance pop', 'latin', 'miami hip hop', 'pop', 'pop rap']"
78YqeIji3mgAS2K1Maca6x,Dylan Scott,"['contemporary country', 'country pop', 'country road', 'modern country rock']"
3TVXtAsR1Inumwj472S9r4,Drake,"['canadian hip hop', 'canadian pop', 'hip hop', 'pop rap', 'rap']"
7hOGhpa8RMSuDOWntGIAJt,A R I Z O N A,"['deep tropical house', 'electropop', 'indie poptimism', 'modern rock', 'pop', 'pop edm', 'tropical house']"
4DdkRBBYG6Yk9Ka8tdJ9BW,Offset,"['atl hip hop', 'pop', 'pop rap', 'rap', 'trap music']"
7ibAWtDtmEfaVhc1FJ3Vl9,Eric Bellinger,"['alternative r&b', 'deep pop r&b', 'indie r&b', 'pop', 'pop rap', 'r&b', 'rap', 'urban contemporary']"
57LYzLEk2LcFghVwuWbcuS,Summer Walker,"['alternative r&b', 'deep pop r&b', 'indie r&b', 'pop', 'r&b', 'urban contemporary']"
5YHM0i7v5TqqibZhS0YiuX,Ryan Trey,['trap soul']
3dwkO7z23scCJppeqHGTy3,Steven Goldmund,[]
1pPmIToKXyGdsCF6LmqLmI,Rich The Kid,"['atl hip hop', 'pop', 'pop rap', 'rap', 'southern hip hop', 'trap music']"
74cb3MG0x0BOnYNW1uXYnM,Hillsong UNITED,"['ccm', 'christian alternative rock', 'christian music', 'world worship', 'worship']"
3q7HBObVc0L8jNeTe5Gofh,50 Cent,"['east coast hip hop', 'gangster rap', 'hip hop', 'pop rap', 'rap']"
5usbqiU7sjvszjWecANDL6,Boogie,"['hip hop', 'pop rap', 'rap', 'southern hip hop', 'underground hip hop']"
0ghlgldX5Dd6720Q3qFyQB,TOMORROW X TOGETHER,['k-pop']
7rkW85dBwwrJtlHRDkJDAC,NAV,"['canadian hip hop', 'pop', 'pop rap', 'rap', 'southern hip hop', 'trap music']"
1pPmIToKXyGdsCF6LmqLmI,Rich The Kid,"['atl hip hop', 'pop', 'pop rap', 'rap', 'southern hip hop', 'trap music']"
7rkW85dBwwrJtlHRDkJDAC,NAV,"['canadian hip hop', 'pop', 'pop rap', 'rap', 'southern hip hop', 'trap music']"
1cNDP5yjU5vjeR8qMf4grg,YNW Melly,"['rap', 'trap music']"
0n94vC3S9c3mb2HyNAOcjg,The Head and the Heart,"['chamber pop', 'folk-pop', 'indie folk', 'indie pop', 'indie rock', 'indiecoustica', 'modern rock', 'neo mellow', 'new americana', 'seattle indie', 'stomp and holler']"
2Sqr0DXoaYABbjBo9HaMkM,Sara Bareilles,"['acoustic pop', 'dance pop', 'folk-pop', 'hollywood', 'lilith', 'neo mellow', 'pop', 'pop rock', 'post-teen pop', 'show tunes', 'viral pop']"
5Y8eJDj37KhaEeqbVO7Ag1,PRETTYMUCH,"['boy band', 'dance pop', 'pop', 'post-teen pop']"
1RyvyyTE3xzB2ZywiAwp0i,Future,"['atl hip hop', 'hip hop', 'pop', 'pop rap', 'rap', 'southern hip hop', 'trap music']"
1gPhS1zisyXr5dHTYZyiMe,Kevin Gates,"['hip hop', 'pop rap', 'rap', 'southern hip hop', 'trap music']"
2auiVi8sUZo17dLy1HwrTU,Solange,"['alternative r&b', 'hip pop', 'neo soul', 'pop', 'r&b', 'urban contemporary']"
4NZvixzsSefsNiIqXn0NDe,Maggie Rogers,['electropop']
3zz52ViyCBcplK0ftEVPSS,Quadeca,"['meme rap', 'vapor trap']"
2iZyGXzGD6s9U9QkirdcbF,Naturally Recurring,[]
6WY7D3jk8zTrHtmkqqo5GI,Maren Morris,['contemporary country']
2iojnBLj0qIMiKPvVhLnsH,Trey Songz,"['dance pop', 'pop', 'pop rap', 'r&b', 'southern hip hop', 'trap music', 'urban contemporary']"
2WMPnzmwca8VGFhFIDmXSJ,Lamb & Mountain,[]
1RyvyyTE3xzB2ZywiAwp0i,Future,"['atl hip hop', 'hip hop', 'pop', 'pop rap', 'rap', 'southern hip hop', 'trap music']"
1RyvyyTE3xzB2ZywiAwp0i,Future,"['atl hip hop', 'hip hop', 'pop', 'pop rap', 'rap', 'southern hip hop', 'trap music']"
0WK3H9OErSn5zKOkOV5egm,DDG,['vapor trap']
2auiVi8sUZo17dLy1HwrTU,Solange,"['alternative r&b', 'hip pop', 'neo soul', 'pop', 'r&b', 'urban contemporary']"
08PvCOlef4xdOr20jFSTPd,Flo Milli,[]
6mcrZQmgzFGRWf7C0SObou,Frankie Valli & The Four Seasons,"['adult standards', 'brill building pop', 'bubblegum pop', 'christmas', 'doo-wop', 'folk rock', 'motown', 'northern soul', 'rock-and-roll', 'rockabilly']"
6t1gpxYbY8OlLA7D2RiikQ,Loud Luxury,"['edm', 'house', 'pop', 'tropical house']"
063Vp9es6lLAbFUDtIAkFD,Abraham Vazquez,"['corrido', 'regional mexican pop']"
6cK3NBO6uP7hh0oyuVELFl,Saweetie,"['cali rap', 'deep pop r&b', 'hip pop', 'pop', 'r&b', 'trap queen']"
7DMveApC7UnC2NPfPvlHSU,Cheat Codes,"['dance pop', 'edm', 'electropop', 'pop', 'pop edm', 'post-teen pop', 'tropical house']"
3hmAY9MInLEYjfgedjLmlL,Allana Johnson,[]
4NZvixzsSefsNiIqXn0NDe,Maggie Rogers,['electropop']
4r63FhuTkUYltbVAg5TQnk,DaBaby,"['nc hip hop', 'rap', 'southern hip hop', 'trap music', 'vapor trap']"
17lzZA2AlOHwCwFALHttmp,2 Chainz,"['atl hip hop', 'hip hop', 'pop', 'pop rap', 'rap', 'southern hip hop', 'trap music']"
4xRYI6VqpkE3UwrDrAZL8L,Logic,"['conscious hip hop', 'dmv rap', 'hip hop', 'pop rap', 'rap']"
6zLBxLdl60ekBLpawtT63I,Cody Johnson,"['contemporary country', 'country road', 'modern country rock', 'outlaw country', 'red dirt', 'texas country']"
1RyvyyTE3xzB2ZywiAwp0i,Future,"['atl hip hop', 'hip hop', 'pop', 'pop rap', 'rap', 'southern hip hop', 'trap music']"
31TPClRtHm23RisEBtV3X7,Justin Timberlake,"['dance pop', 'pop']"
6CwfuxIqcltXDGjfZsMd9A,MARINA,"['dance pop', 'electropop', 'indie poptimism', 'metropopolis', 'pop', 'post-teen pop', 'tropical house', 'uk alternative pop']"
74KM79TiuVKeVCqs8QtB0B,Sabrina Carpenter,"['dance pop', 'pop', 'post-teen pop', 'viral pop']"
4SqTiwOEdYrNayaGMkc7ia,LÉON,"['dance pop', 'indie cafe pop', 'indie poptimism', 'metropopolis', 'neo mellow', 'pop', 'swedish pop']"
0XwVARXT135rw8lyw1EeWP,Christian Nodal,[]
3jOstUTkEu2JkjvRdBA5Gu,Weezer,"['alternative rock', 'modern rock', 'permanent wave', 'pop punk', 'pop rock', 'post-grunge', 'rock']"
1RyvyyTE3xzB2ZywiAwp0i,Future,"['atl hip hop', 'hip hop', 'pop', 'pop rap', 'rap', 'southern hip hop', 'trap music']"
3BmGtnKgCSGYIUhmivXKWX,Kelly Clarkson,"['dance pop', 'neo mellow', 'pop', 'pop rock', 'post-teen pop', 'r&b', 'talent show']"
4NZvixzsSefsNiIqXn0NDe,Maggie Rogers,['electropop']
21WS9wngs9AqFckK7yYJPM,PnB Rock,"['hip hop', 'pop', 'pop rap', 'rap', 'trap music']"
21WS9wngs9AqFckK7yYJPM,PnB Rock,"['hip hop', 'pop', 'pop rap', 'rap', 'trap music']"
3wWtfT7S2uVJJ3hGZlOLkZ,Judah & the Lion,"['banjo', 'indiecoustica', 'modern rock', 'stomp and holler']"
6nxWCVXbOlEVRexSbLsTer,Flume,"['australian dance', 'australian electropop', 'australian indie', 'downtempo', 'edm', 'pop']"
3Aut8hgiqZSy2qmJluZMU9,Rosie Carney,"['chamber pop', 'folk-pop', 'indie folk', 'irish singer-songwriter']"
66CXWjxzNUsdJxJ2JdwvnR,Ariana Grande,"['dance pop', 'pop', 'post-teen pop']"
15UsOTVnJzReFVN1VCnxy4,XXXTENTACION,"['emo rap', 'miami hip hop']"
7rkW85dBwwrJtlHRDkJDAC,NAV,"['canadian hip hop', 'pop', 'pop rap', 'rap', 'southern hip hop', 'trap music']"
0NIPkIjTV8mB795yEIiPYL,Wallows,['modern rock']
3Uobr6LgQpBbk6k4QGAb3V,I Prevail,['screamo']
6WY7D3jk8zTrHtmkqqo5GI,Maren Morris,['contemporary country']
4xRYI6VqpkE3UwrDrAZL8L,Logic,"['conscious hip hop', 'dmv rap', 'hip hop', 'pop rap', 'rap']"
0XKOBt59crntr7HQXXO8Yz,Brooks & Dunn,"['contemporary country', 'country', 'country road', 'red dirt', 'traditional country']"
6s22t5Y3prQHyaHWUN1R1C,AJR,"['modern rock', 'pop']"
7k9T7lZlHjRAM1bb0r9Rm3,Wiley,"['grime', 'house', 'uk garage', 'uk hip hop']"
2JhAlkmukNvarUpGhTFXUQ,KARD,['k-pop']
00TKPo9MxwZ0j4ooveIxWZ,Loote,"['dance pop', 'electropop', 'indie cafe pop', 'indie poptimism', 'pop', 'pop edm', 'post-teen pop', 'tropical house', 'uk pop']"
3vQ0GE3mI0dAaxIMYe5g7z,Paulo Londra,"['argentine hip hop', 'trap argentino', 'trap latino']"
7rkW85dBwwrJtlHRDkJDAC,NAV,"['canadian hip hop', 'pop', 'pop rap', 'rap', 'southern hip hop', 'trap music']"
45eNHdiiabvmbp4erw26rg,ILLENIUM,"['edm', 'pop', 'pop edm', 'tropical house']"
3hv9jJF3adDNsBSIQDqcjp,Mark Ronson,"['dance pop', 'pop']"
3Uobr6LgQpBbk6k4QGAb3V,I Prevail,['screamo']
1KCSPY1glIKqW2TotWuXOR,P!nk,"['dance pop', 'pop', 'post-teen pop']"
1QRj3hoop9Mv5VvHQkwPEp,Olivia O'Brien,"['dance pop', 'electropop', 'indie poptimism', 'pop', 'post-teen pop']"
2XdtmipGVPmA62ptDgX8QC,Henry Jamison,"['chamber pop', 'folk-pop', 'indie anthem-folk', 'indie folk', 'indiecoustica', 'neo mellow', 'new americana', 'pop folk', 'stomp and holler', 'vermont indie']"
1RyvyyTE3xzB2ZywiAwp0i,Future,"['atl hip hop', 'hip hop', 'pop', 'pop rap', 'rap', 'southern hip hop', 'trap music']"
6M2wZ9GZgrQXHCFfjv46we,Dua Lipa,"['dance pop', 'pop', 'post-teen pop', 'uk pop']"
6M2wZ9GZgrQXHCFfjv46we,Dua Lipa,"['dance pop', 'pop', 'post-teen pop', 'uk pop']"
6M2wZ9GZgrQXHCFfjv46we,Dua Lipa,"['dance pop', 'pop', 'post-teen pop', 'uk pop']"
6M2wZ9GZgrQXHCFfjv46we,Dua Lipa,"['dance pop', 'pop', 'post-teen pop', 'uk pop']"
3PhoLpVuITZKcymswpck5b,Elton John,"['glam rock', 'mellow gold', 'piano rock', 'soft rock']"
1iJdyDcY98X3GMnUesl7tf,Comethazine,"['trap music', 'underground hip hop', 'vapor trap']"
3HiuzBlSW7pGDXlSFMhO2g,Young Dolph,"['gangster rap', 'hip hop', 'pop rap', 'rap', 'southern hip hop', 'trap music']"
07YUOmWljBTXwIseAUd9TW,Sebastian Yatra,['colombian pop']
3hTffafUYLLgO4yuPAxb5U,Lenin Ramírez,['regional mexican pop']
4V8Sr092TqfHkfAA5fXXqG,Luis Fonsi,"['dance pop', 'latin', 'latin pop', 'pop']"
3wWtfT7S2uVJJ3hGZlOLkZ,Judah & the Lion,"['banjo', 'indiecoustica', 'modern rock', 'stomp and holler']"
6C1ohJrd5VydigQtaGy5Wa,Joyner Lucas,"['boston hip hop', 'hip hop', 'pop rap', 'rap']"
5usbqiU7sjvszjWecANDL6,Boogie,"['hip hop', 'pop rap', 'rap', 'southern hip hop', 'underground hip hop']"
5vngPClqofybhPERIqQMYd,George Strait,"['contemporary country', 'country', 'country road']"
2feDdbD5araYcm6JhFHHw7,Labrinth,"['dance pop', 'pop', 'pop rap', 'r&b']"
6WY7D3jk8zTrHtmkqqo5GI,Maren Morris,['contemporary country']
68KmkJeZGfwe1OUaivBa2L,ATEEZ,['k-pop']
3aQeKQSyrW4qWr35idm0cy,T-Pain,"['dance pop', 'hip hop', 'pop', 'pop rap', 'r&b', 'rap', 'southern hip hop', 'trap music', 'urban contemporary']"
6CwfuxIqcltXDGjfZsMd9A,MARINA,"['dance pop', 'electropop', 'indie poptimism', 'metropopolis', 'pop', 'post-teen pop', 'tropical house', 'uk alternative pop']"
2auiVi8sUZo17dLy1HwrTU,Solange,"['alternative r&b', 'hip pop', 'neo soul', 'pop', 'r&b', 'urban contemporary']"
19uEVh7y7Y9RfjMphMamXc,Cooliecut,"['trap music', 'underground hip hop', 'vapor trap']"
0ZED1XzwlLHW4ZaG4lOT6m,Julia Michaels,"['dance pop', 'electropop', 'pop', 'post-teen pop', 'r&b']"
0XKOBt59crntr7HQXXO8Yz,Brooks & Dunn,"['contemporary country', 'country', 'country road', 'red dirt', 'traditional country']"
3jK9MiCrA42lLAdMGUZpwa,Anderson .Paak,"['escape room', 'hip hop']"
1cNDP5yjU5vjeR8qMf4grg,YNW Melly,"['rap', 'trap music']"
360IAlyVv4PCEVjgyMZrxK,Miguel,"['dance pop', 'pop', 'pop rap', 'r&b', 'rap', 'urban contemporary']"
2auiVi8sUZo17dLy1HwrTU,Solange,"['alternative r&b', 'hip pop', 'neo soul', 'pop', 'r&b', 'urban contemporary']"
5hdhHgpxyniooUiQVaPxQ0,Nio Garcia,"['latin', 'latin hip hop', 'reggaeton flow', 'tropical']"
3nohoYUaqIOqoYxHnjNK7q,XLD Library,[]
69GGBxA162lTqCwzJG5jLp,The Chainsmokers,"['dance pop', 'edm', 'electropop', 'pop', 'tropical house']"
6l3HvQ5sa6mXTsMTB19rO5,J. Cole,"['conscious hip hop', 'nc hip hop', 'pop rap', 'rap']"
0cGUm45nv7Z6M6qdXYQGTX,Kehlani,"['dance pop', 'pop', 'post-teen pop', 'r&b']"
6WY7D3jk8zTrHtmkqqo5GI,Maren Morris,['contemporary country']
2goxk1aXm6T4yopaZe5tHe,Hijos De Leyva,"['corrido', 'regional mexican pop']"
0XKOBt59crntr7HQXXO8Yz,Brooks & Dunn,"['contemporary country', 'country', 'country road', 'red dirt', 'traditional country']"
26T4yOaOoFJvUvxR87Y9HO,Bethel Music,"['ambient worship', 'anthem worship', 'ccm', 'christian music', 'deep ccm', 'world worship', 'worship']"
6BrvowZBreEkXzJQMpL174,Hardwell,"['big room', 'dance pop', 'deep big room', 'dutch house', 'edm', 'electro house', 'pop', 'progressive electro house', 'progressive house', 'tropical house']"
77ziqFxp5gaInVrF2lj4ht,Sech,"['panamanian pop', 'reggaeton flow']"
26AHtbjWKiwYzsoGoUZq53,Pentatonix,['a cappella']
4YZ5ECfbM2xSTSQTJGBbO5,Gerard Way,['pop punk']
0WOxhx4hikIsyF3CRPLC8W,Famous Dex,"['chicago rap', 'drill', 'pop rap', 'rap', 'southern hip hop', 'trap music', 'underground hip hop', 'vapor trap']"
3wyVrVrFCkukjdVIdirGVY,Lil Pump,"['emo rap', 'miami hip hop', 'rap', 'trap music']"
78eqps3BavCqe2q7GCU1VK,Tyler Rich,"['contemporary country', 'country pop']"
1W7FNibLa0O0b572tB2w7t,Pink Sweat$,"['alternative r&b', 'bedroom soul', 'indie r&b', 'pop']"
3ApUX1o6oSz321MMECyIYd,Quinn XCII,"['electropop', 'indie pop rap', 'pop', 'pop rap']"
4tZwfgrHOc3mvqYlEYSvVi,Daft Punk,"['electro', 'electronic', 'filter house']"
7rkW85dBwwrJtlHRDkJDAC,NAV,"['canadian hip hop', 'pop', 'pop rap', 'rap', 'southern hip hop', 'trap music']"
3Sz7ZnJQBIHsXLUSo0OQtM,Mac DeMarco,['edmonton indie']
3YCKuqpv9nCsIhJ2v8SMix,Elevation Worship,"['anthem worship', 'ccm', 'christian music', 'world worship', 'worship']"
5ghnxpW47ojtLHHyTLdxdY,Witt Lowry,['indie pop rap']
08GQAI4eElDnROBrJRGE0X,Fleetwood Mac,"['album rock', 'classic rock', 'mellow gold', 'rock', 'soft rock']"
6WY7D3jk8zTrHtmkqqo5GI,Maren Morris,['contemporary country']
0B3N0ZINFWvizfa8bKiz4v,James TW,"['dance pop', 'indie cafe pop', 'neo mellow', 'pop', 'post-teen pop', 'uk pop', 'viral pop']"
5rSXSAkZ67PYJSvpUpkOr7,Backstreet Boys,"['boy band', 'dance pop', 'europop']"
74cb3MG0x0BOnYNW1uXYnM,Hillsong UNITED,"['ccm', 'christian alternative rock', 'christian music', 'world worship', 'worship']"
4oJhB4wMqwZWue2kcpCmCz,Steve Mokwebe,['focus']
23fqKkggKUBHNkbKtXEls4,Kygo,"['edm', 'pop', 'tropical house']"
5gtNVNylJUg6NfvM0LjLtr,Intentional Vibes,[]
2ysnwxxNtSgbb9t1m2Ur4j,George Ezra,"['neo-singer-songwriter', 'pop']"
4udfTw7V8jI4AHi7PEfJfj,Melii,"['deep pop r&b', 'trap queen']"
3azKf6nXrUCI1RLZkX4Aj6,H.1,"['chillhop', 'lo-fi beats']"
3TVXtAsR1Inumwj472S9r4,Drake,"['canadian hip hop', 'canadian pop', 'hip hop', 'pop rap', 'rap']"
6i3DxIlAqnDkwELLw4aVrx,Lele Pons,['viral pop']
7vvyFnhnPCb0gn7QwDwP0C,Ivo Phi,['asmr']
17lzZA2AlOHwCwFALHttmp,2 Chainz,"['atl hip hop', 'hip hop', 'pop', 'pop rap', 'rap', 'southern hip hop', 'trap music']"
5BvJzeQpmsdsFp4HGUYUEx,Vampire Weekend,"['chamber pop', 'folk-pop', 'garage rock', 'indie folk', 'indie pop', 'indie rock', 'indietronica', 'modern rock', 'stomp and holler']"
5XJDexmWFLWOkjOEjOVX3e,Eladio Carrion,"['reggaeton flow', 'trap argentino', 'trap latino']"
7rkW85dBwwrJtlHRDkJDAC,NAV,"['canadian hip hop', 'pop', 'pop rap', 'rap', 'southern hip hop', 'trap music']"
2Sqr0DXoaYABbjBo9HaMkM,Sara Bareilles,"['acoustic pop', 'dance pop', 'folk-pop', 'hollywood', 'lilith', 'neo mellow', 'pop', 'pop rock', 'post-teen pop', 'show tunes', 'viral pop']"
4K9aclpXgCPNFGEqRlFPal,Peter Manos,['indie cafe pop']
6s22t5Y3prQHyaHWUN1R1C,AJR,"['modern rock', 'pop']"
4NZvixzsSefsNiIqXn0NDe,Maggie Rogers,['electropop']
3ApUX1o6oSz321MMECyIYd,Quinn XCII,"['electropop', 'indie pop rap', 'pop', 'pop rap']"
3NPpFNZtSTHheNBaWC82rB,X Ambassadors,"['modern alternative rock', 'modern rock', 'pop', 'pop rock', 'stomp pop']"
2auiVi8sUZo17dLy1HwrTU,Solange,"['alternative r&b', 'hip pop', 'neo soul', 'pop', 'r&b', 'urban contemporary']"
56oDRnqbIiwx4mymNEv7dS,Lizzo,"['dance pop', 'electropop', 'escape room', 'minnesota hip hop', 'pop', 'r&b', 'trap queen']"
7f0OLhGgBMX9fUjm1dcPip,Alice Merton,['modern rock']
5DeI5zDGqIRRmW5o1TrYD0,Delta Hz,['asmr']
3TVXtAsR1Inumwj472S9r4,Drake,"['canadian hip hop', 'canadian pop', 'hip hop', 'pop rap', 'rap']"
4OSArit7O2Jaj4mgf3YN7A,Mallrat,"['aussietronica', 'australian indie', 'brisbane indie']"
7JqEtz50hLij7xaWbuWV42,Theta Aum,[]
0XKOBt59crntr7HQXXO8Yz,Brooks & Dunn,"['contemporary country', 'country', 'country road', 'red dirt', 'traditional country']"
3Y7RZ31TRPVadSFVy1o8os,H.E.R.,"['alternative r&b', 'pop', 'r&b']"
2auiVi8sUZo17dLy1HwrTU,Solange,"['alternative r&b', 'hip pop', 'neo soul', 'pop', 'r&b', 'urban contemporary']"
6qGkLCMQkNGOJ079iEcC5k,Ben Platt,"['hollywood', 'show tunes']"
1iJdyDcY98X3GMnUesl7tf,Comethazine,"['trap music', 'underground hip hop', 'vapor trap']"
5y2Xq6xcjJb2jVM54GHK3t,John Legend,"['neo soul', 'pop', 'r&b', 'urban contemporary']"
4r63FhuTkUYltbVAg5TQnk,DaBaby,"['nc hip hop', 'rap', 'southern hip hop', 'trap music', 'vapor trap']"
3iri9nBFs9e4wN7PLIetAw,gnash,"['dance pop', 'pop', 'post-teen pop']"
2wY79sveU1sp5g7SokKOiI,Sam Smith,"['pop', 'post-teen pop']"
2wUjUUtkb5lvLKcGKsKqsR,Alessia Cara,"['canadian contemporary r&b', 'dance pop', 'pop', 'post-teen pop', 'r&b']"
3wyVrVrFCkukjdVIdirGVY,Lil Pump,"['emo rap', 'miami hip hop', 'rap', 'trap music']"
6dXsR7VDJvXnF1LTZlwULx,Casanova,['nyc rap']
2wUjUUtkb5lvLKcGKsKqsR,Alessia Cara,"['canadian contemporary r&b', 'dance pop', 'pop', 'post-teen pop', 'r&b']"
2wUjUUtkb5lvLKcGKsKqsR,Alessia Cara,"['canadian contemporary r&b', 'dance pop', 'pop', 'post-teen pop', 'r&b']"
2wUjUUtkb5lvLKcGKsKqsR,Alessia Cara,"['canadian contemporary r&b', 'dance pop', 'pop', 'post-teen pop', 'r&b']"
2wUjUUtkb5lvLKcGKsKqsR,Alessia Cara,"['canadian contemporary r&b', 'dance pop', 'pop', 'post-teen pop', 'r&b']"
2wUjUUtkb5lvLKcGKsKqsR,Alessia Cara,"['canadian contemporary r&b', 'dance pop', 'pop', 'post-teen pop', 'r&b']"
4xRYI6VqpkE3UwrDrAZL8L,Logic,"['conscious hip hop', 'dmv rap', 'hip hop', 'pop rap', 'rap']"
1Ffb6ejR6Fe5IamqA5oRUF,Bring Me The Horizon,"['melodic metalcore', 'metalcore', 'rock', 'screamo']"
4obzFoKoKRHIphyHzJ35G3,Becky G,"['latin viral pop', 'pop', 'reggaeton']"
2RdwBSPQiwcmiDo9kixcl8,Pharrell Williams,"['dance pop', 'pop', 'pop rap']"
5FxD8fkQZ6KcsSYupDVoSO,Omar Apollo,"['alternative r&b', 'bedroom pop', 'bedroom soul', 'indie r&b']"
5n24AejjkQFiXAnmqRhTpl,Mindful Behaviour,['asmr']
5WUlDfRSoLAfcVSX1WnrxN,Sia,"['australian dance', 'australian pop', 'dance pop', 'pop']"
0XKOBt59crntr7HQXXO8Yz,Brooks & Dunn,"['contemporary country', 'country', 'country road', 'red dirt', 'traditional country']"
2NdeV5rLm47xAvogXrYhJX,Ciara,"['dance pop', 'hip hop', 'hip pop', 'pop', 'pop rap', 'post-teen pop', 'r&b', 'rap', 'urban contemporary']"
6WY7D3jk8zTrHtmkqqo5GI,Maren Morris,['contemporary country']
1mbXts9rQTQvSfO4wN6HiY,Back 2 Sleep,[]
1vaQ6v3pOFxAIrFoPrAcom,Ari Lennox,"['alternative r&b', 'dmv rap', 'indie r&b', 'neo soul', 'r&b']"
10gzBoINW3cLJfZUka8Zoe,Above & Beyond,"['edm', 'progressive house', 'progressive trance', 'trance', 'uplifting trance']"
1mbXts9rQTQvSfO4wN6HiY,Back 2 Sleep,[]
5BvJzeQpmsdsFp4HGUYUEx,Vampire Weekend,"['chamber pop', 'folk-pop', 'garage rock', 'indie folk', 'indie pop', 'indie rock', 'indietronica', 'modern rock', 'stomp and holler']"
0XKOBt59crntr7HQXXO8Yz,Brooks & Dunn,"['contemporary country', 'country', 'country road', 'red dirt', 'traditional country']"
7rkW85dBwwrJtlHRDkJDAC,NAV,"['canadian hip hop', 'pop', 'pop rap', 'rap', 'southern hip hop', 'trap music']"
3b8QkneNDz4JHKKKlLgYZg,Florida Georgia Line,"['contemporary country', 'country', 'country pop', 'country road', 'modern country rock']"
6zLBxLdl60ekBLpawtT63I,Cody Johnson,"['contemporary country', 'country road', 'modern country rock', 'outlaw country', 'red dirt', 'texas country']"
3QSQFmccmX81fWCUSPTS7y,Dean Lewis,"['australian pop', 'pop']"
5TwGqGqJXW0bmSzmdCKLp7,Tranquility Spree,['environmental']
6Xa4nbrSTfbioA4lLShbjh,Grizfolk,"['indie pop', 'indie poptimism', 'modern alternative rock', 'modern rock', 'swedish alternative rock']"
2HD6u9F4pocPtFgmev72AK,Momento,[]
2HOMW1liAxI3URnEq95SMS,MISSIO,"['indie poptimism', 'modern alternative rock', 'modern rock']"
7H6dkUChT5EoOQtUVMg4cN,Hunter Hayes,"['contemporary country', 'country', 'country road', 'modern country rock', 'neo mellow', 'pop', 'post-teen pop']"
41X1TR6hrK8Q2ZCpp2EqCz,bbno$,"['canadian hip hop', 'dark trap', 'underground hip hop', 'vapor trap']"
3hyEbRtp617pNCuuQjyOmc,Lost Kings,"['dance pop', 'edm', 'electro house', 'indie cafe pop', 'indie poptimism', 'pop', 'pop edm', 'post-teen pop', 'tropical house']"
2Sqr0DXoaYABbjBo9HaMkM,Sara Bareilles,"['acoustic pop', 'dance pop', 'folk-pop', 'hollywood', 'lilith', 'neo mellow', 'pop', 'pop rock', 'post-teen pop', 'show tunes', 'viral pop']"
7wLyGTO9vUS7ndlq4BvBGe,Blake Rose,['australian electropop']
6cEuCEZu7PAE9ZSzLLc2oQ,R3HAB,"['big room', 'dance pop', 'deep big room', 'dutch house', 'edm', 'electro house', 'pop', 'pop edm', 'progressive electro house', 'tropical house']"
1Q6SZxTvaE3HhslV0iXbI6,Herencia de Patrones,['corrido']
5kXyMVyXSK2cHnjOja5hRJ,Primer Dia,['focus']
6X8WdFjrNhXATMDSs26aCc,Curren$y,"['alternative hip hop', 'dirty south rap', 'gangster rap', 'hip hop', 'new orleans rap', 'pop rap', 'rap', 'southern hip hop', 'underground hip hop']"
1mbXts9rQTQvSfO4wN6HiY,Back 2 Sleep,[]
4YZ5ECfbM2xSTSQTJGBbO5,Gerard Way,['pop punk']
0j9cHGhzQCSi0A7SmtUKlD,Lil AK,['meme rap']
0NIPkIjTV8mB795yEIiPYL,Wallows,['modern rock']
13rF01aOogvnkuQXOlgTW8,TAEMIN,"['k-pop', 'korean pop']"
0vR2qb8m9WHeZ5ByCbimq2,Reik,"['latin', 'latin arena pop', 'latin pop', 'mexican pop', 'pop', 'reggaeton']"
4mwXUEKaW4ftbncf9Hi58l,Tank,"['deep pop r&b', 'r&b', 'urban contemporary']"
3Uobr6LgQpBbk6k4QGAb3V,I Prevail,['screamo']
1moxjboGR7GNWYIMWsRjgG,Florence + The Machine,"['chamber pop', 'dance pop', 'folk-pop', 'pop', 'rawstyle', 'uk alternative pop']"
0XKOBt59crntr7HQXXO8Yz,Brooks & Dunn,"['contemporary country', 'country', 'country road', 'red dirt', 'traditional country']"
0XKOBt59crntr7HQXXO8Yz,Brooks & Dunn,"['contemporary country', 'country', 'country road', 'red dirt', 'traditional country']"
6nxWCVXbOlEVRexSbLsTer,Flume,"['australian dance', 'australian electropop', 'australian indie', 'downtempo', 'edm', 'pop']"
3OcvS8PzSGYMBvLdzY6g3e,Silvestre Dangond,"['colombian pop', 'latin', 'latin pop', 'tropical', 'vallenato']"
3Uobr6LgQpBbk6k4QGAb3V,I Prevail,['screamo']
2Sqr0DXoaYABbjBo9HaMkM,Sara Bareilles,"['acoustic pop', 'dance pop', 'folk-pop', 'hollywood', 'lilith', 'neo mellow', 'pop', 'pop rock', 'post-teen pop', 'show tunes', 'viral pop']"
5BvJzeQpmsdsFp4HGUYUEx,Vampire Weekend,"['chamber pop', 'folk-pop', 'garage rock', 'indie folk', 'indie pop', 'indie rock', 'indietronica', 'modern rock', 'stomp and holler']"
0cc6vw3VN8YlIcvr1v7tBL,Mötley Crüe,"['album rock', 'glam metal', 'hard rock', 'rock', 'sleaze rock']"
3Uobr6LgQpBbk6k4QGAb3V,I Prevail,['screamo']
3e7awlrlDSwF3iM0WBjGMp,Little Mix,"['dance pop', 'girl group', 'pop', 'post-teen pop', 'r&b', 'talent show', 'uk pop']"
3CDKmzJu6uwEGnPLLZffpD,Frankie Valli,"['adult standards', 'brill building pop', 'bubblegum pop', 'christmas', 'folk rock', 'mellow gold']"
7z2avKuuiMAT4XZJFv8Rvh,Tom Walker,"['indie anthem-folk', 'pop']"
56oDRnqbIiwx4mymNEv7dS,Lizzo,"['dance pop', 'electropop', 'escape room', 'minnesota hip hop', 'pop', 'r&b', 'trap queen']"
5BvJzeQpmsdsFp4HGUYUEx,Vampire Weekend,"['chamber pop', 'folk-pop', 'garage rock', 'indie folk', 'indie pop', 'indie rock', 'indietronica', 'modern rock', 'stomp and holler']"
4AcHt3JxKy59IX7JNNlZn4,Fitz and The Tantrums,"['indie pop', 'indie poptimism', 'indietronica', 'la indie', 'modern rock']"
3QSQFmccmX81fWCUSPTS7y,Dean Lewis,"['australian pop', 'pop']"
5DeI5zDGqIRRmW5o1TrYD0,Delta Hz,['asmr']
77AiFEVeAVj2ORpC85QVJs,Steve Aoki,"['big room', 'dance pop', 'edm', 'electro house', 'pop', 'tropical house']"
5r5Va4lVQ1zjEfbJSrmCsS,Broods,"['auckland indie', 'dance pop', 'electropop', 'etherpop', 'indie poptimism', 'indietronica', 'metropopolis', 'nz pop', 'pop', 'shimmer pop', 'tropical house', 'vapor soul']"
5QdEbQJ3ylBnc3gsIASAT5,G Herbo,"['chicago rap', 'drill', 'rap', 'southern hip hop', 'trap music', 'vapor trap']"
7rkW85dBwwrJtlHRDkJDAC,NAV,"['canadian hip hop', 'pop', 'pop rap', 'rap', 'southern hip hop', 'trap music']"
294lNTPZfdqyzt8qnxmFiL,Mereba,"['alternative r&b', 'indie r&b']"
6fWVd57NKTalqvmjRd2t8Z,24kGoldn,['cali rap']
1kiZfWU37oS0pCOV7Os1Pj,GRAVEDGR,['electronic trap']
5nki7yRhxgM509M5ADlN1p,Oliver Heldens,"['big room', 'dance pop', 'deep big room', 'edm', 'electro house', 'future house', 'house', 'progressive electro house', 'progressive house', 'tropical house']"
0xOeVMOz2fVg5BJY3N6akT,Jaden,"['hip hop', 'pop', 'pop rap', 'rap', 'trap music', 'underground hip hop']"
0X2BH1fck6amBIoJhDVmmJ,Ellie Goulding,"['dance pop', 'edm', 'electropop', 'metropopolis', 'pop', 'post-teen pop', 'r&b', 'tropical house']"
1RyvyyTE3xzB2ZywiAwp0i,Future,"['atl hip hop', 'hip hop', 'pop', 'pop rap', 'rap', 'southern hip hop', 'trap music']"
5t28BP42x2axFnqOOMg3CM,Five Finger Death Punch,"['alternative metal', 'groove metal', 'nu metal', 'post-grunge']"
4r63FhuTkUYltbVAg5TQnk,DaBaby,"['nc hip hop', 'rap', 'southern hip hop', 'trap music', 'vapor trap']"
2C6i0I5RiGzDKN9IAF8reh,Banda Sinaloense MS de Sergio Lizárraga,"['banda', 'norteno', 'regional mexican']"
0XKOBt59crntr7HQXXO8Yz,Brooks & Dunn,"['contemporary country', 'country', 'country road', 'red dirt', 'traditional country']"
2o5jDhtHVPhrJdv3cEQ99Z,Tiësto,"['big room', 'brostep', 'dance pop', 'edm', 'electro house', 'house', 'pop', 'trance', 'tropical house']"
3nohoYUaqIOqoYxHnjNK7q,XLD Library,[]
4r63FhuTkUYltbVAg5TQnk,DaBaby,"['nc hip hop', 'rap', 'southern hip hop', 'trap music', 'vapor trap']"
2lRH2dgU5Kk4Bc5phmII4T,LANCO,"['contemporary country', 'country pop', 'modern country rock']"
0ys2OFYzWYB5hRDLCsBqxt,Fuerza Regida,[]
5RR0MLwcjc87wjSw2JYdwx,MOMOLAND,['k-pop']
60d24wfXkVzDSfLS6hyCjZ,Martin Garrix,"['big room', 'edm', 'pop', 'progressive house', 'tropical house']"
2auiVi8sUZo17dLy1HwrTU,Solange,"['alternative r&b', 'hip pop', 'neo soul', 'pop', 'r&b', 'urban contemporary']"
2Sqr0DXoaYABbjBo9HaMkM,Sara Bareilles,"['acoustic pop', 'dance pop', 'folk-pop', 'hollywood', 'lilith', 'neo mellow', 'pop', 'pop rock', 'post-teen pop', 'show tunes', 'viral pop']"
3QSQFmccmX81fWCUSPTS7y,Dean Lewis,"['australian pop', 'pop']"
1z7b1Pr1rSlvWRzsW3HOrS,Russ,"['pop', 'rap']"
2q3GG88dVwuQPF4FmySr9I,The Score,"['modern alternative rock', 'modern rock']"
2o5jDhtHVPhrJdv3cEQ99Z,Tiësto,"['big room', 'brostep', 'dance pop', 'edm', 'electro house', 'house', 'pop', 'trance', 'tropical house']"
2Sqr0DXoaYABbjBo9HaMkM,Sara Bareilles,"['acoustic pop', 'dance pop', 'folk-pop', 'hollywood', 'lilith', 'neo mellow', 'pop', 'pop rock', 'post-teen pop', 'show tunes', 'viral pop']"
6zLBxLdl60ekBLpawtT63I,Cody Johnson,"['contemporary country', 'country road', 'modern country rock', 'outlaw country', 'red dirt', 'texas country']"
6nxWCVXbOlEVRexSbLsTer,Flume,"['australian dance', 'australian electropop', 'australian indie', 'downtempo', 'edm', 'pop']"
37J1PlAkhRK7yrZUtqaUpQ,Caravan Palace,"['electro swing', 'nu jazz']"
1KCSPY1glIKqW2TotWuXOR,P!nk,"['dance pop', 'pop', 'post-teen pop']"
2Fc1UZXKRmPpWWx1sxcb9m,SwuM,"['chillhop', 'lo-fi beats']"
6CwfuxIqcltXDGjfZsMd9A,MARINA,"['dance pop', 'electropop', 'indie poptimism', 'metropopolis', 'pop', 'post-teen pop', 'tropical house', 'uk alternative pop']"
6qGkLCMQkNGOJ079iEcC5k,Ben Platt,"['hollywood', 'show tunes']"
2Sqr0DXoaYABbjBo9HaMkM,Sara Bareilles,"['acoustic pop', 'dance pop', 'folk-pop', 'hollywood', 'lilith', 'neo mellow', 'pop', 'pop rock', 'post-teen pop', 'show tunes', 'viral pop']"
1RyvyyTE3xzB2ZywiAwp0i,Future,"['atl hip hop', 'hip hop', 'pop', 'pop rap', 'rap', 'southern hip hop', 'trap music']"
6MDME20pz9RveH9rEXvrOM,Clean Bandit,"['dance pop', 'edm', 'pop', 'post-teen pop', 'tropical house', 'uk dance', 'uk funky']"
5vQfv3s2Z2SRdPZKr82ABw,Dzeko,"['big room', 'deep big room', 'edm', 'electro house', 'pop edm', 'progressive electro house', 'progressive house']"
2Sqr0DXoaYABbjBo9HaMkM,Sara Bareilles,"['acoustic pop', 'dance pop', 'folk-pop', 'hollywood', 'lilith', 'neo mellow', 'pop', 'pop rock', 'post-teen pop', 'show tunes', 'viral pop']"
4MCBfE4596Uoi2O4DtmEMz,Juice WRLD,['chicago rap']
64KEffDW9EtZ1y2vBYgq8T,Marshmello,"['brostep', 'egyptian pop', 'progressive electro house']"
2cCUtGK9sDU2EoElnk0GNB,The National,"['chamber pop', 'folk-pop', 'indie folk', 'indie pop', 'indie rock', 'modern rock', 'stomp and holler']"
3wyVrVrFCkukjdVIdirGVY,Lil Pump,"['emo rap', 'miami hip hop', 'rap', 'trap music']"
1lzugG0lqNh9nP6Fp2zG3c,Global Dan,"['emo rap', 'underground hip hop', 'vapor trap']"
4lPl9gqgox3JDiaJ1yklKh,Tierra Whack,"['alternative r&b', 'escape room', 'underground hip hop']"
6piIAIurGAryW5h1rqQC16,Passion,"['anthem worship', 'ccm', 'christian alternative rock', 'christian music', 'world worship', 'worship']"
0XKOBt59crntr7HQXXO8Yz,Brooks & Dunn,"['contemporary country', 'country', 'country road', 'red dirt', 'traditional country']"
3nohoYUaqIOqoYxHnjNK7q,XLD Library,[]
2o5jDhtHVPhrJdv3cEQ99Z,Tiësto,"['big room', 'brostep', 'dance pop', 'edm', 'electro house', 'house', 'pop', 'trance', 'tropical house']"
6PXS4YHDkKvl1wkIl4V8DL,Fetty Wap,"['hip hop', 'new jersey rap', 'pop', 'pop rap', 'rap', 'southern hip hop', 'trap music']"
5n24AejjkQFiXAnmqRhTpl,Mindful Behaviour,['asmr']
6dn6x1XOng3LOAnfTjUn77,AJ Mitchell,"['indie cafe pop', 'pop', 'post-teen pop', 'teen pop']"
2Sqr0DXoaYABbjBo9HaMkM,Sara Bareilles,"['acoustic pop', 'dance pop', 'folk-pop', 'hollywood', 'lilith', 'neo mellow', 'pop', 'pop rock', 'post-teen pop', 'show tunes', 'viral pop']"
181bsRPaVXVlUKXrxwZfHK,Megan Thee Stallion,"['deep pop r&b', 'escape room', 'hip pop', 'houston rap', 'pop', 'trap queen']"
25G0894RyKrGyKDqdG1pGu,Alex Couture,[]
5cj0lLjcoR7YOSnhnX0Po5,Doja Cat,"['alternative r&b', 'electropop', 'escape room', 'la indie', 'pop']"
5R3Hr2cnCCjt220Jmt2xLf,Dillon Francis,"['big room', 'brostep', 'dance pop', 'edm', 'electro house', 'electronic trap', 'moombahton', 'pop', 'tropical house']"
0ys2OFYzWYB5hRDLCsBqxt,Fuerza Regida,[]
2rWCIhENZyPVDAeFC0ESWN,Josh A,"['dark trap', 'emo rap']"
5TwGqGqJXW0bmSzmdCKLp7,Tranquility Spree,['environmental']
2Tglaf8nvDzwSQnpSrjLHP,Cuco,['dream pop']
0FtsMKmZEq8fBWqdSOWtqp,03 Greedo,"['cali rap', 'trap music', 'vapor trap', 'west coast trap']"
4r63FhuTkUYltbVAg5TQnk,DaBaby,"['nc hip hop', 'rap', 'southern hip hop', 'trap music', 'vapor trap']"
7LvoDJUNGnOrPdGRzVtOJ9,Young M.A,"['lgbtq+ hip hop', 'nyc rap', 'rap', 'trap music']"
0u2FHSq3ln94y5Q57xazwf,Keith Urban,"['australian country', 'contemporary country', 'country', 'country road']"
4hTL3jOgvZwOqegEZTOrCc,Col3trane,"['alternative r&b', 'indie r&b', 'trap soul', 'uk alternative hip hop', 'uk contemporary r&b']"
2Sqr0DXoaYABbjBo9HaMkM,Sara Bareilles,"['acoustic pop', 'dance pop', 'folk-pop', 'hollywood', 'lilith', 'neo mellow', 'pop', 'pop rock', 'post-teen pop', 'show tunes', 'viral pop']"
52zMTJCKluDlFwMQWmccY7,LOOΠΔ,['k-pop']
4NsVVzuaZGk4aya8Pyacew,Adam Doleac,"['contemporary country', 'country pop']"
19uEVh7y7Y9RfjMphMamXc,Cooliecut,"['trap music', 'underground hip hop', 'vapor trap']"
5sUrlPAHlS9NEirDB8SEbF,Alejandro Sanz,"['cantautor', 'latin', 'latin arena pop', 'latin pop', 'mexican pop', 'rock en espanol', 'spanish pop', 'tropical']"
4udfTw7V8jI4AHi7PEfJfj,Melii,"['deep pop r&b', 'trap queen']"
2Sqr0DXoaYABbjBo9HaMkM,Sara Bareilles,"['acoustic pop', 'dance pop', 'folk-pop', 'hollywood', 'lilith', 'neo mellow', 'pop', 'pop rock', 'post-teen pop', 'show tunes', 'viral pop']"
2uWcrwgWmZcQc3IPBs3tfU,Apink,"['dance pop', 'k-pop', 'korean pop']"
1RBzGO6Nm3uyhUSxP7EDWO,Kevin Roldan,"['latin', 'latin hip hop', 'reggaeton', 'reggaeton flow', 'tropical']"
4WmAQDrrYtyygkRlm6VTtB,Gabbie Hanna,['pop']
2q3GG88dVwuQPF4FmySr9I,The Score,"['modern alternative rock', 'modern rock']"
6WY7D3jk8zTrHtmkqqo5GI,Maren Morris,['contemporary country']
3b8QkneNDz4JHKKKlLgYZg,Florida Georgia Line,"['contemporary country', 'country', 'country pop', 'country road', 'modern country rock']"
5IcR3N7QB1j6KBL8eImZ8m,ScHoolboy Q,"['gangster rap', 'hip hop', 'pop', 'pop rap', 'rap', 'southern hip hop', 'trap music', 'underground hip hop']"
3Uobr6LgQpBbk6k4QGAb3V,I Prevail,['screamo']
6x2LnllRG5uGarZMsD4iO8,Thomas Rhett,"['contemporary country', 'country', 'country road', 'modern country rock']"
5BvJzeQpmsdsFp4HGUYUEx,Vampire Weekend,"['chamber pop', 'folk-pop', 'garage rock', 'indie folk', 'indie pop', 'indie rock', 'indietronica', 'modern rock', 'stomp and holler']"
0p4nmQO2msCgU4IF37Wi3j,Avril Lavigne,"['canadian pop', 'candy pop', 'dance pop', 'pop', 'post-teen pop']"
0NGAZxHanS9e0iNHpR8f2W,Alok,"['brazilian electronica', 'electro house', 'pop nacional']"
19EW4WBhl0fvZUQgi7wV5M,QUIX,"['brostep', 'electro house', 'electronic trap', 'vapor twitch']"
3b8QkneNDz4JHKKKlLgYZg,Florida Georgia Line,"['contemporary country', 'country', 'country pop', 'country road', 'modern country rock']"
2RQXRUsr4IW1f3mKyKsy4B,Noah Kahan,"['indie cafe pop', 'modern rock', 'neo mellow', 'pop']"
4AVFqumd2ogHFlRbKIjp1t,Alesso,"['big room', 'dance pop', 'edm', 'electro house', 'pop', 'progressive electro house', 'tropical house']"
5Joy3NHmxKQGEOnjxtaMz3,Rockie Fresh,['chicago rap']
53KwLdlmrlCelAZMaLVZqU,James Blake,"['indie r&b', 'indietronica', 'uk alternative pop']"
2Sqr0DXoaYABbjBo9HaMkM,Sara Bareilles,"['acoustic pop', 'dance pop', 'folk-pop', 'hollywood', 'lilith', 'neo mellow', 'pop', 'pop rock', 'post-teen pop', 'show tunes', 'viral pop']"
3wyVrVrFCkukjdVIdirGVY,Lil Pump,"['emo rap', 'miami hip hop', 'rap', 'trap music']"
6CwfuxIqcltXDGjfZsMd9A,MARINA,"['dance pop', 'electropop', 'indie poptimism', 'metropopolis', 'pop', 'post-teen pop', 'tropical house', 'uk alternative pop']"
1iJdyDcY98X3GMnUesl7tf,Comethazine,"['trap music', 'underground hip hop', 'vapor trap']"
1Ffb6ejR6Fe5IamqA5oRUF,Bring Me The Horizon,"['melodic metalcore', 'metalcore', 'rock', 'screamo']"
60gmlHZmT16wiO9GiXKYK9,Chris Janson,"['contemporary country', 'country pop', 'country road', 'modern country rock', 'redneck']"
1RyvyyTE3xzB2ZywiAwp0i,Future,"['atl hip hop', 'hip hop', 'pop', 'pop rap', 'rap', 'southern hip hop', 'trap music']"
3jK9MiCrA42lLAdMGUZpwa,Anderson .Paak,"['escape room', 'hip hop']"
3jK9MiCrA42lLAdMGUZpwa,Anderson .Paak,"['escape room', 'hip hop']"
3jK9MiCrA42lLAdMGUZpwa,Anderson .Paak,"['escape room', 'hip hop']"
3jK9MiCrA42lLAdMGUZpwa,Anderson .Paak,"['escape room', 'hip hop']"
3jK9MiCrA42lLAdMGUZpwa,Anderson .Paak,"['escape room', 'hip hop']"
3jK9MiCrA42lLAdMGUZpwa,Anderson .Paak,"['escape room', 'hip hop']"
3jK9MiCrA42lLAdMGUZpwa,Anderson .Paak,"['escape room', 'hip hop']"
3jK9MiCrA42lLAdMGUZpwa,Anderson .Paak,"['escape room', 'hip hop']"
3jK9MiCrA42lLAdMGUZpwa,Anderson .Paak,"['escape room', 'hip hop']"
