Artist ID,Artist Name,Track ID,Track Name,Popularity Score
6l3HvQ5sa6mXTsMTB19rO5,J. Cole,2JvzF1RMd7lE3KmFlsyZD8,MIDDLE CHILD,95
7jVv8c5Fj3E9VhNjxT4snq,Lil Nas X,53CJANUxooaqGOtdsBTh7O,Old Town Road,95
6qqNVTkY8uBg9cP3Jd7DAH,Billie Eilish,2Fxmhks0bxGSBdJ92vM42m,bad guy,98
7gOdHgIoIKoe4i9Tta6qdD,Jonas Brothers,4y3OI86AEP6PQoDE6olYhO,Sucker,98
66CXWjxzNUsdJxJ2JdwvnR,Ariana Grande,4kV4N9D1iKVxx1KLvtTpjS,"break up with your girlfriend, i'm bored",98
0YinUQ50QDB7ZxSCLyQ40k,Mustard,63cd4JkwGgYJrbOizbfmsp,Pure Water (with Migos),92
1cNDP5yjU5vjeR8qMf4grg,YNW Melly,6vWEAOUSxohKxhp0K1BsxL,Mixed Personalities (feat. Kanye West),91
4MCBfE4596Uoi2O4DtmEMz,Juice WRLD,6Hj9jySrnFppAI0sEMCZpJ,Robbery,91
7jVv8c5Fj3E9VhNjxT4snq,Lil Nas X,6u7jPi22kF8CTQ3rb9DHE7,Old Town Road - Remix,92
6LuN9FCkKOj5PcnpouEgny,Khalid,0rTV5WefWd1J3OwIheTzxM,Talk,94
66CXWjxzNUsdJxJ2JdwvnR,Ariana Grande,14msK75pk3pA33pzPVNtBF,7 rings,96
2wY79sveU1sp5g7SokKOiI,Sam Smith,6Qs4SXO9dwPj5GKvVOv8Ki,Dancing With A Stranger (with Normani),96
66CXWjxzNUsdJxJ2JdwvnR,Ariana Grande,3e9HZxeyfWwjeyPAMmWSSQ,"thank u, next",94
6qqNVTkY8uBg9cP3Jd7DAH,Billie Eilish,3Fj47GNK2kUF0uaEDgXLaD,wish you were gay,92
4kYSro6naA4h99UJvo89HB,Cardi B,0PG9fbaaHFHfre2gUVo7AN,Please Me,92
66CXWjxzNUsdJxJ2JdwvnR,Ariana Grande,6ocbgoVGwYJhOv1GgI9NsF,7 rings,94
5JZ7CnR6gTvEMKX4g70Amv,Lauv,7COXchtUOMd6uIT6HvmRaI,i'm so tired...,95
6qqNVTkY8uBg9cP3Jd7DAH,Billie Eilish,4SSnFejRGlZikf02HLewEF,bury a friend,92
7d3WFRME3vBY2cgoP38RDo,Lil Skies,4ZT9FnbFu1PaBfV3itxiqT,i,87
64KEffDW9EtZ1y2vBYgq8T,Marshmello,5icOoE6VgqFKohjWWNp0Ac,Here With Me,93
66CXWjxzNUsdJxJ2JdwvnR,Ariana Grande,6tsOcBnaKgzK22yEiqRh8P,MONOPOLY (with Victoria Monét),89
6qqNVTkY8uBg9cP3Jd7DAH,Billie Eilish,4QIo4oxwzzafcBWkKjDpXY,xanny,90
6LuN9FCkKOj5PcnpouEgny,Khalid,1DUSuNhF8P5vUGNPpQiZa5,My Bad,91
6qqNVTkY8uBg9cP3Jd7DAH,Billie Eilish,6IRdLKIyS4p7XNiP8r6rsx,all the good girls go to hell,91
6qqNVTkY8uBg9cP3Jd7DAH,Billie Eilish,43zdsphuZLzwA9k4DJhU0I,when the party's over,91
6LuN9FCkKOj5PcnpouEgny,Khalid,09oZ9eXQ2fo6YDrPzJqAoP,Outta My Head (with John Mayer),87
6qqNVTkY8uBg9cP3Jd7DAH,Billie Eilish,3Tc57t9l2O8FwQZtQOvPXK,my strange addiction,90
66CXWjxzNUsdJxJ2JdwvnR,Ariana Grande,1TEL6MlSSVLSdhOSddidlJ,needy,88
6qqNVTkY8uBg9cP3Jd7DAH,Billie Eilish,3XF5xLJHOQQRbWya6hBp7d,you should see me in a crown,90
4VMYDCV2IEDYJArk749S6m,Daddy Yankee,5w9c2J52mkdntKOmRLeM2m,Con Calma,100
4MCBfE4596Uoi2O4DtmEMz,Juice WRLD,6MjNilJCVKJq0LfFvo5jWJ,Fast,88
6qqNVTkY8uBg9cP3Jd7DAH,Billie Eilish,6CcJMwBtXByIz4zQLzFkKc,i love you,89
6qqNVTkY8uBg9cP3Jd7DAH,Billie Eilish,7qEKqBCD2vE5vIBsrUitpD,ilomilo,89
66CXWjxzNUsdJxJ2JdwvnR,Ariana Grande,4uTvPEr01pjTbZgl7jcKBD,NASA,88
6LuN9FCkKOj5PcnpouEgny,Khalid,2vsuel3g4zaLYSOY0mOMbi,Bad Luck,81
4MCBfE4596Uoi2O4DtmEMz,Juice WRLD,13ZyrkCDmRz5xY3seuAWYk,Hear Me Calling,86
6LuN9FCkKOj5PcnpouEgny,Khalid,5A1w94uzc1kO1Zhe8WWxC3,Right Back,80
4MCBfE4596Uoi2O4DtmEMz,Juice WRLD,6eiztdXRkooWsBt2xToMWI,Make Believe,85
6qqNVTkY8uBg9cP3Jd7DAH,Billie Eilish,0tMSssfxAL2oV8Vri0mFHE,listen before i go,88
6LuN9FCkKOj5PcnpouEgny,Khalid,2kAIpGWnlFLQh48iut6Zzq,Free Spirit,80
6LuN9FCkKOj5PcnpouEgny,Khalid,6TqXcAFInzjp0bODyvrWEq,Talk,81
1MIVXf74SZHmTIp4V4paH4,Mabel,5WHTFyqSii0lmT9R21abT8,Don't Call Me Up,95
6LuN9FCkKOj5PcnpouEgny,Khalid,2XKFnwB6djxrJCjR3PdeRb,My Bad,81
5CiGnKThu5ctn9pBxv7DGa,benny blanco,1WSGTYKLEpKfNQYYW5Oymt,"I Can’t Get Enough (benny blanco, Selena Gomez, J Balvin, Tainy)",93
4DdkRBBYG6Yk9Ka8tdJ9BW,Offset,7pMRoGLEJuFM2wl5pt0R99,Legacy (feat. Travis Scott & 21 Savage),85
6LuN9FCkKOj5PcnpouEgny,Khalid,5BfMJ6iytQnu1r7iiCYSXe,Intro,79
6LuN9FCkKOj5PcnpouEgny,Khalid,0HEckRWFSknIupbGzavk5d,Hundred,79
6LuN9FCkKOj5PcnpouEgny,Khalid,1E6DEDWDKHoOW0fcFuDghV,Don't Pretend,80
4MCBfE4596Uoi2O4DtmEMz,Juice WRLD,41MCdlvXOl62B7Kv86Bb1v,Empty,84
6WY7D3jk8zTrHtmkqqo5GI,Maren Morris,3npzogdOEiVsieXmmhBepL,The Bones,87
0cGUm45nv7Z6M6qdXYQGTX,Kehlani,6ZRuF2n1CQxyxxAAWsKJOy,Nights Like This (feat. Ty Dolla $ign),87
6LuN9FCkKOj5PcnpouEgny,Khalid,6fOOKqQWcSy33ApU1wqkkW,Paradise,79
6LuN9FCkKOj5PcnpouEgny,Khalid,1NgCWYuBLfqBDA3b8MgSVU,Twenty One,79
66CXWjxzNUsdJxJ2JdwvnR,Ariana Grande,2hloaUoRonYssMuqLCBLTX,bloodline,88
66CXWjxzNUsdJxJ2JdwvnR,Ariana Grande,39LmTF9RgyakzSYX8txrow,imagine,87
6LuN9FCkKOj5PcnpouEgny,Khalid,339Y993TrFyWyO438be0RY,Better,78
6qqNVTkY8uBg9cP3Jd7DAH,Billie Eilish,6X29iaaazwho3ab7GNue5r,8,87
4DdkRBBYG6Yk9Ka8tdJ9BW,Offset,2MJdgSby3DtSS7bUJx2cly,Red Room,85
6LuN9FCkKOj5PcnpouEgny,Khalid,42w7pX3r1TpLR0i55Ek5ND,Bluffin',77
0EeQBlQJFiAfJeVN2vT9s0,Nipsey Hussle,6ya8ejoKgw906Y8LWclqrp,Racks In The Middle (feat. Roddy Ricch and Hit-Boy),85
4xRYI6VqpkE3UwrDrAZL8L,Logic,25F6MWrnFBCXVnpN4n76EK,Keanu Reeves,85
6LuN9FCkKOj5PcnpouEgny,Khalid,12VqHHz4wvVcnEdSivjLeQ,Alive,77
6LuN9FCkKOj5PcnpouEgny,Khalid,0Hgqglypzt6Qs5Duqskcqs,Heaven,77
6LuN9FCkKOj5PcnpouEgny,Khalid,1WqLtczgKdbHFHhefOU0y7,Self,76
1i8SpTcr7yvPOmcqrbnVXY,Ozuna,7uH27oIt4a6cIFCA8ZPcyG,Baila Baila Baila,95
66CXWjxzNUsdJxJ2JdwvnR,Ariana Grande,5Il6Oe7lr5XM7A0cWbVQtr,bad idea,87
6LuN9FCkKOj5PcnpouEgny,Khalid,1fHRzxbts9A8J1ergDe7Kz,Saturday Nights,76
2R21vXR83lH98kGeO99Y66,Anuel Aa,5W83ErFkO3aKAIS1WMi6u0,Secreto,95
6LuN9FCkKOj5PcnpouEgny,Khalid,78P2cNBhbdjXWIRYuEXkV6,Don't Pretend,77
5qa31A9HySw3T7MKWI9bGg,FLETCHER,5SHhPFh68OhUmuRPymKX9d,Undrunk,86
66CXWjxzNUsdJxJ2JdwvnR,Ariana Grande,3wFLWP0FcIqHK1wb1CPthQ,fake smile,86
64KEffDW9EtZ1y2vBYgq8T,Marshmello,6GSkLS2y4ZnnZsuRAj975K,Project Dreams,85
1pPmIToKXyGdsCF6LmqLmI,Rich The Kid,3KLo7ByvjCNyBrfz5DZ2mO,Splashin,84
2jku7tDXc6XoB6MO2hFuqg,Tory Lanez,0NJp8GyCOWnQh71xKSPfuV,Freaky,85
6AgTAQt8XS6jRWi4sX7w49,Polo G,5AjINjwKyRvQJhSe2zpPHi,Pop Out (feat. Lil TJay),83
64M6ah0SkkRsnPGtGiRAbb,Bebe Rexha,0i0wnv9UoFdZ5MfuFGQzMy,Last Hurrah,89
7meyrw7Or5DwteYxDJrkCM,YK Osiris,4XiGKQqbmnMVxDzUj6j3f2,Worth It,83
4MCBfE4596Uoi2O4DtmEMz,Juice WRLD,4mUIe9gfsdtsVP2zFIl74x,Maze,83
0ErzCpIMyLcjPiwT4elrtZ,NLE Choppa,4dAMdQ6g4kGmnc1MDHsg77,Shotta Flow,81
3Fl1V19tmjt57oBdxXKAjJ,Blueface,67fNrBUMc7iWMofdCaoJV9,Bleed It,82
66CXWjxzNUsdJxJ2JdwvnR,Ariana Grande,2vdBo4ALPYbHRUPKgtE5iC,ghostin,85
5IcR3N7QB1j6KBL8eImZ8m,ScHoolboy Q,4dTiQezDWmEOWcdCbWVWMp,Numb Numb Juice,83
6qqNVTkY8uBg9cP3Jd7DAH,Billie Eilish,3LgWsmilsrWXiPYQFRD0T7,goodbye,85
66CXWjxzNUsdJxJ2JdwvnR,Ariana Grande,4T652DlATVHe0jdLKaN3Bw,in my head,84
1KCSPY1glIKqW2TotWuXOR,P!nk,7DHApOHsIFo7EyfieArYGE,Walk Me Home,89
246dkjvS1zLTtiykXe5h60,Post Malone,0fcq51a3gOI6gPvzc0YLsk,Wow. - Remix,84
1RyvyyTE3xzB2ZywiAwp0i,Future,3WRIaWsws011vHMd9uzPjG,First Off (feat. Travis Scott),83
6LuN9FCkKOj5PcnpouEgny,Khalid,7b4aLX67OsLSUbYIoBvdmI,Talk REMIX,14
4MCBfE4596Uoi2O4DtmEMz,Juice WRLD,2Jh3UqxnHJMyzMzku4uOtE,Feeling,81
66CXWjxzNUsdJxJ2JdwvnR,Ariana Grande,73a7QCttEiEy9ZVKw8GrXe,MONOPOLY (with Victoria Monét),47
4MCBfE4596Uoi2O4DtmEMz,Juice WRLD,2BSbCCbaSCzkOEZa6N5901,Flaws And Sins,81
2kCcBybjl3SAtIcwdWpUe3,Lil Peep,2v5JTeM6hSmi5wWy7jiwrI,I've Been Waiting (w/ ILoveMakonnen & Fall Out Boy),84
6Ad91Jof8Niiw0lGLLi3NW,YUNGBLUD,4mGdjNMo0RonTlOEb7cYg4,11 Minutes (with Halsey feat. Travis Barker),86
1RyvyyTE3xzB2ZywiAwp0i,Future,7wcyO1rrH3Ru4t659IjG41,Crushed Up,82
4xRYI6VqpkE3UwrDrAZL8L,Logic,5CE0V7z1ePOZQNJNpWxYGA,Confessions of a Dangerous Mind,82
2jnIB6XdLvnJUeNTy5A0J2,Why Don't We,6Yx181fZzA0YE2EkUsYruq,Big Plans,86
66CXWjxzNUsdJxJ2JdwvnR,Ariana Grande,27356GVuMPFWiJSZCragoM,make up,83
2hlmm7s2ICUX0LVIhVFlZQ,Gunna,3BXXkwyhsHM0EPApHMhQC5,Speed It Up,80
7gOdHgIoIKoe4i9Tta6qdD,Jonas Brothers,3QmolSZqjjLksTUvZJ6pPS,Cool,83
4O15NlyKLIASxsJ0PrXPfz,Lil Uzi Vert,3XiNC94b4Tq1xwv70sQJGN,Sanguine Paradise,76
6Ha4aES39QiVjR0L2lwuwq,Yo Gotti,6PRh0ilIMEP1xlUHqalnkD,Put a Date On It (feat. Lil Baby),79
1r4hJ1h58CWwUQe3MxPuau,Maluma,31UjYv5vLsDkzchJOtUMtW,HP,94
15UsOTVnJzReFVN1VCnxy4,XXXTENTACION,3jq1RpStaB1YGyN3rRZGca,Sauce!,81
7d3WFRME3vBY2cgoP38RDo,Lil Skies,0hCHNYL8ApQCGNwJrYN1FY,Bad Girls (feat. Gucci Mane),80
4r63FhuTkUYltbVAg5TQnk,DaBaby,2gwkD6igEhQbDQegRCcdoB,Suge,78
3b8QkneNDz4JHKKKlLgYZg,Florida Georgia Line,4qQwGRtGT7l6ckQtdPEFd4,Talk You Out Of It,79
4npEfmQ6YuiwW1GpUmaq3F,Ava Max,0uUNN1nSoUx1A4fkDCWDQ7,So Am I,89
17lzZA2AlOHwCwFALHttmp,2 Chainz,6Z4rmc0uujCpl8yXe3yjgI,Whip (feat. Travis Scott),80
4MCBfE4596Uoi2O4DtmEMz,Juice WRLD,4zxpssj8DyrfZcEUSUiNxG,Ring Ring (with Rvssian feat. Clever),79
6Dd3NScHWwnW6obMFbl1BH,Daya,7hzlzoOwCZ4D3Ow5YZK4kj,Insomnia,84
2hlmm7s2ICUX0LVIhVFlZQ,Gunna,1q9jq5X5vwmewjOa2mHtQ1,Same Yung Nigga (feat. Playboi Carti),79
6x2LnllRG5uGarZMsD4iO8,Thomas Rhett,1HY7Ze0NWqDJkl4g4MV62Q,Look What God Gave Her,78
4GvEc3ANtPPjt1ZJllr5Zl,Bazzi,7njKgVl3AnLflRad38o7AG,Paradise,82
3Fl1V19tmjt57oBdxXKAjJ,Blueface,1JkrD47SDpAbyvqKtolcea,"Thotiana (feat. Cardi B, YG) [Remix]",82
4MCBfE4596Uoi2O4DtmEMz,Juice WRLD,6phY2gnvf9WwCiXlLMQOY3,HeMotions,79
5WUlDfRSoLAfcVSX1WnrxN,Sia,3Y7a0typ6ik1KscmebXd6D,No New Friends,85
7CajNmpbOovFoOoasH2HaY,Calvin Harris,5itOtNx0WxtJmi1TQ3RuRd,Giant (with Rag'n'Bone Man),94
7rkW85dBwwrJtlHRDkJDAC,NAV,4hqOmrCCJKyiuwDexd8c2t,Price On My Head (feat. The Weeknd),81
4DdkRBBYG6Yk9Ka8tdJ9BW,Offset,32iPykTXUNZ9oGyACGUybq,How Did I Get Here (feat. J. Cole),79
2qxJFvFYMEDqd7ui6kSAcq,Zedd,2XWjPtKdi5sucFYtVav07d,365,87
1pPmIToKXyGdsCF6LmqLmI,Rich The Kid,4bi9YrkOvmg4Eb7h00AW2c,Fall Threw (feat. Young Thug & Gunna),79
0ZED1XzwlLHW4ZaG4lOT6m,Julia Michaels,5WtfUKzXircvW8l5aaVZWT,What A Time (feat. Niall Horan),84
4MCBfE4596Uoi2O4DtmEMz,Juice WRLD,06LFFPPS7MylCZXps3cO4m,Who Shot Cupid?,78
3b8QkneNDz4JHKKKlLgYZg,Florida Georgia Line,4L9Ds4mpD3SuYoWwFUlv16,Simple,78
7vk5e3vY1uw9plTHJAMwjN,Alan Walker,4n7jnSxVLd8QioibtTDBDq,On My Way,89
21WS9wngs9AqFckK7yYJPM,PnB Rock,4KXDT3pmPDB9IB6hTUoGpd,I Like Girls (feat. Lil Skies),78
4r63FhuTkUYltbVAg5TQnk,DaBaby,3WyRgi8CzQnhzO0xw79tTS,Goin Baby,77
6WY7D3jk8zTrHtmkqqo5GI,Maren Morris,3y5B5ebFMzEEFqCPOesAXR,GIRL,78
2jnIB6XdLvnJUeNTy5A0J2,Why Don't We,45ZGEdLxCZvdMX9jWlsAAx,I Don't Belong In This Club,83
0haZhu4fFKt0Ag94kZDiz2,Sofia Reyes,6JqpFboOH2bq9pzaYbkKBn,R.I.P. (feat. Rita Ora & Anitta),88
5LHRHt1k9lMyONurDHEdrp,Tyga,1NHlyKgtR4roNylOhidKSv,Girls Have Fun (feat. G-Eazy & Rich The Kid),82
0huGjMyP507tBCARyzSkrv,YBN Cordae,6fIMvZ2JA9kuQG8IuDgWMM,Have Mercy,78
0KPX4Ucy9dk82uj4GpKesn,Dalex,224EVTFiLsdQignUFLvDeH,Pa Mí - Remix,93
1SupJlEpv7RS2tPNRaHViT,Nicky Jam,6v0lAdFF4haL8xjBIUjtOw,Te Robaré,89
02kJSzxNuaWGqwubyUba0Z,G-Eazy,2O8gSQ9z52tZSLJnuzjkcG,West Coast,79
4O15NlyKLIASxsJ0PrXPfz,Lil Uzi Vert,4pCEIQ6wBVuaJdER5bALtO,That's A Rack,71
60d24wfXkVzDSfLS6hyCjZ,Martin Garrix,1ahVFh0ViDZr8LvkEVlq3B,No Sleep (feat. Bonn),87
5INjqkS1o8h1imAzPqGZBb,Tame Impala,2drEUEg0TYQR6dDEHkpuPE,Patience,80
6LuN9FCkKOj5PcnpouEgny,Khalid,0W5oXFrxZNBTIS1eMW9Ofz,Saturday Nights REMIX,80
69GGBxA162lTqCwzJG5jLp,The Chainsmokers,1Pz3QmQFBFuI60rxCQBeW6,Kills You Slowly,82
0tmwSHipWxN12fsoLcFU3B,Manuel Turizo,3g4UyIcQwutiG0TfW32GnX,Esclavo de Tus Besos,90
3EOEK57CV77D4ovYVcmiyt,Dennis Lloyd,2QrXzOqLCVDRZHkToA0tSR,Never Go Back,84
4MCBfE4596Uoi2O4DtmEMz,Juice WRLD,4rWC4tiO4NCwRHdh6vyu6b,Big,77
7bXgB6jMjp9ATFy66eO08Z,Chris Brown,7uiBocndm12aKbsdnQ3Scx,Undecided,84
6LuN9FCkKOj5PcnpouEgny,Khalid,29uWfSrklmIxzRIqFFK9jj,Self,81
46SHBwWsqBkxI7EeeBEQG7,Kodak Black,5FxKZ4IajYIRDjAWAboiB4,Pimpin Ain't Eazy,76
23fqKkggKUBHNkbKtXEls4,Kygo,3Kuu5vASpXK8oRsxOvau6P,Think About You,84
7jVv8c5Fj3E9VhNjxT4snq,Lil Nas X,7MKNP9GEcCj4Vcfw3IerQ6,Old Town Road,75
2FXC3k01G6Gw61bmprjgqS,Hozier,5Apvsk0suoivI1H8CmBglv,Almost (Sweet Music),76
4ehtJnVumNf6xzSCDk8aLB,Martin Jensen,2qfEcCkEo5NscA9GL7ER72,Nobody,82
41MozSoPIsD1dJM0CLPjZF,BLACKPINK,18PergoIrGmRyeYxnaXJN2,Kill This Love,82
6s22t5Y3prQHyaHWUN1R1C,AJR,59NBECAQ5tXNmtKbRFcYil,100 Bad Days,74
6y8XlgIV8BLlIg1tT1R10i,Old Dominion,7C6JnGZRj0HMIF06rlz9Mb,Make It Sweet,75
26VFTg2z8YR0cCuwLzESi2,Halsey,6Zc5f20q7sOe1IC1c1jQvZ,Without Me (with Juice WRLD),78
246dkjvS1zLTtiykXe5h60,Post Malone,7dbka99KTWke5o9hRp0JoB,Sunflower - Spider-Man: Into the Spider-Verse,81
7DuTB6wdzqFJGFLSH17k8e,Bhad Bhabie,0jtTDKt1FRTnKbWtWSGLoy,Bestie (feat. Kodak Black),79
17lzZA2AlOHwCwFALHttmp,2 Chainz,1R6VwZ8TuHRzxZUxe88n4I,Rule The World (feat. Ariana Grande),78
7d3WFRME3vBY2cgoP38RDo,Lil Skies,0Qd2KYCmwGYiTF3A0opS6b,Real Ties,77
6y8XlgIV8BLlIg1tT1R10i,Old Dominion,3ksmU0DaEUMEVzx5V6cc3z,One Man Band,75
6qqNVTkY8uBg9cP3Jd7DAH,Billie Eilish,7tGEAA1f8MydT7eVbbO9Zy,WHEN I WAS OLDER - Music Inspired By The Film ROMA,80
3wyVrVrFCkukjdVIdirGVY,Lil Pump,4NdXQlDTzxbOMkzJGWFtz3,Butterfly Doors,79
0ErzCpIMyLcjPiwT4elrtZ,NLE Choppa,6oV5zsbz9V2nZ79PYam9yC,Shotta Flow 2,75
1pPmIToKXyGdsCF6LmqLmI,Rich The Kid,4gJUBncw0XCMTBHneTjqGx,Like Mike (feat. Jay Critch & A Boogie wit da Hoodie),76
4MCBfE4596Uoi2O4DtmEMz,Juice WRLD,4dOmgE4ULbySxpeGObN8RL,Syphilis,76
4MCBfE4596Uoi2O4DtmEMz,Juice WRLD,572BChNcXOIvtfn2TGmTKc,ON GOD (feat. Young Thug),76
02kJSzxNuaWGqwubyUba0Z,G-Eazy,4EnEGf9JzAJhF1XNY9DJcD,"West Coast (feat. Blueface, ALLBLACK & YG)",77
4MCBfE4596Uoi2O4DtmEMz,Juice WRLD,0baYVkFX4vIXXmIuHRWXDN,Out My Way,75
4DdkRBBYG6Yk9Ka8tdJ9BW,Offset,59ywHNwwchG4nZJMLyxSzd,Clout (feat. Cardi B),77
64aJYyrXljOodnUG6jvhRD,DJ Luian,4lzxJ4jCuFDXXGkE1LmpKR,Verte Ir,88
7rkW85dBwwrJtlHRDkJDAC,NAV,5rU6kDNXZLXIinFezpbWbO,Tap (feat. Meek Mill),76
3wyVrVrFCkukjdVIdirGVY,Lil Pump,6flur5o18COKeafnjLHRiJ,Be Like Me (feat. Lil Wayne),80
2hlmm7s2ICUX0LVIhVFlZQ,Gunna,76PwajqH3ej4hnk9tgaJpp,Outstanding,75
4MCBfE4596Uoi2O4DtmEMz,Juice WRLD,4Z9cAwlkruSbWblPBthygg,10 Feet,75
2hlmm7s2ICUX0LVIhVFlZQ,Gunna,2OaKHGvIxoOzIYjyMsxcT8,3 Headed Snake (feat. Young Thug),75
7d3WFRME3vBY2cgoP38RDo,Lil Skies,11p2ty4w5GpoFL4vcK0Cru,Name in the Sand,75
4MCBfE4596Uoi2O4DtmEMz,Juice WRLD,15LOSQ3z91ZB2wMiMhiCjZ,Desire,75
4MCBfE4596Uoi2O4DtmEMz,Juice WRLD,6LkawpJyy0TZJ6Z41gMVyy,The Bees Knees,75
7d3WFRME3vBY2cgoP38RDo,Lil Skies,6PXhPHhZy1MpxuTNA1Ad4L,Stop The Madness (feat. Gunna),76
0hEurMDQu99nJRq8pTxO14,John Mayer,1HNywa8Bk0TmzRwQrzhtPo,I Guess I Just Feel Like,80
6S0IvKlvPMX1RtAYtVpUV8,Drax Project,3qLBz3j26AHO2jBYUQWLA6,Woke Up Late (feat. Hailee Steinfeld),79
5IcR3N7QB1j6KBL8eImZ8m,ScHoolboy Q,01DOm09B2AbiTARAbXVI6g,CHopstix (with Travis Scott),75
1Xylc3o4UrD53lo9CvFvVg,Zara Larsson,507tQXutCPYNFkpOq8tmKF,Don't Worry Bout Me,83
4MCBfE4596Uoi2O4DtmEMz,Juice WRLD,5ZOEulH7fvK4ZkMLTOyKL0,Demonz (feat. Brent Faiyaz) - Interlude,75
1iJdyDcY98X3GMnUesl7tf,Comethazine,35l8ivgXiWiDCv7TCZ50Da,Walk (Remix),76
1pPmIToKXyGdsCF6LmqLmI,Rich The Kid,2VGD6mGeuv6aORaU0vKsHB,Tic Toc (with Tory Lanez),76
7ltDVBr6mKbRvohxheJ9h1,ROSALÍA,2qG5sZ7Si6sdK74qLxedYM,Con Altura,87
4DdkRBBYG6Yk9Ka8tdJ9BW,Offset,4W9XGjEUVG9junR70FOLii,Lick,77
7lDVEkjIURPMyUYwoQRrpw,Ryan Hurd,64wjSAPLRnrjNByQCxnX3u,To a T,74
1HY2Jd0NmPuamShAr6KMms,Lady Gaga,6GvLWrqCv92RAXtxV99yZy,Money Honey,0
56oDRnqbIiwx4mymNEv7dS,Lizzo,0onslUNmSLDkuYaideYWir,Juice,80
3hteYQFiMFbJY7wS0xDymP,Gesaffelstein,2vXKRlJBXyOcvZYTdNeckS,Lost in the Fire (feat. The Weeknd),75
17lzZA2AlOHwCwFALHttmp,2 Chainz,7jKUnzzOGhAlPjr7LkIUlE,Momma I Hit A Lick (feat. Kendrick Lamar),75
4sTQVOfp9vEMCemLw50sbu,Galantis,1pfgsjmxVZhoZpeDx6POKv,Bones (feat. OneRepublic),84
1INuLZXjjVbcJRyWvD1iSq,Jack & Jack,4cZ3UsiKd1kUQIaq4BFIj2,No One Compares To You,79
7d3WFRME3vBY2cgoP38RDo,Lil Skies,0Goo25lbtpwor5vb0K2r21,Nowadays Pt. 2 (feat. Landon Cube),75
53KwLdlmrlCelAZMaLVZqU,James Blake,4cQrSREMqBSvJ8ZzBZjVb8,Mile High (feat. Travis Scott & Metro Boomin),77
07YUOmWljBTXwIseAUd9TW,Sebastian Yatra,5BDP2tky8oMQJPS33frKVp,Un Año,91
4DdkRBBYG6Yk9Ka8tdJ9BW,Offset,4TWflhgevIGo448fWc6mQq,Red Room,76
0ZED1XzwlLHW4ZaG4lOT6m,Julia Michaels,1XJ93XskwJf7PCyIVLbNBt,Anxiety (with Selena Gomez),81
4EzkuveR9pLvDVFNx6foYD,James Bay,4JWQC6gyYoPRnxRxk0ta2M,Peer Pressure (feat. Julia Michaels),82
2hlmm7s2ICUX0LVIhVFlZQ,Gunna,7KVPsVMOK3NL7subwJ0dZj,Who You Foolin,74
4r63FhuTkUYltbVAg5TQnk,DaBaby,7f1zjZG77S891Uv4O68yfk,Baby Sitter (feat. Offset),74
1i8SpTcr7yvPOmcqrbnVXY,Ozuna,5wJyLntSyi1FLpvhCm9FJD,Baila Baila Baila - Remix,55
1qto4hHid1P71emI6Fd8xi,Aventura,2swZ0X1njeU32SNJeBKIfW,Inmortal,77
0ghlgldX5Dd6720Q3qFyQB,TOMORROW X TOGETHER,32h6yQGn4oAhZ0HRsTMX26,CROWN,82
4MCBfE4596Uoi2O4DtmEMz,Juice WRLD,3usM520kfIRpWNaYOwdnYI,Rider,74
7rkW85dBwwrJtlHRDkJDAC,NAV,3KkWGDCb6byHjNYjxBihGK,Habits,74
1o2NpYGqHiCq7FoiYdyd1x,Bea Miller,7cLm450e9XaPrEZTSTsfwU,it's not u it's me,76
1Cs0zKBU1kc0i8ypK3B9ai,David Guetta,4Tvw0lweq9l2JPQKFbpbBQ,Better When You're Gone,85
7CajNmpbOovFoOoasH2HaY,Calvin Harris,24N6IEDiZPQXhfHcYiSjxP,How Deep Is Your Love,2
0cGUm45nv7Z6M6qdXYQGTX,Kehlani,4BOikd4oZjOYMde9AXfrTo,Feels,76
56oDRnqbIiwx4mymNEv7dS,Lizzo,4LRKHjC3WH5AKZSGZzlnGk,Tempo (feat. Missy Elliott),75
1cNDP5yjU5vjeR8qMf4grg,YNW Melly,0rhxoXFMKRtm1dQJfi72Yh,No Heart,73
0ErzCpIMyLcjPiwT4elrtZ,NLE Choppa,1KjQPDJQCUuqDj3AmfSBCa,CAPO,73
1RyvyyTE3xzB2ZywiAwp0i,Future,1I3ZAmPmbFV78oNKnibOiW,Jumpin on a Jet,74
47MpMsUfWtgyIIBEFOr4FE,Lunay,4T4CZ3Q4z3GG7lU720YYhM,Soltera,88
3QSQFmccmX81fWCUSPTS7y,Dean Lewis,2BkyYZmU4JuWW2sYi9EzpC,7 Minutes,83
2FXC3k01G6Gw61bmprjgqS,Hozier,2e9N4vHYVUwSwRorBzsZXE,Almost (Sweet Music),73
4MCBfE4596Uoi2O4DtmEMz,Juice WRLD,4yoQbSPoj8H3O8M3EKvC74,Won’t Let Go,73
0B3N0ZINFWvizfa8bKiz4v,James TW,5g45gvxgaYVuhkDACPnvfh,You & Me,81
26T3LtbuGT1Fu9m0eRq5X3,Cage The Elephant,2QoDAlMnML5haTXvYRS86X,Ready To Let Go,74
7iK8PXO48WeuP03g8YR51W,Myke Towers,5KbBGUpIZd6gVFUU8tqYiQ,Si Se Da,87
1HBjj22wzbscIZ9sEb5dyf,Jonas Blue,4NSW0Km5ZG60L8FthUebPJ,What I Like About You (feat. Theresa Rex),82
5usbqiU7sjvszjWecANDL6,Boogie,015jLlgBeSkl3CApWJhlv7,Rainy Days (feat. Eminem),75
2oX42qP5ineK3hrhBECLmj,Andy Grammer,4Y0TtDriFlN3XZoQx6PYsu,"Don't Give Up On Me - (From ""Five Feet Apart"")",78
4DdkRBBYG6Yk9Ka8tdJ9BW,Offset,0SQ8yalm13UIJuebuZkQlH,Wild Wild West (feat. Gunna),74
2auiVi8sUZo17dLy1HwrTU,Solange,6IAgarq2wDeYzpsY2Kx0Hw,Almeda,75
7d3WFRME3vBY2cgoP38RDo,Lil Skies,6NGeKy2lLt86dxDjJAtBFk,Breathe,73
7d3WFRME3vBY2cgoP38RDo,Lil Skies,6Ur6u4Ici7NYBiuGEEkNMP,Flooded,73
0p4nmQO2msCgU4IF37Wi3j,Avril Lavigne,7gY3cyGcB2wnk2xDXiA0pe,Head Above Water,79
2FXC3k01G6Gw61bmprjgqS,Hozier,1djzKW3eYLyzjjHXazEWWh,Movement,71
64KEffDW9EtZ1y2vBYgq8T,Marshmello,2KhNvxincDseAVjb3q9kXF,First Place,10
64KEffDW9EtZ1y2vBYgq8T,Marshmello,2MIYfpEKQ8zbKBdVwOaSBH,Roll The Dice,14
64KEffDW9EtZ1y2vBYgq8T,Marshmello,729WIUjxIG67whWORcTYpt,Don't Save Me,10
3gGUMEwIX6XodWsYEvKSal,YBN Nahmir,1AtJv3Zzf4DA9UfX822V6D,Baby 8,73
1mcTU81TzQhprhouKaTkpq,Rauw Alejandro,08aYFNUTIOMGq93e2VSArQ,Que Le De,86
0JOxt5QOwq0czoJxvSc5hS,GASHI,6MDjeiUWPPgEwLtiBrr9he,My Year,75
5yG7ZAZafVaAlMTeBybKAL,Iggy Azalea,7dsEsd0rlVs6PddRJj64ho,Sally Walker,78
7wlFDEWiM5OoIAt8RSli8b,YoungBoy Never Broke Again,4p9B4qDXJPces7es9phYpL,Kick Yo Door,71
61qMnYXa1GxSBoV3IiYKjZ,Yung Pinch,0qy1xNhQvnRhEpvKxdXYUR,Nightmares (feat. Lil Skies),73
6tkyhGe9hGI3Lcfo4gVh6Z,ChocQuibTown,2ktoFujjJtantyMoVdBJlX,Pa Olvidarte (feat. Manuel Turizo) - Remix,87
0BvkDsjIUla7X0k6CSWh1I,Luke Bryan,6ERR6e7h6wCqGoz1TjiUJb,Knockin' Boots,72
5zctI4wO9XSKS8XwcnqEHk,Lil Mosey,15AF6h7aQ0ibWzBbzAFLL9,Bust Down Cartier,74
2hlmm7s2ICUX0LVIhVFlZQ,Gunna,0BOmhToQ03yOdpzYKMEnAg,Baby Birkin,72
7bXgB6jMjp9ATFy66eO08Z,Chris Brown,6msZFCM1qdeGd4ihdDy5D4,Back To Love,48
4MCBfE4596Uoi2O4DtmEMz,Juice WRLD,3zM2prB16NRn1zggh1KCY0,She’s The One,73
0huGjMyP507tBCARyzSkrv,YBN Cordae,2nOrEg4ZHuR0cFQHeV8RnI,Locationships,72
7bXgB6jMjp9ATFy66eO08Z,Chris Brown,4EZc5VXRRJ77XSmCbvueXG,Back To Love,36
7d3WFRME3vBY2cgoP38RDo,Lil Skies,0AKwYorDdgm3NtusTmPlkn,Blue Strips,73
2hlmm7s2ICUX0LVIhVFlZQ,Gunna,2IoZOYOZDrWCOLoZoYedxQ,One Call,73
7mnBLXK823vNxN3UWB7Gfz,The Black Keys,6XRgC4KAp4upKu0v7H4tQo,Lo/Hi,76
6M2wZ9GZgrQXHCFfjv46we,Dua Lipa,5600nq7TiBraBX2jobyJ3l,"Swan Song (From the Motion Picture ""Alita: Battle Angel"")",82
3hyEbRtp617pNCuuQjyOmc,Lost Kings,09yhMTRqQ1I1dniu3PoIQi,Don't Kill My High,75
1UTPBmNbXNTittyMJrNkvw,Blake Shelton,1dyxS3YzBbL0t8rEVwVQ1K,God's Country,71
7bXgB6jMjp9ATFy66eO08Z,Chris Brown,7mdNKXxia7AeSuJqjjA2rb,Beautiful People (feat. Benny Benassi),1
1z7b1Pr1rSlvWRzsW3HOrS,Russ,0Y4L4iWjUH34u2qnois2fI,AINT GOIN BACK,75
4xRYI6VqpkE3UwrDrAZL8L,Logic,7Ii2ALuxW7NkLfQPhV4Rn2,Bohemian Trapsody,73
2cFrymmkijnjDg9SS92EPM,blackbear,13TMuxC8tdSfthXpHG9D26,1 SIDED LOVE,74
2iojnBLj0qIMiKPvVhLnsH,Trey Songz,0UvBmQOhu4DVXJtdzGc5eV,Chi Chi (feat. Chris Brown),75
3jK9MiCrA42lLAdMGUZpwa,Anderson .Paak,0BhvzFxq3FHiMdGcLiTphr,Make It Better (feat. Smokey Robinson),73
0H39MdGGX6dbnnQPt6NQkZ,SAINt JHN,0mnVrUP1TAoO223C0N2NYI,Trap (feat. Lil Baby),72
5TgQ66WuWkoQ2xYxaSTnVP,Netsky,5pzeevBDvU6GVXqUKoiYDX,I Don’t Even Know You Anymore (feat. Bazzi & Lil Wayne),77
41MozSoPIsD1dJM0CLPjZF,BLACKPINK,0zYqFyhiTj419q56lNsjk0,Don't Know What To Do,76
5BvJzeQpmsdsFp4HGUYUEx,Vampire Weekend,5kXDF4OmM5COyeo6z97nEk,Harmony Hall,76
4GvEc3ANtPPjt1ZJllr5Zl,Bazzi,29lG0RlQXa6Fms3DXs1TIT,Caught In The Fire,68
1n2pb9Tsfe4SwAjmUac6YT,Jake Owen,5g0XcG0apQTlO3X8r38vGf,Down To The Honkytonk,71
2hlmm7s2ICUX0LVIhVFlZQ,Gunna,14PWHDV87nXiSuClZDsEYC,Richard Millie Plain,72
5WUlDfRSoLAfcVSX1WnrxN,Sia,19fpxF81Le25x726VVFzvx,Under the Milky Way,0
5WUlDfRSoLAfcVSX1WnrxN,Sia,4XEyiHcye8aWIf8YJJH46b,Sweet Potato,0
5WUlDfRSoLAfcVSX1WnrxN,Sia,50RKxNk3dolYxqahwo37aE,Cheap Thrills,1
5WUlDfRSoLAfcVSX1WnrxN,Sia,5tsvmtDqlLCZD6d4hu9YCU,Breathe Me,0
0NIPkIjTV8mB795yEIiPYL,Wallows,57RA3JGafJm5zRtKJiKPIm,Are You Bored Yet? (feat. Clairo),72
1cNDP5yjU5vjeR8qMf4grg,YNW Melly,5U3MWICGoIVVIR1N8CdCgd,City Girls,71
329e4yvIujISKGKz1BZZbO,Farruko,2VRVV7cvAGPJ2EBU4FIVCz,Nadie,82
04gDigrS5kc9YWfZHwBETP,Maroon 5,6T1Hfb4ZGxVLOaNVC9WopI,Sweetest Goodbye,0
0cGUm45nv7Z6M6qdXYQGTX,Kehlani,0tkmYNfaEaH9HpR59ApRtE,Nunya (feat. Dom Kennedy),73
1pPmIToKXyGdsCF6LmqLmI,Rich The Kid,7r62wx5N1cOQxYr6b0p2Bi,Two Cups (feat. Offset & Big Sean),73
00XhexlJEXQstHimpZN910,Brytiago,4AKWHLChPxYdXAB2cHmZB7,Controla,83
6zLBxLdl60ekBLpawtT63I,Cody Johnson,3OjNkFFZavF89xvRqWCXmU,On My Way to You,69
7d3WFRME3vBY2cgoP38RDo,Lil Skies,0k7Qyc2J6cUryNNhf0pPEL,Ok 4 Now,72
2hlmm7s2ICUX0LVIhVFlZQ,Gunna,1unFtbwcAnSGgYPmp52vc0,Wit It,71
1cNDP5yjU5vjeR8qMf4grg,YNW Melly,4gVX26KwlsIh9Uh7hKIRjp,Butter Pecan - Bonus Track,71
4NZvixzsSefsNiIqXn0NDe,Maggie Rogers,2CPLGREl5ahzA2WPBMkpxh,Fallingwater,72
57WHJIHrjOE3iAxpihhMnp,Louis Tomlinson,3fd5jcZKAzoiivM4ZDwhyU,Two of Us,81
2KsP6tYLJlTBvSUxnwlVWa,Mike Posner,3SOp10shYtVHuZWxVGenUb,Move On,76
1iJdyDcY98X3GMnUesl7tf,Comethazine,1h6OiyF7bf4jifbw1s7mVD,NONSENSE,72
1uNFoZAHBGtllmzznpCI3s,Justin Bieber,5Eg41HyIlzPdVfXA9O9ItL,Sorry,0
1pPmIToKXyGdsCF6LmqLmI,Rich The Kid,20QsjZcPfLlW9OidT7RphJ,Save That,72
6k8x9QgjJkEQ1xRIDYa0tU,Chad Brownlee,73Jdi1pXMmpo5LcsSXiFLO,Forever's Gotta Start Somewhere,72
1ShZZUjkbXCjhwrb18BA8I,Bryce Vine,3TpBefRZ1vFcOH6z57PQRI,La La Land (feat. YG),72
1vyhD5VmyZ7KMfW5gqLgo5,J Balvin,1j1za8SLRop8GupCgIbX4h,La Rebelión,64
7wlFDEWiM5OoIAt8RSli8b,YoungBoy Never Broke Again,3SMvKWD9uGhSpG31pfqdRZ,Gangsta Fever,70
7d3WFRME3vBY2cgoP38RDo,Lil Skies,2pzlvIwI67SEfjLwkZISh8,When I’m Wasted,72
4NZvixzsSefsNiIqXn0NDe,Maggie Rogers,68vxG1i6RSmrsY9mRdqDgG,Burning,72
17lzZA2AlOHwCwFALHttmp,2 Chainz,40wyhIkaVvuZUAbAiTOkHI,High Top Versace (feat. Young Thug),71
77GVmrLGuxNEvj2ibvT62v,Luigi 21 Plus,2N8qVDq1MI0wKHngJMLlbZ,Siempre Papi Nunca Inpapi,60
5y2Xq6xcjJb2jVM54GHK3t,John Legend,2AaF78iCWISMWYog5RnSi5,Preach,76
0O1cTzccAEKaEFShgzAK9V,Bass Santana,44nlOJLjLqwNgYcT277V25,Make Eem Run!,72
5bzWtCkjIAMgN93gLt56SO,Tropkillaz,1OUPXna2MCgAt3VNmXJBtg,Bola Rebola,87
6roFdX1y5BYSbp60OTJWMd,Tim McGraw,1s3ADRSddQ3Ca1GR0rsI8W,Thought About You,70
4NZvixzsSefsNiIqXn0NDe,Maggie Rogers,6UnCGAEmrbGIOSmGRZQ1M2,Light On,73
54lUDwCk35ihJuK3yJCqHA,James Barker Band,6SzCgkimMZ97h2GluSWSzd,Keep It Simple,71
5lwmRuXgjX8xIwlnauTZIP,Romeo Santos,4XEXrp37kZXpQTB2r5vWbS,Canalla,69
4xRYI6VqpkE3UwrDrAZL8L,Logic,5JDwLHI2YUkFSFSn4g5pGd,Can I Kick It,71
6WY7D3jk8zTrHtmkqqo5GI,Maren Morris,69fiYWZsqPB7BVhJJODKQJ,A Song for Everything,71
5cj0lLjcoR7YOSnhnX0Po5,Doja Cat,6mbWdNBDGL4joR1EHRUZg1,Tia Tamera (feat. Rico Nasty),70
4DdkRBBYG6Yk9Ka8tdJ9BW,Offset,47Ad1NzqPuUFbCIURd94Oj,North Star (feat. CeeLo Green),72
4DdkRBBYG6Yk9Ka8tdJ9BW,Offset,36YZKsGtyzblj9fGYKtR7H,Quarter Milli (feat. Gucci Mane),72
2hlmm7s2ICUX0LVIhVFlZQ,Gunna,5bWYPkdp7tPbp1dhE9AX43,Yao Ming,70
7pbDxGE6nQSZVfiFdq9lOL,Rex Orange County,79yScU3wNnv2yPF3awYqnU,New House,74
1vCWHaC5f2uS3yhpwWbIA6,Avicii,6nDKrPlXdpomGBgAlO7UdP,SOS,80
3Nrfpe0tUJi4K4DXYWgMUX,BTS,0eeeyCAGnGZInPtpkdYiPa,Jamais Vu,0
3Nrfpe0tUJi4K4DXYWgMUX,BTS,2isSdmQfVv32j2haL6hk9x,Intro : Persona,0
3Nrfpe0tUJi4K4DXYWgMUX,BTS,5KawlOMHjWeUjQtnuRs22c,Boy With Luv (feat. Halsey),0
3Nrfpe0tUJi4K4DXYWgMUX,BTS,5hnbE5BF2e8BCk9OMR1UVC,Mikrokosmos,0
3Nrfpe0tUJi4K4DXYWgMUX,BTS,6JdS5rJvJaRA7B1tcm7kxZ,Dionysus,0
3Nrfpe0tUJi4K4DXYWgMUX,BTS,6KUE0HSSudAp9AOycaF6SH,Make It Right,0
3Nrfpe0tUJi4K4DXYWgMUX,BTS,7lthOBXNue2IvedLRfkod8,HOME,0
2hlmm7s2ICUX0LVIhVFlZQ,Gunna,42vD3VJBNhxLQ1SWmryw8C,Cash War,70
7lbSsjYACZHn1MSDXPxNF2,Hikaru Utada,0CALOqrkXAE7WB2nyIATLk,Face My Fears - English Version,73
2hlmm7s2ICUX0LVIhVFlZQ,Gunna,3pq5dd3Hwg2uJ3d63v9YRx,One Call,70
3ApUX1o6oSz321MMECyIYd,Quinn XCII,3a1Zmq0P1E6W80x8EOcVNP,Tough (feat. Noah Kahan),71
0XKOBt59crntr7HQXXO8Yz,Brooks & Dunn,3lVPtkNFoIyPPGVdNri4VH,Neon Moon - with Kacey Musgraves,68
17lzZA2AlOHwCwFALHttmp,2 Chainz,1Du1gIiBziiR6SUx3gnSvr,Money In The Way,70
5lwmRuXgjX8xIwlnauTZIP,Romeo Santos,1soECbw2IFdWt5W8Rb4uG7,Payasos,68
2hlmm7s2ICUX0LVIhVFlZQ,Gunna,6PfI6EeLNiNGVAVg11nv7D,Speed It Up,71
5BvJzeQpmsdsFp4HGUYUEx,Vampire Weekend,2nBkgxlht8knPvUQN5Tmdk,Sunflower (feat. Steve Lacy),72
16oZKvXb6WkQlVAjwo2Wbg,The Lumineers,2AoyIsLRZQ0UhedzzhnbKz,Gloria,68
4GvEc3ANtPPjt1ZJllr5Zl,Bazzi,0vEKC0xfGbwnrx1po4C38k,Caught In The Fire,64
7FNnA9vBm6EKceENgCGRMb,Anitta,0IeqXMhgnqmNN24HUPI8Xx,Menina má,0
5WUlDfRSoLAfcVSX1WnrxN,Sia,6EMsxZwsgTOLgWNdxtCIzQ,Thunderclouds,78
5BvJzeQpmsdsFp4HGUYUEx,Vampire Weekend,46VD9EYQ2lIZcJUTptvuNF,This Life,71
0cGUm45nv7Z6M6qdXYQGTX,Kehlani,4k6hX9RKD096K1NCjjJZLc,Footsteps (feat. Musiq Soulchild),71
5lwmRuXgjX8xIwlnauTZIP,Romeo Santos,3zVibdZHsVH05p5Crux6xX,La Demanda,68
7ciBW1p3KBsYIkFk4UmwS8,The Rudeboyz,6qP73DRFGojLuIk1siIhNE,Dile la Verdad,84
2auiVi8sUZo17dLy1HwrTU,Solange,6GCIYIWUBSLontW6divqsw,Stay Flo,73
3wyVrVrFCkukjdVIdirGVY,Lil Pump,0SfG57HqtBNqKN9O27fo1s,Racks on Racks,76
7CajNmpbOovFoOoasH2HaY,Calvin Harris,0kDIirlQCy6YnmsK5pZ6PZ,I'm Not Alone - CamelPhat Remix,70
6x2LnllRG5uGarZMsD4iO8,Thomas Rhett,76jICtPC51cXmetYVnOqHu,That Old Truck,70
1pPmIToKXyGdsCF6LmqLmI,Rich The Kid,2lAUMDyWq80slJVsrYyD7N,Woah (feat. Miguel & Ty Dolla $ign),71
1MXZ0hsGic96dWRDKwAwdr,Tyla Yaweh,18LhA0zBzAa2YnhcN3hWGa,High Right Now,72
1pPmIToKXyGdsCF6LmqLmI,Rich The Kid,6sZUGkgvbNfd4rabcQ8Tj7,For Keeps (feat. YoungBoy Never Broke Again),70
6cEuCEZu7PAE9ZSzLLc2oQ,R3HAB,7IMGshuSNOXHgmboboPpIH,BAD!,78
6nxWCVXbOlEVRexSbLsTer,Flume,3Y8JSCYjFznthCYb5HZ8lW,Friends,74
7z2avKuuiMAT4XZJFv8Rvh,Tom Walker,2n48BjaFSczfeIG3HaIaPv,Just You and I,83
6jGMq4yGs7aQzuGsMgVgZR,Lil Tjay,0MrLK6NEPoMbcb8R6q6itd,Leaked,70
2FXC3k01G6Gw61bmprjgqS,Hozier,5in02YJDTkdfKDQjfsvxYp,To Noise Making (Sing),69
41MozSoPIsD1dJM0CLPjZF,BLACKPINK,6Ks1e4WEUeOGgnTGZ4IMXo,Kick It,73
7d3WFRME3vBY2cgoP38RDo,Lil Skies,3XVT8VNy0vpvTbFPQaBSZN,Through The Motions,70
6DIS6PRrLS3wbnZsf7vYic,WALK THE MOON,6GqRl2u7LIW93T8Vi5LnXU,Timebomb,73
7kwCkEJ384PWm0UQW3hxjS,Yella Beezy,2biNa12dMbHJrHVFRt8JyO,Bacc At It Again,70
5lwmRuXgjX8xIwlnauTZIP,Romeo Santos,2kcc5humLS6PKOI9rwvXex,El Beso Que No Le Di,67
1RyvyyTE3xzB2ZywiAwp0i,Future,5YP6yKgGGsXKukqxXypVAf,F&N,70
5lwmRuXgjX8xIwlnauTZIP,Romeo Santos,0pB0CN0dxKKmZghn4gpLhj,Millonario,67
4tMm1dU6Gn04VAZ9ClHcIZ,Jacquees,0AtY4uFaYBIl6tAjONkk1Z,Your Peace (feat. Lil Baby),72
5lwmRuXgjX8xIwlnauTZIP,Romeo Santos,2zHgz7X52WqdckhjMJj6mt,ileso,66
17lzZA2AlOHwCwFALHttmp,2 Chainz,5KLZLlP1kWt3JReb53WeAj,Live And Learn (It Will),0
1pPmIToKXyGdsCF6LmqLmI,Rich The Kid,4jE6bNf4AOUs4mxPe3Ye5e,World Is Yours 2 - Intro,71
26T3LtbuGT1Fu9m0eRq5X3,Cage The Elephant,1moShKo1RrxZ8PCrhSIf8Q,Night Running,71
7d3WFRME3vBY2cgoP38RDo,Lil Skies,49ImM4CYsEL5KG1hzUaCzq,Mansion,70
3Fl1V19tmjt57oBdxXKAjJ,Blueface,7BCq3pUvTqJMvBzUmhcexK,Thotiana (REMIX feat. YG),70
3Isy6kedDrgPYoTS1dazA9,Sean Paul,3JjaofJ0lCeEsFSZqppzOp,Contra La Pared,83
2hlmm7s2ICUX0LVIhVFlZQ,Gunna,3OGGzDmPU14szwANX5tbbn,Out The Hood,70
3iri9nBFs9e4wN7PLIetAw,gnash,3Uu6pcfL9xsdfsKRx3DXRf,the broken hearts club,72
5lwmRuXgjX8xIwlnauTZIP,Romeo Santos,3cdTfwai1PtCGOd9DIBMNU,Amor Enterrado,66
3hyEbRtp617pNCuuQjyOmc,Lost Kings,5d1fRO6RYAtbPPgbpSHnlA,Anti-Everything,72
1i8SpTcr7yvPOmcqrbnVXY,Ozuna,4l0O19WwpjzbDGkdFtkQ6W,Vacia Sin Mi,80
1pPmIToKXyGdsCF6LmqLmI,Rich The Kid,2uev0LUP98t1npGu4GkaVT,4 Phones,71
3b8QkneNDz4JHKKKlLgYZg,Florida Georgia Line,0RO3tjH2cfyoGHLynijFcc,Women,70
2FXC3k01G6Gw61bmprjgqS,Hozier,4byXh93siQtzKLdjKuJaAF,No Plan,68
0cGUm45nv7Z6M6qdXYQGTX,Kehlani,1EGrDTfEuAiRzRdxlblpET,RPG (feat. 6lack),70
5lwmRuXgjX8xIwlnauTZIP,Romeo Santos,301E9bwin8Gh2PCp0doIDz,Me Quedo,66
2FXC3k01G6Gw61bmprjgqS,Hozier,083PU4XnYAOMAGVruma3vb,Shrike,68
2ZRQcIgzPCVaT9XKhXZIzh,Gryffin,4Gcv5SsxnQWpmOnUI19EJk,All You Need To Know (feat. Calle Lehmann),72
7jZMxhsB8djyIbYmoiJSTs,Kiana Ledé,4LfoYkTuIPgJ2RlNkN5P5C,EX - Remix,71
76M2Ekj8bG8W7X2nbx2CpF,NGHTMRE,4Joy4odtE1z0AX32uWoAQn,REDLIGHT,72
757aE44tKEUQEqRuT6GnEB,Roddy Ricch,1ogmtYEsS4ywfLIhMee5bu,How It Is (feat. The Plug),76
4xRYI6VqpkE3UwrDrAZL8L,Logic,4Hi4e6G8gvKgbYujB3J4yX,Pretty Young Girl,69
3hcs9uc56yIGFCSy9leWe7,Lil Durk,4WznHDEzfBcZOVFFNkDUBt,No Label,69
2xaAOVImG2O6lURwqperlD,Catfish and the Bottlemen,1Yi8XPnCPoimWwqxwm3uz9,Longshot,76
2hlmm7s2ICUX0LVIhVFlZQ,Gunna,0mOp9tWdCRHfYwwVaO8ezw,Derek Fisher (feat. Lil Baby),69
2cFrymmkijnjDg9SS92EPM,blackbear,0ssuQPQd6TnV6eytB9DSkv,HATE MY GUTS,71
4DdkRBBYG6Yk9Ka8tdJ9BW,Offset,4TzXqUIcdpAmre24puQ6Uu,Tats On My Face,71
1rSGNXhhYuWoq9BEz5DZGO,ARTY,1nufXiTCTTAeJfO9hLHvO8,Save Me Tonight,73
5CiGnKThu5ctn9pBxv7DGa,benny blanco,3eVuglKxN2sjoIGHAsFAge,I Found You / Nilda’s Story (with Calvin Harris & Miguel),74
5lwmRuXgjX8xIwlnauTZIP,Romeo Santos,6hwmqR7uQhytLnJzt1RVPF,Años Luz,65
4tMm1dU6Gn04VAZ9ClHcIZ,Jacquees,2m1JKNrEQA37VibuKSMJEH,You (Remix) feat. Blueface - Remix,71
4V8Sr092TqfHkfAA5fXXqG,Luis Fonsi,6habFhsOp2NvshLv26DqMb,Despacito,79
15UsOTVnJzReFVN1VCnxy4,XXXTENTACION,15Y949TGjUppdT78h0S49P,Gassed Up!,70
1cn7hpmFEpidzWJySGCTJF,John Gurney,0QFvybNsiwupz72jpQWxKn,That's How You Got It,68
5lwmRuXgjX8xIwlnauTZIP,Romeo Santos,6Y9P646HsmJtZEE2zmgHeF,Los Últimos,65
246dkjvS1zLTtiykXe5h60,Post Malone,0wt9RjddODlWDetpuaXfRK,"Sunflower (Remix) [with Swae Lee, Nicky Jam, and Prince Royce] - Remix",74
1cZQSpDsxgKIX2yW5OR9Ot,Lennon Stella,69oPVTn6mFjMoB3axEejog,BITCH (takes one to know one),73
0X2BH1fck6amBIoJhDVmmJ,Ellie Goulding,4zb3kFL9fXrrfTwIY4CcDy,Flux,77
5lwmRuXgjX8xIwlnauTZIP,Romeo Santos,4YyFPFJMrJcWdsdLPmgpiG,Intro,64
07YZf4WDAMNwqr4jfgOZ8y,Jason Derulo,05fVrhFBjfElZiDfHDRxhF,Let's Shut Up & Dance,73
7d3WFRME3vBY2cgoP38RDo,Lil Skies,2BTH9RKzclcO36gS09cLjy,No Rainy Days,69
1i8SpTcr7yvPOmcqrbnVXY,Ozuna,6sR4WtcYJOCXzDsDfY9PwV,Cama Vacia,79
4NZvixzsSefsNiIqXn0NDe,Maggie Rogers,4HfLQJtVT1KiX1eVedDyTm,Alaska,70
3ApUX1o6oSz321MMECyIYd,Quinn XCII,6SL7KzIA96f0HiKjuv7tED,U & Us,69
1GDbiv3spRmZ1XdM1jQbT7,Natti Natasha,1N3rf6ZFzb8NPYeLCmgzj7,Me Gusta,78
137W8MRPWKqSmrBGDBFSop,Wiz Khalifa,3k9vMJ09zyVP3N2pi8Yzj0,Alright (feat. Trippie Redd & Preme),70
60d24wfXkVzDSfLS6hyCjZ,Martin Garrix,18KjYhghq6K3ZmfcewWDp6,Mistaken (feat. Alex Aris),75
3wyVrVrFCkukjdVIdirGVY,Lil Pump,3j74Rz7pfvxd621GXbYMJY,Be Like Me (feat. Lil Wayne),66
2dIgFjalVxs4ThymZ67YCE,Stray Kids,4WuKHgxdCJsaOBIh7yndty,MIROH,77
3ZZzT0naD25RhY2uZvIKkJ,EVERGLOW,06Pvy98db25O7wlfFFFIRM,Bon Bon Chocolat,78
4xRYI6VqpkE3UwrDrAZL8L,Logic,3hhmDGfhXLkQnAlOBSte0w,Time Machine,69
7d3WFRME3vBY2cgoP38RDo,Lil Skies,0ZxY3V9miXeKIeKS3hgjCI,Highs and Lows,69
41MozSoPIsD1dJM0CLPjZF,BLACKPINK,7mW8ar9hy7GSeH4lohyOKs,Hope Not,71
1TtXnWcUs0FCkaZDPGYHdf,Darell,4pN7yDeBmmAud5lBtuCsVs,Caliente,81
2PSJ6YriU7JsFucxACpU7Y,CHUNG HA,0xq4ZTcmwBfkPGo4RRKmMe,Gotta Go,77
3TVXtAsR1Inumwj472S9r4,Drake,6NwhtCYkfwWlcR62Ac4E7y,Successful (feat. Trey Songz & Lil Wayne),70
7rkW85dBwwrJtlHRDkJDAC,NAV,0iVWDZhL04DiKgbI1mbC40,Taking Chances,69
4DdkRBBYG6Yk9Ka8tdJ9BW,Offset,57QievAWQ13DWl20Obiz8E,Father Of 4 (feat. Big Rube),71
2auiVi8sUZo17dLy1HwrTU,Solange,7yvdp8dqmxExSJwT2fn6Xq,Binz,70
2FXC3k01G6Gw61bmprjgqS,Hozier,69WkwzVjQS4Dc8QQtpz0qM,Nobody,67
1bqxdqvUtPWZri43cKHac8,MAX,2tOOcDDYkh0PSjr6GwPEAJ,Love Me Less (feat. Quinn XCII),69
4DdkRBBYG6Yk9Ka8tdJ9BW,Offset,71Hr2rAhEI92BSpFYbzNN7,Don't Lose Me,71
6i1GVNJCyyssRwXmnaeEFH,Syn Cole,7p4zGB2Xj1hs7eoJU79YrV,Getaway - VIP Mix,77
4r63FhuTkUYltbVAg5TQnk,DaBaby,6B4KWBeFdHrpVezjTqggWr,Taking It Out,67
6s22t5Y3prQHyaHWUN1R1C,AJR,4moraUoFjbuJdowf6TfggV,Dear Winter,63
1dID9zgn0OV0Y8ud7Mh2tS,Dustin Lynch,5OBtr92M0xsvOGqpnz3LzW,Ridin' Roads,68
2rhFzFmezpnW82MNqEKVry,Ski Mask The Slump God,1DyErR1XiKOI0K9VYHGekf,He Diddy!,69
7bmYpVgQub656uNTu6qGNQ,Hwa Sa,6qyz1KOlGJsKYJ4ZsRmRSD,TWIT,77
1JOdUvDAzNy3L37rZ4Nigr,pewdiepie,6WaogiItGdUTm490XN4QKJ,Congratulations,76
4xRYI6VqpkE3UwrDrAZL8L,Logic,0Sceq3bQBTB70SJwAZm9Nu,I'm Probably Gonna Rock Your World,68
3EXdLajEO02ziZ90P90bSW,Lil Xan,0yb28j15yuI99JlYQbSpo2,Watch Me Fall,71
1KCSPY1glIKqW2TotWuXOR,P!nk,0EQsVfMcAZTTSr4cB6pCP2,Raise Your Glass,0
4DdkRBBYG6Yk9Ka8tdJ9BW,Offset,7vkL4wrBEmzr1wsiWRd1zO,Made Men,70
7rOlQwf8OuFLFQp4aydjBt,Paloma Mami,7o0oY5wRcoV7oPuDhD2J1z,Fingías,84
2AfmfGFbe0A0WsTYm0SDTx,(G)I-DLE,0q6boCcLaWYPIy2vOsksFg,Senorita,78
2auiVi8sUZo17dLy1HwrTU,Solange,0deHsjyrgcKGMZzIuvawq3,Dreams,70
1INuLZXjjVbcJRyWvD1iSq,Jack & Jack,2JRLoT6z48Pfihyj1s1u77,Day Dreaming,72
3jOstUTkEu2JkjvRdBA5Gu,Weezer,3ZPKocroJIcnHGcnJVlLKD,Africa,69
7CajNmpbOovFoOoasH2HaY,Calvin Harris,5v98VA4TXznJNrw0XRphIb,I'm Not Alone - 2019 Edit,59
4Uc8Dsxct0oMqx0P6i60ea,Conan Gray,54GASuUdLbhhdyECNUp3Pb,The King,70
6AgTAQt8XS6jRWi4sX7w49,Polo G,7AXoX6HdYwf52e8i8XffOI,Battle Cry,68
7rkW85dBwwrJtlHRDkJDAC,NAV,0iIUmsrVL2sgGnX33oDsC7,To My Grave,69
4ZgQDCtRqZlhLswVS6MHN4,grandson,1JG8pJ7G8qJiy98DzCBL2E,Apologize,71
1pPmIToKXyGdsCF6LmqLmI,Rich The Kid,0L1Wwj6636oMkD6BkDq3JK,Rockets (feat. Takeoff & Lil Pump),70
5gCRApTajqwbnHHPbr2Fpi,Juicy J,2BaykZ7vUYBDqseFexHhtQ,Let Me See (feat. Kevin Gates & Lil Skies),69
6TXM1kV4L8DsDAkAfbOPYk,Ally Brooke,7xhvCzIguRfyfQyGrnWuVn,Low Key (feat. Tyga),72
41MozSoPIsD1dJM0CLPjZF,BLACKPINK,4HGLNErVXyaDEjHvk3cL5B,DDU-DU DDU-DU - Remix,70
3jK9MiCrA42lLAdMGUZpwa,Anderson .Paak,0TtSoFrbLGjmpIgY4KgBeq,King James,72
2kCcBybjl3SAtIcwdWpUe3,Lil Peep,08AJ0xQv5LRZsvXf1Jkr2y,Gym Class,45
4xRYI6VqpkE3UwrDrAZL8L,Logic,5cJBMRBaLTxrT02SSaoPJO,Supermarket,68
2hlmm7s2ICUX0LVIhVFlZQ,Gunna,3QLvGx3PNgsyIjJOyIcuGh,Big Shot,69
4xRYI6VqpkE3UwrDrAZL8L,Logic,4NQNuItFMPClEJNCceGdF3,Baby,68
45eNHdiiabvmbp4erw26rg,ILLENIUM,7egj375ez0KtF3bYCfAHdZ,Crashing (feat. Bahari),70
26T4yOaOoFJvUvxR87Y9HO,Bethel Music,0YxrPdW9NpNFtqh7Fw0rva,Raise a Hallelujah (Live),70
24CgJHK6T7C5OmUbiLLMjJ,Luh Kel,3EludUFeAoJAwSixWGG5Wg,Wrong,70
0XATRDCYuuGhk0oE7C0o5G,Mamamoo,6E7jAJN2e3znSHyPCdQqx8,gogobebe,77
4DdkRBBYG6Yk9Ka8tdJ9BW,Offset,1X5F8qFnvUe4sYmIqowEkB,Came A Long Way,70
0ErzCpIMyLcjPiwT4elrtZ,NLE Choppa,63wj9nAxfTgNSOh4szh24w,I Don't Need No Help,67
17lzZA2AlOHwCwFALHttmp,2 Chainz,5TTLIG6IKMMcLR3iLYHHYb,"2 Dollar Bill (feat. Lil Wayne, E-40)",68
2FXC3k01G6Gw61bmprjgqS,Hozier,37zuIvk4KBkAxxLJsxJaHq,Would That I,67
5LHRHt1k9lMyONurDHEdrp,Tyga,1dYovbTTxX5lGJVEdEStm3,Floss In The Bank,73
66CXWjxzNUsdJxJ2JdwvnR,Ariana Grande,6AyI8UGx8Y4peb7pLOy2pf,7 rings (feat. 2 Chainz) - Remix,72
7rkW85dBwwrJtlHRDkJDAC,NAV,4xyhmhurbsNC0cYaAgAxt1,Amazing (feat. Future),69
1pPmIToKXyGdsCF6LmqLmI,Rich The Kid,2Fr62Hoy2F3A0OfMPa7gxK,Wrong Thing (feat. NAV),69
2FXC3k01G6Gw61bmprjgqS,Hozier,5tCtCqWcXBf7eoIunSxlO8,Dinner & Diatribes,67
4DdkRBBYG6Yk9Ka8tdJ9BW,Offset,2NlsAcYlLgkDhnhA9Sx6HA,On Fleek (feat. Quavo),70
2FXC3k01G6Gw61bmprjgqS,Hozier,1HYnjKqSSHh1tdl2Hi57zH,"Wasteland, Baby!",67
2hlmm7s2ICUX0LVIhVFlZQ,Gunna,06S7iIXT8ZVAcVK6l1iXvx,Idk Why,68
17lzZA2AlOHwCwFALHttmp,2 Chainz,6f6xUMBUrXYK3JrlXXCm3R,Forgiven (feat. Marsha Ambrosius),68
2cFrymmkijnjDg9SS92EPM,blackbear,3osDWQ4vLUMx55LdRhBoH7,SWEAR TO GOD,71
0HcyeAioEKhfwVcJAoyN36,Knowmadic,5n16dEoZ1OwdpqOIK13m1X,Faces,71
7CajNmpbOovFoOoasH2HaY,Calvin Harris,1ndptsbP6s7WV3fTnp1j74,I'm Not Alone - 2009 Remaster,51
77AiFEVeAVj2ORpC85QVJs,Steve Aoki,1qlCjzyib3wt99XKcTeQkF,Play It Cool,75
1pPmIToKXyGdsCF6LmqLmI,Rich The Kid,1VxXvgu6BhUg3PdTOoTTvv,Racks Today,69
2hlmm7s2ICUX0LVIhVFlZQ,Gunna,79Dpa6xXRNsXzMueN8BvAg,On A Mountain,68
5cj0lLjcoR7YOSnhnX0Po5,Doja Cat,4cTm3Ev9bUvy4ChJjB1nhl,Juicy,70
4NZvixzsSefsNiIqXn0NDe,Maggie Rogers,3D4uUFRoYDFHbkQlTKL2Om,Give A Little,69
7CajNmpbOovFoOoasH2HaY,Calvin Harris,3g9GwkLllMKebpLsFC6g6a,I'm Not Alone - Thomas Schumacher Remix,47
0cGUm45nv7Z6M6qdXYQGTX,Kehlani,0aSW5EMeNnQSMJQ8QN3zIW,Too Deep,69
0ZED1XzwlLHW4ZaG4lOT6m,Julia Michaels,1wkHhcUnVOMhLtA79dQaQx,Into You,72
4IWBUUAFIplrNtaOHcJPRM,James Arthur,1y4gHzyLRKfDkXaiSAmaXL,Impossible,1
4r63FhuTkUYltbVAg5TQnk,DaBaby,0SsTkfOhM7e87trwjEqBQN,Pony,66
64KEffDW9EtZ1y2vBYgq8T,Marshmello,0e9yz3Fz7Nn6I5E4XBP8no,Sell Out,72
1Nd1g8fezKoJ6DGauWbZIm,Beast Coast,4gLMgxa0xd3jPT64lcmpPR,"Left Hand (feat. Joey Bada$$, Flatbush Zombies, The Underachievers, Kirk Knight, Nyck Caution, CJ Fly)",70
00FQb4jTyendYWaN8pK0wa,Lana Del Rey,1PfUKiMDKIlPEF9FfdJawc,hope is a dangerous thing for a woman like me to have - but I have it,76
7DuTB6wdzqFJGFLSH17k8e,Bhad Bhabie,2xB64x7pRS8Qa9uuZktOnA,Babyface Savage (feat. Tory Lanez),71
3Isy6kedDrgPYoTS1dazA9,Sean Paul,4mwt2RPKqghlMnUmebcOxc,Kramp Up,0
56x8mYvS3cyDGAi8N2FxbB,Randy Houser,5whINh6eBXl8JgI9Cv4KPK,Our Hearts (feat. Lucie Silvas),67
17lzZA2AlOHwCwFALHttmp,2 Chainz,7xyiNzgTaaohnXHjKO4TXp,Statute Of Limitations,67
4iMO20EPodreIaEl8qW66y,Still Woozy,5BoDFGTXZ8j5muc6Sb2jMz,Lava,68
3WIjOR36QpKStT6hfxguh5,Rannar Sillard,5H14dJbhKeaU1ffTMmIGJi,Observations From A Faraway Place,70
7rkW85dBwwrJtlHRDkJDAC,NAV,19CWeHbg3Z9XJH4Uzdk6tf,Vicodin,68
3dwkO7z23scCJppeqHGTy3,Steven Goldmund,21Td7lpeuMOx1UNhUBySOc,Drifting into Sleep,70
3Fdm9TFJQCLmC3AWMuGExi,Ugly God,7HNhyjMiTMDDDJixTS0yn0,Hello (feat. Lil Pump),68
1RyvyyTE3xzB2ZywiAwp0i,Future,5R2pz8i4k4bvRAqiIFXzKz,Faceshot,68
7hJcb9fa4alzcOq3EaNPoG,Snoop Dogg,6an7fUdINSWD4xYfARChay,Candy (Drippin' Like Water) - Final Album Version (Explicit),0
4Q6nIcaBED8qUel8bBx6Cr,Jax Jones,33CfD8UkDEcSdAP9j4QpUY,All Day And Night - Jax Jones & Martin Solveig Present Europa,77
360IAlyVv4PCEVjgyMZrxK,Miguel,02MQQqrcVAiWJlb1JYvxnL,Caramelo Duro (Spanish Version) (feat. Kali Uchis),54
6WY7D3jk8zTrHtmkqqo5GI,Maren Morris,74mGikI3P484sQAFSnjNuV,The Feels,66
0cGUm45nv7Z6M6qdXYQGTX,Kehlani,4jM3c9KLTO9iZPm9A7neiL,Love Language,69
6sFIWsNpZYqfjUpaCgueju,Carly Rae Jepsen,4DM3zxFlei14ZOyKFtEx5p,Party For One,71
7rkW85dBwwrJtlHRDkJDAC,NAV,7l6LAnuiX2o48fwUQIhDNv,Tension,68
25G0894RyKrGyKDqdG1pGu,Alex Couture,4KPRqt53xnT2Hs2rDGKiRu,Dreaming Deeper,70
1GAymyGBvB4gQy5Z5LZ1Wj,Lalo Ebratt,3mN2DtljBhnrIpc3Nu2pJ8,Déjate Querer,83
3iri9nBFs9e4wN7PLIetAw,gnash,7nDdxPUC5LbxmspeqkOzt8,imagine if,71
2cFrymmkijnjDg9SS92EPM,blackbear,75e5IAhy49eoYHncQNVsh8,DEAD TO ME,30
3TVXtAsR1Inumwj472S9r4,Drake,0JaVdpmiex2EP7bBzyKVTa,November 18th,69
2FXC3k01G6Gw61bmprjgqS,Hozier,4rcSvYi807urIIqfeX3tBo,Nina Cried Power (feat. Mavis Staples),66
0XKOBt59crntr7HQXXO8Yz,Brooks & Dunn,001UkMQHw4zXfFNdKpwXAF,Brand New Man - with Luke Combs,64
7rkW85dBwwrJtlHRDkJDAC,NAV,5PFfxZ9WezcE8JiUWLsyus,Hold Your Breath (feat. Gunna),68
17lzZA2AlOHwCwFALHttmp,2 Chainz,2jXpiTuwwWbCSvpkKwCfwc,NCAA,67
360IAlyVv4PCEVjgyMZrxK,Miguel,4ryRq8ZoagaybmN8jUJzbq,Te Lo Dije (Spanish Version) (feat. Flor de Toloache),54
4oUHIQIBe0LHzYfvXNW4QM,Morgan Wallen,47yypFbq6fu3yUvFoaf2UN,Cover Me Up,64
7rkW85dBwwrJtlHRDkJDAC,NAV,6oHalJC4hM1cS4tt6fhzLH,Go To Hell,68
2zmrsXMHxagFz6vI2cD7r6,Ella Vos,52AtuDhDYHavraoyirpylv,Temporary,70
6WY7D3jk8zTrHtmkqqo5GI,Maren Morris,5hDog09WKBa9TTFCcJgA7u,Kingdom of One - from For The Throne (Music Inspired by the HBO Series Game of Thrones),26
5gtNVNylJUg6NfvM0LjLtr,Intentional Vibes,5eKWFYDP72IqdzmZLyu4d4,Intention,70
3ApUX1o6oSz321MMECyIYd,Quinn XCII,3vmsnZF4KPLjbDgZEqwTdL,Life Must Go On,66
2iojnBLj0qIMiKPvVhLnsH,Trey Songz,6hR9oWhCZcH5Pgp8hwOjsT,Jill (Sumn Real),69
1cNDP5yjU5vjeR8qMf4grg,YNW Melly,1wX1DO1MBKec6DeWpTe6fM,Rolling Loud,67
5vngPClqofybhPERIqQMYd,George Strait,1OfEfwXp9IKC5qRTtiGUWg,Every Little Honky Tonk Bar,66
5YGY8feqx7naU7z4HrwZM6,Miley Cyrus,22PKMK3HIsqUughfNPV8Kr,We Can't Stop,1
2FXC3k01G6Gw61bmprjgqS,Hozier,6ctlpLPyLH3R1V16fxoOWE,Talk,66
0eecdvMrqBftK0M1VKhaF4,CNCO,78Nyf6RlqBANlMhSnKyClT,Pretend,76
4NZvixzsSefsNiIqXn0NDe,Maggie Rogers,4L9l5x0WuzNtyEBeqzvgPE,Overnight,67
2FXC3k01G6Gw61bmprjgqS,Hozier,4xEHlCgoKd4RdrS79OPn9y,As It Was,66
6WY7D3jk8zTrHtmkqqo5GI,Maren Morris,5eWxOg6tDkf5tJagNuVSbo,All My Favorite People (feat. Brothers Osborne),66
4nvRxWe5SwOuTDQZ500nzo,Voyager,09g7JMQLhGPspMm1hfeqCc,First Bridge,70
6sFIWsNpZYqfjUpaCgueju,Carly Rae Jepsen,5cE201rNvIkryS8N1dJ5nR,Now That I Found You,71
3oSJ7TBVCWMDMiYjXNiCKE,Kane Brown,6pNeLrBdPEkUG3f1jbrMG9,Lost in the Middle of Nowhere (feat. Becky G) (Spanish Remix),70
1pPmIToKXyGdsCF6LmqLmI,Rich The Kid,4m2n0xzP9VnaQnhim9aYCD,Slide,68
3WIjOR36QpKStT6hfxguh5,Rannar Sillard,2T6wyxLBkQ4Y2ZjTbpuYfr,Dream Voucher,70
7rkW85dBwwrJtlHRDkJDAC,NAV,1KAObz8ZfyuMj4YTxHIrfA,Tussin (feat. Young Thug),68
41X1TR6hrK8Q2ZCpp2EqCz,bbno$,2napy7uG4RI74SoyKJVGl5,nursery,70
5IH6FPUwQTxPSXurCrcIov,Alec Benjamin,1roCmBlcpV7LzsmB7pmCyt,Let Me Down Slowly (feat. Alessia Cara),76
4NZvixzsSefsNiIqXn0NDe,Maggie Rogers,6PyZGb1rB7oLKCICWTmGYa,Say It,67
6eGKvCZdc06HkiwZKFlcBY,Tejal Yann,55EbjQa4Th0gmzKQdSnMrw,Atmosphere,70
2jnIB6XdLvnJUeNTy5A0J2,Why Don't We,2soCr3tI1sJ6lFrxBPQVzQ,Cold In LA,73
3ApUX1o6oSz321MMECyIYd,Quinn XCII,5lEBksW3vntnNLDr2f5QUv,Holding Hands (feat. Elohim),66
2FwJwEswyIUAljqgjNSHgP,Snakehips,2VBYFWgwIlJjyzidPTHQqp,Gucci Rock N Rolla (feat. Rivers Cuomo & KYLE),72
3b8QkneNDz4JHKKKlLgYZg,Florida Georgia Line,1CUO78HbhOdBUdhoCo7zO5,Tip It Back,0
3b8QkneNDz4JHKKKlLgYZg,Florida Georgia Line,2pZ8egejfQJ90HekAPX6r0,Life Is A Honeymoon,0
0n94vC3S9c3mb2HyNAOcjg,The Head and the Heart,6cG99KcHVOlmQOiYcu6cjb,Missed Connection,68
3Sz7ZnJQBIHsXLUSo0OQtM,Mac DeMarco,46SWSNRB3oAAOu21Apj22z,Nobody,69
0X2BH1fck6amBIoJhDVmmJ,Ellie Goulding,696Y3Jx3k4Rjsw8gm2q4l4,Close To Me - Red Velvet Remix,68
540vIaP2JwjQb9dm3aArA4,DJ Snake,60AUuYrFbCBnPvDfofMfVF,SouthSide,71
7rkW85dBwwrJtlHRDkJDAC,NAV,4m21W5fWeVx63he1dNgGlM,Ralo,68
6WY7D3jk8zTrHtmkqqo5GI,Maren Morris,0Xen6Y4p2soxvsUTlF0IUn,Common (feat. Brandi Carlile),67
5WUlDfRSoLAfcVSX1WnrxN,Sia,4CX70Nt2kRmhs77NqBMyCu,Genius,74
2DlGxzQSjYe5N6G9nkYghR,Jennifer Lopez,3deRMhnycNFbCZHCCld9oy,Medicine,72
0cGUm45nv7Z6M6qdXYQGTX,Kehlani,0kas95RruYRVqrOb07rgkh,Morning Glory,68
1RyvyyTE3xzB2ZywiAwp0i,Future,4HfaOznGhHYWqPtpLYz2PB,Rocket Ship,67
790FomKkXshlbRYZFtlgla,Karol G,5Lb1pjnll07UQKxNpnnGBy,Punto G,71
360IAlyVv4PCEVjgyMZrxK,Miguel,6S4sp19reiIXCK96C4BoDW,Criminal (Spanish Version) (feat. C. Tangana),50
6VOBt4TWKchK9yAYqEwEqG,Empty Space,3CPP2MBrbPXH9FOaSTTyuO,Paranormal,69
2UZMlIwnkgAEDBsw1Rejkn,Tom Petty,6mNqjI8t57Iwaz21IS7cl0,Runnin' Down A Dream,66
6Iz3eq2aQGFf7TbGT2iahL,Gabby Barrett,2jKIBHSsUaF3cPCcGbR56U,I Hope,66
75dQReiBOHN37fQgWQrIAJ,Local Natives,7ze7X8r4fopBs9ZRtwYFOX,When Am I Gonna Lose You,67
2FXC3k01G6Gw61bmprjgqS,Hozier,4zvvvHm0b5CBl37tocxm7n,Sunlight,66
7rkW85dBwwrJtlHRDkJDAC,NAV,0BDDB65zAWJ1nQYyIgnZcj,Snap,68
7gP3bB2nilZXLfPHJhMdvc,Foster The People,7akT9byQsktEwWGHyLeSPs,Style,70
6MoXcK2GyGg7FIyxPU5yW6,SUNMI,4yJ6CHGtEjUnMsZ4IMqReH,Noir 누아르,75
3e7awlrlDSwF3iM0WBjGMp,Little Mix,7warMBEdiWO6oYru0gAcJC,Black Magic,0
3Uobr6LgQpBbk6k4QGAb3V,I Prevail,2GFwwTIVLjnOrtP7m9luHC,Hurricane,69
1iJdyDcY98X3GMnUesl7tf,Comethazine,43eGOMROgyl9EhKHBMgtim,HIPPOPOTAMUS,67
2Tglaf8nvDzwSQnpSrjLHP,Cuco,4XzCEurXfdtL3mj4dU6le0,Hydrocodone,65
3Uobr6LgQpBbk6k4QGAb3V,I Prevail,4bE3cBcwAe7T5SklvbkiYZ,Breaking Down,68
3TVXtAsR1Inumwj472S9r4,Drake,0q7LGcVSpsIoSbjChtZ8lI,Uptown (feat. Bun B & Lil Wayne),68
2YOYua8FpudSEiB9s88IgQ,Yung Gravy,6Kx5zccLx3zj4R49HTvcjB,Magic,63
53XhwfbYqKCa1cC15pYq2q,Imagine Dragons,2sU9EjevkrU9OkPZudvFNN,Believer (feat. Lil Wayne),74
17lzZA2AlOHwCwFALHttmp,2 Chainz,00BNT97AtJ5aB8SSsE5xGH,Threat 2 Society,67
0ys2OFYzWYB5hRDLCsBqxt,Fuerza Regida,4kgZoTVXtWLcDgs0M5Coiz,El Dinero Los Cambio,68
4TCXgdDPm10ensLNCVnIYa,Joy Williams,0XIUYBQlVNG1c5vjSQKCYU,Front Porch,70
0ZxZlO7oWCSYMXhehpyMvE,COIN,7cSJqE5ZUqtqy7is4A3qLn,I Want It All,69
7FNnA9vBm6EKceENgCGRMb,Anitta,3ZjmloY4fJkfs9qYH82Oau,Poquito,63
2iojnBLj0qIMiKPvVhLnsH,Trey Songz,3faZ2pjQRByXR9UWWPV9vr,Chi Chi (feat. Chris Brown) - Croatia Squad Remix,58
360IAlyVv4PCEVjgyMZrxK,Miguel,1feq11zHN3P3mmoUZzsKaB,Banana Clip - Spanish Version,42
1MIVXf74SZHmTIp4V4paH4,Mabel,4QjVfuu7om31HBan0jlX4p,Don't Call Me Up,77
360IAlyVv4PCEVjgyMZrxK,Miguel,46lg3BbcutEvBWXmC8BeTm,Sky Walker - Spanish Version,41
0ghlgldX5Dd6720Q3qFyQB,TOMORROW X TOGETHER,7C31PdvTuSvEFqn2sKISsX,Blue Orangeade,72
4lPl9gqgox3JDiaJ1yklKh,Tierra Whack,4zMmqb0pYwX6b0qc0slCoT,Only Child,67
6eGKvCZdc06HkiwZKFlcBY,Tejal Yann,61I4iLWIWmmx7knqM6f5HL,Newborn Soul,69
5vCyUIqN5rujUkzGq5iJq2,Gus Cleese,3ihG28Sd7TNFsUQ7pu7f7P,Spaces,70
2cFrymmkijnjDg9SS92EPM,blackbear,5ThoPhPJPn36Wiap2LHon5,HIGH1X,69
4BYxqVkZyFjtik7crYLg5Q,Chris Young,6voi5xnLs9JKmWG2oLmgDU,Raised on Country,66
3M1quhETLChtt9NHKVaajX,Quin Nfn,1H4pOx4uI7BdxM2RL3D99f,Talkin' My Shit,66
3TVXtAsR1Inumwj472S9r4,Drake,3QLjDkgLh9AOEHlhQtDuhs,Best I Ever Had,69
1MXZ0hsGic96dWRDKwAwdr,Tyla Yaweh,4JIPyaaceaEZtOJAWmzBzF,Salute (feat. French Montana),68
4UXqAaa6dQYAk18Lv7PEgX,Fall Out Boy,7pj2C5YizoKX6B10aeCl3T,"Sugar, We're Goin Down",0
5BvJzeQpmsdsFp4HGUYUEx,Vampire Weekend,158ryJ8xp3ixTm3rJc1mhv,Unbearably White,65
3Uobr6LgQpBbk6k4QGAb3V,I Prevail,5qD3Qv8Wu3r5uRD0DahcZy,Bow Down,69
5MbNzCW3qokGyoo9giHA3V,EARTHGANG,6SIR9Zx1I9VaFDPj99z9JW,Proud Of U (feat. Young Thug),67
3b8QkneNDz4JHKKKlLgYZg,Florida Georgia Line,2h8szyWmfavIbiWm0KWpB0,Can’t Hide Red,67
4r63FhuTkUYltbVAg5TQnk,DaBaby,7uxbabRF4omY1MhmIgaZ6Y,Celebrate (feat. Rich Homie Quan),65
1W7FNibLa0O0b572tB2w7t,Pink Sweat$,6NmBxhsmVjv0PMgh8aJhuw,Coke & Henny Pt. 2,68
2FXC3k01G6Gw61bmprjgqS,Hozier,7hfi4ZTfV7akmGINh6qYCF,Be,65
7z5WFjZAIYejWy0NI5lv4T,Dan + Shay,5UPB14jxrMJQCNBPUJuJFE,Keeping Score - Acoustic,38
6wWVKhxIU2cEi0K81v7HvP,Rammstein,1T8IRUJBga0JXioJZvxjBR,DEUTSCHLAND,83
17lzZA2AlOHwCwFALHttmp,2 Chainz,0Ek0FqiDPgg1kZlF3lwlEA,I Said Me,66
0UWZUmn7sybxMCqrw9tGa7,Juanes,7Eso5mURNFprb5PmhOXDlf,La Plata (feat. Lalo Ebratt),80
0GG2cWaonE4JPrjcCCQ1EG,SG Lewis,3TTWpDAiJfyoJDd5v2F8C3,Throwaway (with Clairo),72
7z5WFjZAIYejWy0NI5lv4T,Dan + Shay,3Rwr1UNSYiQRy8PdPZOAzx,Speechless - Acoustic,32
7z5WFjZAIYejWy0NI5lv4T,Dan + Shay,5G0ODnPPuMuFOn5d1lUoAx,Tequila - Acoustic,31
3pSfwb3p6BVPTYDkNdgxS2,Arbour,7BEA0aIXF1nTvOK9zVcVkm,Interstellar,70
5WUlDfRSoLAfcVSX1WnrxN,Sia,2Zr4bgARgvIaayZf443t7B,Genius - Lil Wayne Remix,70
5H1nN1SzW0qNeUEZvuXjAj,Danny Ocean,4DbhxwlkhTbCTqlZptxmI6,Swing,81
5WUlDfRSoLAfcVSX1WnrxN,Sia,0HCDvbGNsigLpkzCDwpKVr,"Mountains (feat. Sia, Diplo, and Labrinth)",30
5WUlDfRSoLAfcVSX1WnrxN,Sia,100eDEmpWV5YGVCqHI0leU,"Audio (feat. Sia, Diplo, and Labrinth)",31
5WUlDfRSoLAfcVSX1WnrxN,Sia,2VDTgXwf3F6kcpX4HI0BKy,"Heaven Can Wait (feat. Sia, Diplo, and Labrinth)",40
5WUlDfRSoLAfcVSX1WnrxN,Sia,2mMQFumTaHcwMZsiNE57Um,"Welcome to the Wonderful World of (feat. Sia, Diplo, and Labrinth)",36
5WUlDfRSoLAfcVSX1WnrxN,Sia,3j4lctlzJqDLNZjTLmc9CV,"It's Time (feat. Sia, Diplo, and Labrinth)",33
5WUlDfRSoLAfcVSX1WnrxN,Sia,4TlbZgqxhJ6uN3tpVyjw90,"Genius (feat. Sia, Diplo, and Labrinth) - Lil Wayne Remix",28
5WUlDfRSoLAfcVSX1WnrxN,Sia,4lJNen4SMTIJMahALc3DcB,"Thunderclouds (feat. Sia, Diplo, and Labrinth)",31
5WUlDfRSoLAfcVSX1WnrxN,Sia,4xigPf2sigSPmuFH3qCelB,"Genius (feat. Sia, Diplo, and Labrinth)",32
5WUlDfRSoLAfcVSX1WnrxN,Sia,6Dma0t0hOe6Bd6u5YRKF3n,"No New Friends (feat. Sia, Diplo, and Labrinth)",31
5WUlDfRSoLAfcVSX1WnrxN,Sia,6k71NlTnn41Vk7RJX7CSbY,"Angel in Your Eyes (feat. Sia, Diplo, and Labrinth)",34
7AzjETXRUKNRSJHMW9GIqd,Nina Nesbitt,2lgyZWQSJWmswrLJyM27kB,Is It Really Me You're Missing,73
4DdkRBBYG6Yk9Ka8tdJ9BW,Offset,1taKClbaJhl9FXdtM4hNBe,After Dark,68
2HD6u9F4pocPtFgmev72AK,Momento,6e6xf3BuRf9o7pz1koO4ku,In Her Temple,68
6jGMq4yGs7aQzuGsMgVgZR,Lil Tjay,3U3gHqRwjam6CxwW68m30z,Resume,66
4xRYI6VqpkE3UwrDrAZL8L,Logic,2BxpnZOmEu9RQsAlJtt0pb,DeLorean,66
3J0BpFVUc9LeOIVeN5uNhU,Lauren Jauregui,180WImKPbvdUrboKUov5f4,More Than That,71
4xRYI6VqpkE3UwrDrAZL8L,Logic,7CmU7JYRrW3AVko82AnZgo,Lemon Drop,67
5bWUlnPx9OYKsLiUJrhCA1,Jon Z,5gsW8TMmNVnevjq13h0Nlp,DESPUES QUE TE PERDI,76
4xRYI6VqpkE3UwrDrAZL8L,Logic,5vSH6QgQ4WYVf99LASBSXi,By The Bridge,67
7rkW85dBwwrJtlHRDkJDAC,NAV,0zVDNjVPGARqeYN7tOHd9C,I'm Ready,67
1RyvyyTE3xzB2ZywiAwp0i,Future,1AGPmw3QJBNfOK6XioDhZp,Never Stop,67
6guC9FqvlVboSKTI77NG2k,Dance Gavin Dance,5HllOy0J5LuH96EzMLGCPe,Head Hunter,66
4AVFqumd2ogHFlRbKIjp1t,Alesso,108r6pnZHStBIktpyyps9w,TIME,73
7DMveApC7UnC2NPfPvlHSU,Cheat Codes,5xGOQeQYQPxks7UzTgGywK,Be The One (with Kaskade),66
3TVXtAsR1Inumwj472S9r4,Drake,3XLSlQLJf3Ut0zvMUxnF1h,Houstatlantavegas,68
7hJcb9fa4alzcOq3EaNPoG,Snoop Dogg,36tWMPSkNzD5XKbkGEZha1,Heavy Hittas - Remix,34
3wyVrVrFCkukjdVIdirGVY,Lil Pump,1O01cSag3DaCGneWQgPBL4,Drop Out,70
0ghlgldX5Dd6720Q3qFyQB,TOMORROW X TOGETHER,5cadLqAgl7Y9zX3lRWdsPK,Cat & Dog,72
6nxWCVXbOlEVRexSbLsTer,Flume,5JivFvyCCaznVexlRLpZqK,High Beams,70
2I9SLklAOG0vdMiUUMNxRl,88GLAM,0QorFiIXq63UHjwub6K8uF,Lil Boat (feat. Lil Yachty) - Remix,67
6WY7D3jk8zTrHtmkqqo5GI,Maren Morris,0lTn7yYpzftkx4UzNNwVby,Make Out With Me,65
7EWU4FhUJM1sZQgQKdENeT,Hopsin,6FV7RivrHzOwu6SkLRRYmY,You Should've Known,69
3Gm5F95VdRxW3mqCn8RPBJ,Aminé,59VNspSnCfoeGyNTGcSgsh,BLACKJACK (feat. YBN Cordae) - Remix,67
6VOBt4TWKchK9yAYqEwEqG,Empty Space,07dIxNWwFGWwPrYuMypE2z,Whisperer,68
3L8FZaw2Rg1oUw3vB4gUME,Bazanji,3VRxFM7wiJYKNHvouPZhaH,2019,69
2iZyGXzGD6s9U9QkirdcbF,Naturally Recurring,6KhZZFUgJZhDLjom4kkHwF,Stage One,68
2HD6u9F4pocPtFgmev72AK,Momento,3TT0S61x8x2IFUn8lnqjq9,Visions of Sleep and Beyond,68
3TVXtAsR1Inumwj472S9r4,Drake,1v24T2ug4TlssYZvI3aL4O,Lust For Life,69
7rkW85dBwwrJtlHRDkJDAC,NAV,4Mh7CPtUTbF72KSFxlUn13,Rack In My Sleep (feat. 88GLAM),67
5KNNVgR6LBIABRIomyCwKJ,Dermot Kennedy,57MUBmB0IhftnHLtlQK9JP,Lost,73
7rkW85dBwwrJtlHRDkJDAC,NAV,03Q1Tz2OxlA3sRrbXxmG3V,Why You Crying Mama,67
6cK3NBO6uP7hh0oyuVELFl,Saweetie,6001xXfECxjyKrrbbRF0Vl,Tip Toes (feat. Quavo),66
2auiVi8sUZo17dLy1HwrTU,Solange,2jVLwzrzKVhcI8UmVonVas,Way to the Show,67
4uyIwcaJgV9ShErevnVlNp,10k.Caash,4B0r8wQP0qfyDFaPs4Rjnz,Aloha (feat. G.U.N.),65
4r63FhuTkUYltbVAg5TQnk,DaBaby,6aYi4lYcAohNhlNWsbWfy0,Walker Texas Ranger,64
5IcR3N7QB1j6KBL8eImZ8m,ScHoolboy Q,5YpC7YwKRxoVDxWbaP4AT6,CHopstix (with Travis Scott),37
540HJhSFm9vELfBbvxRAEJ,JTres,0uY8iUh4kIITAKwz3zCEWI,El 7 De Fontana,67
1n2pb9Tsfe4SwAjmUac6YT,Jake Owen,3dlCF1mzW1UKMOb4b1XN17,I Was Jack (You Were Diane),65
1lVDBUHFHFGNogAAqnmYDN,SomeThingElseyt,3zRgdfwiFzHeDq4VYOpYpk,I'm Something Else,68
0TnOYISbd1XYRBk9myaseg,Pitbull,34b2uHCUPKhK5RPftDQ0lN,Timber (feat. Ke$ha),1
0TnOYISbd1XYRBk9myaseg,Pitbull,3qibtL6gzRjQ7pPnsZ9V1P,"Give Me Everything (feat. Ne-Yo, Afrojack & Nayer)",1
78YqeIji3mgAS2K1Maca6x,Dylan Scott,2SHbF9xWleu30pAHfOZaEn,Nobody,65
3TVXtAsR1Inumwj472S9r4,Drake,2hcohLIysMxofYziluXCoX,Ignant Shit (feat. Lil Wayne),69
7hOGhpa8RMSuDOWntGIAJt,A R I Z O N A,654BH5npNnfbFZyHD4c2RC,Find Someone,68
4DdkRBBYG6Yk9Ka8tdJ9BW,Offset,1vf9F2n3KbuMQrTq36QLJH,Underrated,67
7ibAWtDtmEfaVhc1FJ3Vl9,Eric Bellinger,6P6dKUam0DXUnhx4EUGciZ,Type a Way (feat. Chris Brown & OG Parker),69
57LYzLEk2LcFghVwuWbcuS,Summer Walker,6cZ7aS2UC3hfUyqJhwHb4G,Grave,67
5YHM0i7v5TqqibZhS0YiuX,Ryan Trey,72XxzjvIBR0TKljL0ETcGQ,Nowhere To Run,68
3dwkO7z23scCJppeqHGTy3,Steven Goldmund,4eCyLaMgnZkgWJnFuXJgV8,Accomplishment,67
1pPmIToKXyGdsCF6LmqLmI,Rich The Kid,4RsLvd1zrcEiyXZmTU3E27,Ring Ring (feat. Vory),68
74cb3MG0x0BOnYNW1uXYnM,Hillsong UNITED,6y0mWieDVu5eca73zgoI3d,Whole Heart (Hold Me Now) - Live,64
3q7HBObVc0L8jNeTe5Gofh,50 Cent,6gaKQ8uooxz1rrbWdVWazE,Candy Shop,0
5usbqiU7sjvszjWecANDL6,Boogie,3UebVboi5nMHLgja4UrZaG,Silent Ride,67
0ghlgldX5Dd6720Q3qFyQB,TOMORROW X TOGETHER,3qbHA5vvQj249vmnhcTxQV,Our Summer,72
7rkW85dBwwrJtlHRDkJDAC,NAV,7kVNc3Mpzc9iOjqnai93E3,8 To A 4,66
1pPmIToKXyGdsCF6LmqLmI,Rich The Kid,2GN8HCRiu9mjeWwNN33Xb4,Racks Out,67
7rkW85dBwwrJtlHRDkJDAC,NAV,03yX0WgZGT6DM3GNLSu4f1,Time Piece (feat. Lil Durk),66
1cNDP5yjU5vjeR8qMf4grg,YNW Melly,0F7oaq4qpD7ijADV6gJBwe,Beat A N*gga Block,65
0n94vC3S9c3mb2HyNAOcjg,The Head and the Heart,22i86sVWNjLu7fttP4gA02,Honeybee,64
2Sqr0DXoaYABbjBo9HaMkM,Sara Bareilles,1NEJ8gJxZ12mBertXyrRb5,A Safe Place to Land (feat. John Legend),64
5Y8eJDj37KhaEeqbVO7Ag1,PRETTYMUCH,5NeHvs8ClxMHtqv8DHEK1X,Blind,68
1RyvyyTE3xzB2ZywiAwp0i,Future,2gXOzCwbVXACCaYRj4Qrep,Temptation,66
1gPhS1zisyXr5dHTYZyiMe,Kevin Gates,5DbIxurVkaHTfrS1BsMj8i,Right Game Wrong N****,64
2auiVi8sUZo17dLy1HwrTU,Solange,0jF4xsiVd8AQoIEUmn7KLt,Things I Imagined,67
4NZvixzsSefsNiIqXn0NDe,Maggie Rogers,2kvwSbG26eHKUJdvH7DiR2,On + Off,66
3zz52ViyCBcplK0ftEVPSS,Quadeca,5RsoKNOQIbRKfqjaPzyWfE,Uh Huh!,69
2iZyGXzGD6s9U9QkirdcbF,Naturally Recurring,1PEbZAKVXlrABYuzZpBypd,Stage Three,68
6WY7D3jk8zTrHtmkqqo5GI,Maren Morris,226TUHo7YO5d5ceR0sg1aG,To Hell & Back,64
2iojnBLj0qIMiKPvVhLnsH,Trey Songz,4RvgXRGC2da3Khuaa9N1FD,Chi Chi (feat. Chris Brown),38
2WMPnzmwca8VGFhFIDmXSJ,Lamb & Mountain,1sm2qd1FVq2EzPoqXVNLod,Core,67
1RyvyyTE3xzB2ZywiAwp0i,Future,1WlU4jsJ8AoTB96dgd8LJA,Call the Coroner,65
1RyvyyTE3xzB2ZywiAwp0i,Future,7EB2UpfRbS4QVjZQlKLi3Z,Promise U That,66
0WK3H9OErSn5zKOkOV5egm,DDG,6zl319nC7f5Xnw1tVq0UCK,Hold Up (feat. Queen Naija),66
2auiVi8sUZo17dLy1HwrTU,Solange,3803fF96TYnzkSMA0M0L5H,Down With the Clique,67
08PvCOlef4xdOr20jFSTPd,Flo Milli,52mXzUl4zRM6XC5hAxs1oh,Beef FloMix,65
6mcrZQmgzFGRWf7C0SObou,Frankie Valli & The Four Seasons,1f1N3p0xiFY0LPCOSb8LpK,"December, 1963 (Oh What a Night!)",63
6t1gpxYbY8OlLA7D2RiikQ,Loud Luxury,6e0CvGZf7CouOpYF8toXHC,Body On My,69
063Vp9es6lLAbFUDtIAkFD,Abraham Vazquez,3BvGcHKkSKRdkathkvvxRp,El De Las Dos Pistolas,70
6cK3NBO6uP7hh0oyuVELFl,Saweetie,5KBARWIxeMGkvUax9VtVC9,My Type,65
7DMveApC7UnC2NPfPvlHSU,Cheat Codes,5EpR6BqAnwR9PPl6sIrzGy,Who's Got Your Love,73
3hmAY9MInLEYjfgedjLmlL,Allana Johnson,2TcvA5WlWyZdLMdQrX05LG,Breathing Star,68
4NZvixzsSefsNiIqXn0NDe,Maggie Rogers,6axvsEl14rlaUWKEt9CSFR,The Knife,65
4r63FhuTkUYltbVAg5TQnk,DaBaby,6uIpf2e5PrB0ZMufi0AWpL,Joggers (feat. Stunna 4 Vegas),64
17lzZA2AlOHwCwFALHttmp,2 Chainz,4cbF3gEX2IZfvt58zQXqvN,Girl's Best Friend (feat. Ty Dolla $ign),66
4xRYI6VqpkE3UwrDrAZL8L,Logic,2s8w7n22U328L6Pdfwdodg,I Love You Forever,66
6zLBxLdl60ekBLpawtT63I,Cody Johnson,4ezCwgeG8vFDxvNtiUGMmm,Understand Why,64
1RyvyyTE3xzB2ZywiAwp0i,Future,2U3LJfQB0ALLxC7Yy0QW7l,Unicorn Purp (feat. Young Thug & Gunna),66
31TPClRtHm23RisEBtV3X7,Justin Timberlake,5oUnVKzkdNTaLtn4EnJjEP,Mirrors - Radio Edit,0
6CwfuxIqcltXDGjfZsMd9A,MARINA,65wtqxbrddRQEArvqfihed,To Be Human,69
74KM79TiuVKeVCqs8QtB0B,Sabrina Carpenter,4MqLcVZJ2YKtyXs12NMTp4,Pushing 20,69
4SqTiwOEdYrNayaGMkc7ia,LÉON,4P1EGoXLWQ1YF6Nsmr1pfy,You And I,72
0XwVARXT135rw8lyw1EeWP,Christian Nodal,7ICx8UXRmLzbLrORTVOM96,Nada Nuevo,71
3jOstUTkEu2JkjvRdBA5Gu,Weezer,1ZB2qWsheGabSEYvBYxjKn,Take On Me,68
1RyvyyTE3xzB2ZywiAwp0i,Future,0F7FlaQBiyNkV8iakTocsW,Stick to the Models,66
3BmGtnKgCSGYIUhmivXKWX,Kelly Clarkson,1Y9cAYTmyWJCcmfqdG2I29,Broken & Beautiful (from the movie UGLYDOLLS),70
4NZvixzsSefsNiIqXn0NDe,Maggie Rogers,0DlMSBJh9uo52DieTYVXLw,Back In My Body,65
21WS9wngs9AqFckK7yYJPM,PnB Rock,2dk8qkQR0BQy5KN42gWOsk,Go To Mars (feat. Tee Grizzley),0
21WS9wngs9AqFckK7yYJPM,PnB Rock,6BKPEw91L4lnevp4FYV3VY,Go To Mars (feat. Tee Grizzley),0
3wWtfT7S2uVJJ3hGZlOLkZ,Judah & the Lion,6bt1R3HFqITysmy3W88M3c,pictures (feat. Kacey Musgraves),65
6nxWCVXbOlEVRexSbLsTer,Flume,7cPO2IPraPDlGIguekShlV,Jewel,69
3Aut8hgiqZSy2qmJluZMU9,Rosie Carney,2QlPMIhutG3WHV26Eza8u9,Thousand (feat. Lisa Hannigan),69
66CXWjxzNUsdJxJ2JdwvnR,Ariana Grande,13PEyIxcQk8iqLHYLjWXfi,7 rings,66
15UsOTVnJzReFVN1VCnxy4,XXXTENTACION,2WOxBv9WElDqB0opEAbCC4,Touch Eem Body,67
7rkW85dBwwrJtlHRDkJDAC,NAV,1pGcfOz4p1Ds35ICL0lX5k,Dior Runners,66
0NIPkIjTV8mB795yEIiPYL,Wallows,1pNUmVxDiE8t6P1XxcZAv8,Scrawny,65
3Uobr6LgQpBbk6k4QGAb3V,I Prevail,5icbZiF6lcuEORG0UzMsS2,Every Time You Leave,67
6WY7D3jk8zTrHtmkqqo5GI,Maren Morris,5VHzuy8pL5n58n0DRYkq8Q,Gold Love,64
4xRYI6VqpkE3UwrDrAZL8L,Logic,0Uw8pWFNcZwt3wrRPPwp4s,Best Friend,65
0XKOBt59crntr7HQXXO8Yz,Brooks & Dunn,64vkacv9XtTjAQSosbUbW2,My Maria - with Thomas Rhett,59
6s22t5Y3prQHyaHWUN1R1C,AJR,4HrYn3L1jnlNe59QfjFPj3,Birthday Party,53
7k9T7lZlHjRAM1bb0r9Rm3,Wiley,7cz506PyIgh2bMN90Mc8Tn,Boasty (feat. Idris Elba),80
2JhAlkmukNvarUpGhTFXUQ,KARD,2U6RSyXFnDVNYoD9iUgi09,Bomb Bomb,74
00TKPo9MxwZ0j4ooveIxWZ,Loote,3t1XqbvvUtM3SHwf0qKQV0,85%,70
3vQ0GE3mI0dAaxIMYe5g7z,Paulo Londra,5NPzbTzFxIQPaheZuPhn4f,Forever Alone,85
7rkW85dBwwrJtlHRDkJDAC,NAV,1Kg99KJWHMNn0IgnEwvWR0,OK (feat. Lil Durk),66
45eNHdiiabvmbp4erw26rg,ILLENIUM,6SP30VdncYypcHkkzgbqZb,Pray (feat. Kameron Alexander),66
3hv9jJF3adDNsBSIQDqcjp,Mark Ronson,6aUEJT2pDCUQ411q2bEM7w,Uptown Funk (feat. Bruno Mars),1
3Uobr6LgQpBbk6k4QGAb3V,I Prevail,7dENhnDxTHnzGtpMrsJ72w,Paranoid,67
1KCSPY1glIKqW2TotWuXOR,P!nk,3O0e0LHTpza0rYVDbZfQ4r,Can We Pretend,47
1QRj3hoop9Mv5VvHQkwPEp,Olivia O'Brien,4XzgjxGKqULifVf7mnDIQK,Love Myself,67
2XdtmipGVPmA62ptDgX8QC,Henry Jamison,6WsgELUOvr9rf3XWolZYjc,Ether Garden,68
1RyvyyTE3xzB2ZywiAwp0i,Future,6QFzUXTIZXOLesQcgmGOsR,Goin Dummi,65
6M2wZ9GZgrQXHCFfjv46we,Dua Lipa,2MmJibkz3JrrEK2gQEN26S,"Swan Song (From the Motion Picture ""Alita: Battle Angel"") - Calibre Remix",5
6M2wZ9GZgrQXHCFfjv46we,Dua Lipa,3x3vsYMloQoqCFxeSdnVw1,"Swan Song (From the Motion Picture ""Alita: Battle Angel"") - DJ Shadow and NastyNasty Remix",7
6M2wZ9GZgrQXHCFfjv46we,Dua Lipa,5fckAyFSzmn2Nl2La1z4eU,"Swan Song (From the Motion Picture ""Alita: Battle Angel"") - aboutagirl Remix",10
6M2wZ9GZgrQXHCFfjv46we,Dua Lipa,6ZBkrj6O0GQZhfbfClJegK,"Swan Song (From the Motion Picture ""Alita: Battle Angel"") - Rework",4
3PhoLpVuITZKcymswpck5b,Elton John,5Y7Z6kwXgN1XYmXr58GtsV,Goodbye Yellow Brick Road - Acoustic Cover,0
1iJdyDcY98X3GMnUesl7tf,Comethazine,2zkCbezif5Vb2XeCyFaEwn,I BE DAMNED,65
3HiuzBlSW7pGDXlSFMhO2g,Young Dolph,2ODfbYuZP5i2UrVXgYxPyu,By Mistake (Remix) (feat. Juicy J & Project Pat),60
07YUOmWljBTXwIseAUd9TW,Sebastian Yatra,1Kjer1JoWuJGNwGV6Pbgv1,Cristina,84
3hTffafUYLLgO4yuPAxb5U,Lenin Ramírez,3ohXKHyHxxuXo8UsRL3h17,Hierba de Receta,68
4V8Sr092TqfHkfAA5fXXqG,Luis Fonsi,0BOm90PDLRJpTSqqd6z52E,Sola,78
3wWtfT7S2uVJJ3hGZlOLkZ,Judah & the Lion,6r5tlCMur8Vngv3n0DzOFl,Over my head,65
6C1ohJrd5VydigQtaGy5Wa,Joyner Lucas,05u5qeM36BBjaF9lsOyar2,Just Let Go,69
5usbqiU7sjvszjWecANDL6,Boogie,35Rbqn962gEydsN1VKOC3T,Soho (feat. JID),66
5vngPClqofybhPERIqQMYd,George Strait,64Zm9wNGj6coqg4zsb0Soj,Every Little Honky Tonk Bar,64
2feDdbD5araYcm6JhFHHw7,Labrinth,3TEv5EF30GdCGKUdBaot7w,Let the Sun Shine,0
6WY7D3jk8zTrHtmkqqo5GI,Maren Morris,6oGymcECsbc3HeD17rLPLR,RSVP,64
68KmkJeZGfwe1OUaivBa2L,ATEEZ,2UP7KnRSvc4taXbjOoSX0f,Say My Name,71
3aQeKQSyrW4qWr35idm0cy,T-Pain,3mhLnZNg2efKBLPxH5xaKr,Getcha Roll on (feat. Tory Lanez),68
6CwfuxIqcltXDGjfZsMd9A,MARINA,5KgjRZKraoTkHAUONmVFo1,Orange Trees,72
2auiVi8sUZo17dLy1HwrTU,Solange,6l82XaHZyodfRvNo85Pdqr,Time (is),66
19uEVh7y7Y9RfjMphMamXc,Cooliecut,6tFWMs2FJMi4loy4XlR8bz,Nothing,68
0ZED1XzwlLHW4ZaG4lOT6m,Julia Michaels,3mJiMnKrpIYSNRRFounMtY,What A Time (feat. Niall Horan),64
0XKOBt59crntr7HQXXO8Yz,Brooks & Dunn,5zMy6fM0mZebBMBZQuAVEA,Red Dirt Road - with Cody Johnson,58
3jK9MiCrA42lLAdMGUZpwa,Anderson .Paak,0yZAZuZLrahKlpYi6qmdqx,King James,57
1cNDP5yjU5vjeR8qMf4grg,YNW Melly,5mmEDGjJlUe1IlxsWUyS9K,Ingredients (feat. Fredo Bang),64
360IAlyVv4PCEVjgyMZrxK,Miguel,3wTAHJaRDYpsCfVY1EMaky,Never Gonna Change,0
2auiVi8sUZo17dLy1HwrTU,Solange,2S8sebSU3YRqFdD7IZw7le,My Skin My Logo,66
5hdhHgpxyniooUiQVaPxQ0,Nio Garcia,36dhj3CSJ2gsED35rBswno,Mírame,76
3nohoYUaqIOqoYxHnjNK7q,XLD Library,4vQPpmTWJi6DLhJWxoMl7k,Gamma 432 Hz - L 462 Hz - R,64
69GGBxA162lTqCwzJG5jLp,The Chainsmokers,5QkVPG2Hf3MmAarireF6lh,Who Do You Love - R3HAB Remix,71
6l3HvQ5sa6mXTsMTB19rO5,J. Cole,29H8RkqW9GaFy8tdjriuX3,MIDDLE CHILD,64
0cGUm45nv7Z6M6qdXYQGTX,Kehlani,32s2Dn9EVvO2f85MrpRoBV,Butterfly,68
6WY7D3jk8zTrHtmkqqo5GI,Maren Morris,6nZNfzQAsoyZFQnzzzDSpj,Great Ones,63
2goxk1aXm6T4yopaZe5tHe,Hijos De Leyva,463tgcRq1U8CA5ZVFTtyaj,Humo Trankilizante,65
0XKOBt59crntr7HQXXO8Yz,Brooks & Dunn,2BPiamp7M8ARGtxjNyTZWf,Ain't Nothing 'Bout You - with Brett Young,58
26T4yOaOoFJvUvxR87Y9HO,Bethel Music,73thBYypIRDkDz9Fw1kgCN,Stand in Your Love (Live),66
6BrvowZBreEkXzJQMpL174,Hardwell,6kRvtllePaPrrvftGsi9MS,I'm Not Sorry,66
77ziqFxp5gaInVrF2lj4ht,Sech,6Bc48Fgqgb6j4K6JdkZTNk,Solita,79
26AHtbjWKiwYzsoGoUZq53,Pentatonix,0ZFeVCKCMCXUQ1TKVd2azW,The Sound of Silence,68
4YZ5ECfbM2xSTSQTJGBbO5,Gerard Way,1tBZnhDT8xbgJTs43FiqrD,Hazy Shade of Winter (feat. Ray Toro),71
0WOxhx4hikIsyF3CRPLC8W,Famous Dex,7lUwLoEM9rcVmwUghGK9kX,Rockstar Lifestyle,61
3wyVrVrFCkukjdVIdirGVY,Lil Pump,0PWnTLrryhbYaRSGF6CsHf,ION (feat. Smokepurpp),68
78eqps3BavCqe2q7GCU1VK,Tyler Rich,7FV6v9Oc2iLlHeRhQ9jynX,The Difference,64
1W7FNibLa0O0b572tB2w7t,Pink Sweat$,6Pg3lOfFt49w6mNmmvzJB2,Body Aint Me,66
3ApUX1o6oSz321MMECyIYd,Quinn XCII,5yU3w1RzMZpSWytWAU9iyN,Autopilot,64
4tZwfgrHOc3mvqYlEYSvVi,Daft Punk,3OtHNyiaYaQgQlGagvhEku,Get Lucky (feat. Pharrell Williams & Nile Rodgers) - Radio Edit,0
7rkW85dBwwrJtlHRDkJDAC,NAV,4odbaySGxXOgH7ISBUfgvg,Know Me,65
3Sz7ZnJQBIHsXLUSo0OQtM,Mac DeMarco,3hPFmyctDusOxzqdpB72EJ,All Of Our Yesterdays,65
3YCKuqpv9nCsIhJ2v8SMix,Elevation Worship,2vHz2BfuldxOGHVnuDFr4E,With You (Paradoxology),61
5ghnxpW47ojtLHHyTLdxdY,Witt Lowry,4BBwTC4qpcMrU6d438Up1x,HURT,67
08GQAI4eElDnROBrJRGE0X,Fleetwood Mac,4XrQXeFcgsE5Wq30VfDMKL,Albatross (Live) [Remastered],45
6WY7D3jk8zTrHtmkqqo5GI,Maren Morris,2Xz88sbKdSksX2Nob0Tr44,Flavor,63
0B3N0ZINFWvizfa8bKiz4v,James TW,5HlFO9E6TgsCpJWVjguZDl,Suitcase,72
5rSXSAkZ67PYJSvpUpkOr7,Backstreet Boys,2rZfKyWzXoxQe2DBlvZ2sP,No Place,70
74cb3MG0x0BOnYNW1uXYnM,Hillsong UNITED,58Ru1XZP3lxJ6wJoFT2PmL,Another In The Fire - Live,63
4oJhB4wMqwZWue2kcpCmCz,Steve Mokwebe,6RMjZgsE9IcQZqubTzLtDs,It Ends with Us,69
23fqKkggKUBHNkbKtXEls4,Kygo,4fC6tDEFmSBBCRBUOPeQ8b,Think About You - Galantis Remix,33
5gtNVNylJUg6NfvM0LjLtr,Intentional Vibes,37bWNUTzhM1DvYyOEXY0rC,...There You Are!,66
2ysnwxxNtSgbb9t1m2Ur4j,George Ezra,2pgmVSAfyZn54DeSgLUFoj,Budapest,0
4udfTw7V8jI4AHi7PEfJfj,Melii,1aSd69BNiOKdT1AUJzsNhN,Slow For Me (feat. Tory Lanez),67
3azKf6nXrUCI1RLZkX4Aj6,H.1,0GDlfD2tm6pejevucQT8IN,Nothing changes: everything is different,66
3TVXtAsR1Inumwj472S9r4,Drake,4FDSPGncHRpr6yB8DD4CtI,Let’s Call It Off (feat. Peter Bjorn and John),67
6i3DxIlAqnDkwELLw4aVrx,Lele Pons,407bMQYO7pKNipPaB5DanI,Bloqueo,68
7vvyFnhnPCb0gn7QwDwP0C,Ivo Phi,5aINJWtQyHHpSnIk5kdI16,Binaural Theta Sinus - 100 Hz - L 106 Hz - R,64
17lzZA2AlOHwCwFALHttmp,2 Chainz,3hYKgk38xGR6pGjgTkFN99,"I'm Not Crazy, Life Is (feat. Chance The Rapper, Kodak Black)",64
5BvJzeQpmsdsFp4HGUYUEx,Vampire Weekend,1aPNMoNPH13hlRwzzg0Gv2,Sunflower (feat. Steve Lacy),61
5XJDexmWFLWOkjOEjOVX3e,Eladio Carrion,7ch7IMYm9DaujSfI1ToSzu,Mi Error,75
7rkW85dBwwrJtlHRDkJDAC,NAV,6jChisgoIfN75H4RMcGvfL,Stuck With Me,65
2Sqr0DXoaYABbjBo9HaMkM,Sara Bareilles,3PITZd3mkBE3tIYlt0jfI5,Fire,61
4K9aclpXgCPNFGEqRlFPal,Peter Manos,19czqg2sES22uiWenXX9dk,You Don't Know Me,69
6s22t5Y3prQHyaHWUN1R1C,AJR,45AnoM0Gl0gOovIa8wgPaa,100 Bad Days,49
4NZvixzsSefsNiIqXn0NDe,Maggie Rogers,3lHtxy7keWMXYBQU5LkUXH,Retrograde,64
3ApUX1o6oSz321MMECyIYd,Quinn XCII,5foPGlyY3O4uSrFGhfUKGW,Werewolf (feat. Yoshi Flower),64
3NPpFNZtSTHheNBaWC82rB,X Ambassadors,3kosv2SiE01oo3QxTDJUtb,BOOM,70
2auiVi8sUZo17dLy1HwrTU,Solange,4o8Rk1YzdkTxsSEXd3YhAK,Sound of Rain,66
56oDRnqbIiwx4mymNEv7dS,Lizzo,1R1NwL3p27XZC9n5xpP8LE,Cuz I Love You,65
7f0OLhGgBMX9fUjm1dcPip,Alice Merton,50B1PVWbakumorzP54YvK2,Funny Business,63
5DeI5zDGqIRRmW5o1TrYD0,Delta Hz,53OvBqtojrI9EUmuskfKlJ,Binaural Drone 90 Hz - 91 Hz,64
3TVXtAsR1Inumwj472S9r4,Drake,524wvipGqxPKYWxkjf9y46,Little Bit (feat. Lykke Li),67
4OSArit7O2Jaj4mgf3YN7A,Mallrat,41quh2FVZsAoj1LqqLEpTj,Nobody's Home,67
7JqEtz50hLij7xaWbuWV42,Theta Aum,71dTM2TuRg2Xg6l6WBGeTv,Theta Drone - Awareness,65
0XKOBt59crntr7HQXXO8Yz,Brooks & Dunn,5Crfmd0ZGarlMUDPqhl7yl,Boot Scootin' Boogie - with Midland,57
3Y7RZ31TRPVadSFVy1o8os,H.E.R.,56Rmib5mhCfiaSJqhLgEdW,Hard Place - Single Version,68
2auiVi8sUZo17dLy1HwrTU,Solange,6ZDQdAeTYt13V67K7LJXDv,Jerrod,66
6qGkLCMQkNGOJ079iEcC5k,Ben Platt,6hYvw3LLTViP2mT4MpDNmT,Grow As We Go,66
1iJdyDcY98X3GMnUesl7tf,Comethazine,1luVPNhyJQbG79KL7ickl3,ONMYGRANNYKIDS,64
5y2Xq6xcjJb2jVM54GHK3t,John Legend,3kAcfVOWRXKTt4gvgGzq6P,All of Me,0
4r63FhuTkUYltbVAg5TQnk,DaBaby,3yXP1unIs1X9U5FbEarv7e,Deal Wit It,63
3iri9nBFs9e4wN7PLIetAw,gnash,2eLPcyGhaTXQBwby9Ey8lG,t-shirt,66
2wY79sveU1sp5g7SokKOiI,Sam Smith,0GfS3y8Jd7SHWd9R51s7Fo,Dancing With A Stranger (With Normani) - Cheat Codes Remix,72
2wUjUUtkb5lvLKcGKsKqsR,Alessia Cara,3hjB6mesOgMFTCs3H06VJY,Out Of Love,44
3wyVrVrFCkukjdVIdirGVY,Lil Pump,5X4c1AVbFfl8u36AE5QLCI,Butterfly Doors,69
6dXsR7VDJvXnF1LTZlwULx,Casanova,6OIJcRL2yycLyIbzrwOUty,2AM (feat. Tory Lanez & Davido),69
2wUjUUtkb5lvLKcGKsKqsR,Alessia Cara,61Km07hgJuxPOaRWvg5fN1,Out Of Love - Morgan Page Remix,32
2wUjUUtkb5lvLKcGKsKqsR,Alessia Cara,5t9BKjdi6V54OxHZRmpZxD,Out Of Love - Devault Remix,30
2wUjUUtkb5lvLKcGKsKqsR,Alessia Cara,6o3EXRKd6XVXeuRY1B9vCd,Out Of Love - Ruhde Remix,30
2wUjUUtkb5lvLKcGKsKqsR,Alessia Cara,6XbT5JIsI8SGCIZJ62THom,Out Of Love - Marc Stout & Tony Arzadon Remix,23
2wUjUUtkb5lvLKcGKsKqsR,Alessia Cara,5doZTBqMSsKDZ6f6bn2c5v,Out Of Love - Mangal Suvarnan Remix,23
4xRYI6VqpkE3UwrDrAZL8L,Logic,4HGwlPELgeqGz0ndBxHtkh,Vacation From Myself,65
1Ffb6ejR6Fe5IamqA5oRUF,Bring Me The Horizon,03CbQgFxnBFoaaVJTfEqMD,medicine,71
4obzFoKoKRHIphyHzJ35G3,Becky G,3c0uKKorZypy13KkO1u8AD,LBD,70
2RdwBSPQiwcmiDo9kixcl8,Pharrell Williams,5cq7ZfNEAT3Rw2GRQJmVq0,Freedom,0
5FxD8fkQZ6KcsSYupDVoSO,Omar Apollo,3pfuy1uQhG7g6Ttbo2Jh0N,Trouble,64
5n24AejjkQFiXAnmqRhTpl,Mindful Behaviour,5VV9fAmGLlXsK568Uax9A2,Alpha 8 Hz,64
5WUlDfRSoLAfcVSX1WnrxN,Sia,4xrp7IHh0xuNuGVu3oSv67,Audio,72
0XKOBt59crntr7HQXXO8Yz,Brooks & Dunn,5qOCmP9qU3AmeCIZ4hjimg,Believe - with Kane Brown,56
2NdeV5rLm47xAvogXrYhJX,Ciara,3H92VwBbuWN5O3X1tVjAyx,Thinkin Bout You,69
6WY7D3jk8zTrHtmkqqo5GI,Maren Morris,5VRm0sILEKd077c76x61PU,Good Woman,63
1mbXts9rQTQvSfO4wN6HiY,Back 2 Sleep,3w15SEPuv2VCTQpO2kQUM3,Delta Sinus 125 Hz - L 128 Hz - R - Drone,64
1vaQ6v3pOFxAIrFoPrAcom,Ari Lennox,6kYQKOP3EPbeprB0PEEubB,Shea Butter Baby (with J. Cole),66
10gzBoINW3cLJfZUka8Zoe,Above & Beyond,6KjTXwntv8paBCL3El9TnV,Sahara Love - Seven Lions Remix,67
1mbXts9rQTQvSfO4wN6HiY,Back 2 Sleep,59ttRCDKCMD8Aq0xrFHnrP,Delta Sinus 125 Hz - L 126 Hz - R - Drone,64
5BvJzeQpmsdsFp4HGUYUEx,Vampire Weekend,7D3fFG8XtOI7v0pD2fUmsr,2021,65
0XKOBt59crntr7HQXXO8Yz,Brooks & Dunn,2MyznwTgremxRpMEiD5mcp,My Next Broken Heart - with Jon Pardi,56
7rkW85dBwwrJtlHRDkJDAC,NAV,7L9ALJWkzhhG6y9iFbQvbo,Athlete,65
3b8QkneNDz4JHKKKlLgYZg,Florida Georgia Line,5UYFqUJBBVgpGqdONKbH3t,Women,64
6zLBxLdl60ekBLpawtT63I,Cody Johnson,5ggoxc2dhlFjListerctlA,Nothin' on You,62
3QSQFmccmX81fWCUSPTS7y,Dean Lewis,6iey2E15nqKQ60KW8vBQQi,Stay Awake,74
5TwGqGqJXW0bmSzmdCKLp7,Tranquility Spree,07HJu7NuUxcZTFSHvQEXCu,Binaural Gamma Sinus 40 Hz Drone II,65
6Xa4nbrSTfbioA4lLShbjh,Grizfolk,6Y2DPBV2uBBfqQOPZnW3LD,Spoonful,66
2HD6u9F4pocPtFgmev72AK,Momento,1xhgWepLEOZ6n5JC4tCenV,Oftenness,64
2HOMW1liAxI3URnEq95SMS,MISSIO,3EqHFfCSbX4Z1pX8JQ0c0r,I See You,66
7H6dkUChT5EoOQtUVMg4cN,Hunter Hayes,2nHuAhUwIG29RYVD1zcUX2,Heartbreak,64
41X1TR6hrK8Q2ZCpp2EqCz,bbno$,0dySWj8I51qHOleWCFAX5g,doubles,66
3hyEbRtp617pNCuuQjyOmc,Lost Kings,6C3MGasn7adPXHlE1z4NbV,FU4E,68
2Sqr0DXoaYABbjBo9HaMkM,Sara Bareilles,70aS0jAJszShUpwp0Mq6cB,No Such Thing,60
7wLyGTO9vUS7ndlq4BvBGe,Blake Rose,2Pph0CUJ8uksCBzV6iyuQF,Lost,68
6cEuCEZu7PAE9ZSzLLc2oQ,R3HAB,2xyIwHKujL7tSgkK2Waj2s,All Around The World (La La La),64
1Q6SZxTvaE3HhslV0iXbI6,Herencia de Patrones,4dporMRQqdmQQEMEz8RVTW,Es Dificil Ser Un Santo,65
5kXyMVyXSK2cHnjOja5hRJ,Primer Dia,0fzFidsOykOCSMsby6Gmm6,Magnetic,65
6X8WdFjrNhXATMDSs26aCc,Curren$y,5oXsLCXnF1VHp36tyWfYs3,Plan of Attack,64
1mbXts9rQTQvSfO4wN6HiY,Back 2 Sleep,7jQiYVASBtUmgD7zN2wQhk,Delta Sinus 160 Hz - L 161 Hz - R - Drone,65
4YZ5ECfbM2xSTSQTJGBbO5,Gerard Way,0n0XAmYCMWlzj3W9VdMejw,Happy Together (feat. Ray Toro),70
0j9cHGhzQCSi0A7SmtUKlD,Lil AK,1jiU6aaNmohuneyoEO0BsM,LANES,69
0NIPkIjTV8mB795yEIiPYL,Wallows,5naar7XewEOAjOywIp6Jjq,Remember When,65
13rF01aOogvnkuQXOlgTW8,TAEMIN,0aLG42zaidNkblhiQgJknP,WANT,71
0vR2qb8m9WHeZ5ByCbimq2,Reik,3NncP0ajz9lqYAZcQD7Bpo,Duele,77
4mwXUEKaW4ftbncf9Hi58l,Tank,4KhMkiipzCiiP0CbO5aAQg,Dirty,65
3Uobr6LgQpBbk6k4QGAb3V,I Prevail,6Q1m1GyNxyOwZ2ud3p7XoS,Gasoline,66
1moxjboGR7GNWYIMWsRjgG,Florence + The Machine,6V0PPYLaQ5fCAPftwIgpuN,Moderation,71
0XKOBt59crntr7HQXXO8Yz,Brooks & Dunn,7hzyuLLHrQALKn7kIAc6cR,Lost and Found - with Tyler Booth,55
0XKOBt59crntr7HQXXO8Yz,Brooks & Dunn,0piz7NPKiFyeQIMWRTPmbb,Hard Workin' Man - with Brothers Osborne,56
6nxWCVXbOlEVRexSbLsTer,Flume,1EFPehJv13my9zvLFzGE8Z,Ecdysis,67
3OcvS8PzSGYMBvLdzY6g3e,Silvestre Dangond,7gL0eIncXB5ELO8BFMR3Uv,Vivir Bailando,76
3Uobr6LgQpBbk6k4QGAb3V,I Prevail,5jmYu7XY4zd3mJfizA8t1K,Let Me Be Sad,65
2Sqr0DXoaYABbjBo9HaMkM,Sara Bareilles,6j0YxbtGQ37aGHztis7qKN,If I Can't Have You,60
5BvJzeQpmsdsFp4HGUYUEx,Vampire Weekend,3o9lfY9tbv3S00atFxNki5,Big Blue,59
0cc6vw3VN8YlIcvr1v7tBL,Mötley Crüe,1zfFle2YCXuUFXlAAZ4QOS,The Dirt (Est. 1981) [feat. Machine Gun Kelly],68
3Uobr6LgQpBbk6k4QGAb3V,I Prevail,6QyBWey7P8ILuhS5RO7xYe,Rise Above It,66
3e7awlrlDSwF3iM0WBjGMp,Little Mix,18n2GdCpsHYzkbMKPavE7Y,Think About Us (feat. Ty Dolla $ign),79
3CDKmzJu6uwEGnPLLZffpD,Frankie Valli,2tOz2UUyMhzZA6P7e0r0du,Can't Take My Eyes Off You,61
7z2avKuuiMAT4XZJFv8Rvh,Tom Walker,2oVoSgGAlog02WQ2pLCxcT,Now You're Gone (feat. Zara Larsson),77
56oDRnqbIiwx4mymNEv7dS,Lizzo,3R9RSIkgkZXrIgmBHGemlV,Boys,66
5BvJzeQpmsdsFp4HGUYUEx,Vampire Weekend,2pTcCgUr9SJZXCcVqkRX26,Harmony Hall,59
4AcHt3JxKy59IX7JNNlZn4,Fitz and The Tantrums,6sQV97oENBDxUKfK6cgL2y,123456,64
3QSQFmccmX81fWCUSPTS7y,Dean Lewis,2H4gf1wLxvYreMj1jcaN0k,Be Alright,72
5DeI5zDGqIRRmW5o1TrYD0,Delta Hz,3H6N95PUqsD5iOzPOtDmDy,Binaural Drone 90 Hz - 94 Hz,65
77AiFEVeAVj2ORpC85QVJs,Steve Aoki,52EB2Gk1nkxZmbomJOXUde,Are You Lonely (feat. ISÁK),77
5r5Va4lVQ1zjEfbJSrmCsS,Broods,6M8qU2rDpeRQLE88DF2xtq,Peach,67
5QdEbQJ3ylBnc3gsIASAT5,G Herbo,0rLfccUtmbhlmTAOzc4gkT,Never Scared (feat. Juice WRLD),63
7rkW85dBwwrJtlHRDkJDAC,NAV,4N3uRLsbsG3TMrYqPZy3v4,Never Know,64
294lNTPZfdqyzt8qnxmFiL,Mereba,1NlWBpNYAnFT7gMGyC0Y1M,Sandstorm (feat. JID),65
6fWVd57NKTalqvmjRd2t8Z,24kGoldn,0c7K73roy6RW4ebDkf4yGh,Valentino,64
1kiZfWU37oS0pCOV7Os1Pj,GRAVEDGR,47cElLEwnbplOSL5iHeu4o,KAMIKAZE,67
5nki7yRhxgM509M5ADlN1p,Oliver Heldens,6ZvLKwgPKlyZtDPkTWjPI7,This Groove,75
0xOeVMOz2fVg5BJY3N6akT,Jaden,45of8inTeSajYwPmTzHRRa,Watch Me - Remix,66
0X2BH1fck6amBIoJhDVmmJ,Ellie Goulding,4PkIDTPGedm0enzdvilLNd,Sixteen,40
1RyvyyTE3xzB2ZywiAwp0i,Future,465mhRDuwxjrJ61UrvRvrZ,Krazy but True,64
5t28BP42x2axFnqOOMg3CM,Five Finger Death Punch,7nioCrPVTkYopUB1rTvtK1,Blue on Black,0
4r63FhuTkUYltbVAg5TQnk,DaBaby,2gjPbUsttk6GqJOUAh9WzN,Best Friend (feat. Rich The Kid),62
2C6i0I5RiGzDKN9IAF8reh,Banda Sinaloense MS de Sergio Lizárraga,6lDRkJZe7pTlpAHqsBbnM6,Que Fuimos - Versión Acústica,49
0XKOBt59crntr7HQXXO8Yz,Brooks & Dunn,3tTm8mMwTADdThvuzGLjTg,You're Gonna Miss Me When I'm Gone - with Ashley McBryde,55
2o5jDhtHVPhrJdv3cEQ99Z,Tiësto,7nLDTwNkVr4RWPjJCdYv5b,My Whistle,64
3nohoYUaqIOqoYxHnjNK7q,XLD Library,4AVTXON0uHQZFvtzrAEo4K,Gamma 120 Hz - L 170 Hz - R,65
4r63FhuTkUYltbVAg5TQnk,DaBaby,1N7CHs4eGjgr3gjyUgq75Y,Carpet Burn,62
2lRH2dgU5Kk4Bc5phmII4T,LANCO,6cVFyXSMC9OFCcydD0Yld4,Rival,64
0ys2OFYzWYB5hRDLCsBqxt,Fuerza Regida,06lN1srNhY4GlFnUbZGcwt,Grafiteando Paredes,64
5RR0MLwcjc87wjSw2JYdwx,MOMOLAND,5unCIQfJLMtcsiU6MP5zmB,I’m So Hot,74
60d24wfXkVzDSfLS6hyCjZ,Martin Garrix,1cN45YtJost0rjvbseomXj,Mistaken (feat. Alex Aris) - Club Mix,58
2auiVi8sUZo17dLy1HwrTU,Solange,4q91GjZYQAZWICmRaOu04F,Beltway,65
2Sqr0DXoaYABbjBo9HaMkM,Sara Bareilles,4jHI8A4ObhlHvfJVo3SqAy,Armor,59
3QSQFmccmX81fWCUSPTS7y,Dean Lewis,6HZLMsw7ZdObf3Jk7lKAMX,Stay Awake,71
1z7b1Pr1rSlvWRzsW3HOrS,Russ,2by0pYpb2dx0pbEkP4T4ve,Missin You Crazy - Acoustic,67
2q3GG88dVwuQPF4FmySr9I,The Score,0VeoSHlgashtg5JYPJjl15,Stronger,69
2o5jDhtHVPhrJdv3cEQ99Z,Tiësto,2iKgphrypC9gXmlg5qvYLK,Halfway There (feat. Lena Leon),61
2Sqr0DXoaYABbjBo9HaMkM,Sara Bareilles,4FR7fPfbZwNFajVLn4Bg4q,Poetry by Dead Men,59
6zLBxLdl60ekBLpawtT63I,Cody Johnson,4QWaq7U3fufJjy1rCBm6ds,Ain't Nothin' to It,61
6nxWCVXbOlEVRexSbLsTer,Flume,1Ttu4TYbFIXYDFzOgfVedO,How To Build A Relationship,67
37J1PlAkhRK7yrZUtqaUpQ,Caravan Palace,706LIOTPrPaOQmLZgtm0AI,Miracle,61
1KCSPY1glIKqW2TotWuXOR,P!nk,01OFymiHwXOqOBBD1AtQJd,Hustle,73
2Fc1UZXKRmPpWWx1sxcb9m,SwuM,1C4bLgUJIKJroNvSU0hz1R,The Dream,67
6CwfuxIqcltXDGjfZsMd9A,MARINA,754yQK0LJOwE7NJK28So3E,Enjoy Your Life,65
6qGkLCMQkNGOJ079iEcC5k,Ben Platt,0hyVcO1sh9NkHmKHs3veRz,Older,64
2Sqr0DXoaYABbjBo9HaMkM,Sara Bareilles,3UUKWZzwmTvnZ8ecygPpXt,Eyes on You,59
1RyvyyTE3xzB2ZywiAwp0i,Future,2aR4gdgyCgacqHGqUZ91YS,Talk Shit Like a Preacher,64
6MDME20pz9RveH9rEXvrOM,Clean Bandit,3Mong1BzxMKwTZ0SbfLdcQ,Mama (feat. Ellie Goulding) - Tiësto’s Big Room Remix,70
5vQfv3s2Z2SRdPZKr82ABw,Dzeko,5ql2mP9FUhB3SgMzv2akuO,Heaven (feat. Veronica),72
2Sqr0DXoaYABbjBo9HaMkM,Sara Bareilles,1GUpz8hSy5hhqA2AHwF0xD,Orpheus,59
4MCBfE4596Uoi2O4DtmEMz,Juice WRLD,6qWh1LcOsSwozALQzQjQ9K,Robbery,63
64KEffDW9EtZ1y2vBYgq8T,Marshmello,0GVBPuCT3pBrXCdY3Uiy5B,BIBA,70
2cCUtGK9sDU2EoElnk0GNB,The National,0dcKsPZVWa64MvnoCes49q,Light Years,68
3wyVrVrFCkukjdVIdirGVY,Lil Pump,0lZk8fjx0u7hRwEgs7sOKW,Stripper Name (feat. YG and 2 Chainz),66
1lzugG0lqNh9nP6Fp2zG3c,Global Dan,74QQKW9sp5W60iQIugME8e,W.A.N.T.S,65
4lPl9gqgox3JDiaJ1yklKh,Tierra Whack,3yhlH8lhTpS03d91kuwjpf,Wasteland,65
6piIAIurGAryW5h1rqQC16,Passion,3OhF89cVIbCq5oG4syZ3dr,Follow You Anywhere - Live,64
0XKOBt59crntr7HQXXO8Yz,Brooks & Dunn,2Oloty067EQBgjKDe4k4VM,Mama Don't Get Dressed Up For Nothing - with LANCO,54
3nohoYUaqIOqoYxHnjNK7q,XLD Library,3TFbIkQPYihgiDl4CkFdBC,Gamma 200 Hz - L 250 Hz - R,64
2o5jDhtHVPhrJdv3cEQ99Z,Tiësto,1Hha9paHfC8YEUHV9bKcda,Trouble (feat. Micky Blue),58
6PXS4YHDkKvl1wkIl4V8DL,Fetty Wap,1QOtqVejAXZ8zgMamCgHEF,Trippin Baby,62
5n24AejjkQFiXAnmqRhTpl,Mindful Behaviour,1xrw0MIXasQIaD9oLqE4qF,Alpha Drone 8 Hz,63
6dn6x1XOng3LOAnfTjUn77,AJ Mitchell,5Xq7KPZSONkhHx6DFTAbTz,All My Friends,69
2Sqr0DXoaYABbjBo9HaMkM,Sara Bareilles,3fgHGI8rwh9ghBa9hGMleA,Miss Simone,58
181bsRPaVXVlUKXrxwZfHK,Megan Thee Stallion,3yqhrpvG25PVXaLvmvnUcX,Sex Talk,62
25G0894RyKrGyKDqdG1pGu,Alex Couture,6PpqrY1QzPLAj4JUOkrS95,Echoes of Your Soul,63
5cj0lLjcoR7YOSnhnX0Po5,Doja Cat,1uNePI826aqh9uC9pgbeHU,Tia Tamera (feat. Rico Nasty),64
5R3Hr2cnCCjt220Jmt2xLf,Dillon Francis,6z2O61TBA5HOsVyBesIwWs,Change Your Mind,66
0ys2OFYzWYB5hRDLCsBqxt,Fuerza Regida,5ZwLG5AaxZuRLoIBZE5KR4,Soy de Michoacan,64
2rWCIhENZyPVDAeFC0ESWN,Josh A,773YNtbrxwrlIQ3gcDFkN4,Used to,65
5TwGqGqJXW0bmSzmdCKLp7,Tranquility Spree,0HHD15EtlOlpYmrYInqXjR,Binaural Gamma Sinus 100 Hz Drone II,64
2Tglaf8nvDzwSQnpSrjLHP,Cuco,6FiuZPzrZkHNHrvXZvcDz5,Fix Me,64
0FtsMKmZEq8fBWqdSOWtqp,03 Greedo,4GXcHGMST0C7ikdU8Bt4Ii,Trap House (feat. Shoreline Mafia),62
4r63FhuTkUYltbVAg5TQnk,DaBaby,5U8sc8et1PiuDQfIQ2J98a,Tupac,62
7LvoDJUNGnOrPdGRzVtOJ9,Young M.A,4JsKaTag0OHXibnqYcDfIA,Stubborn Ass,63
0u2FHSq3ln94y5Q57xazwf,Keith Urban,57DVaIfWIKSx3zW9mcVFhc,Happier - Recorded At Sound Stage Studios Nashville,63
4hTL3jOgvZwOqegEZTOrCc,Col3trane,7AOR3bPPaLBJKJB9EMURxI,Superpowers (with GoldLink),65
2Sqr0DXoaYABbjBo9HaMkM,Sara Bareilles,7ooYI071aM9FJ1tZyS99oB,Saint Honesty,58
52zMTJCKluDlFwMQWmccY7,LOOΠΔ,5jhYykolbcG1T9wZSyvhp5,Butterfly,70
4NsVVzuaZGk4aya8Pyacew,Adam Doleac,6HBhMdKR4HRfQ3fuGUFbzE,Famous,62
19uEVh7y7Y9RfjMphMamXc,Cooliecut,5ocuRCDSWiUMZcWI4Utd9g,Over the Rainbow,65
5sUrlPAHlS9NEirDB8SEbF,Alejandro Sanz,3eB9M6owEHwk4nNrZRNUwd,Mi Persona Favorita,75
4udfTw7V8jI4AHi7PEfJfj,Melii,0ijkEO0FxiNofOkQc6aNUo,HML (feat. A Boogie Wit da Hoodie),66
2Sqr0DXoaYABbjBo9HaMkM,Sara Bareilles,31f9qUpl8NB9oEq5MSvjLf,Wicked Love,58
2uWcrwgWmZcQc3IPBs3tfU,Apink,4SpQDJz1JiRT2mHxvyqN9K,%%(Eung Eung),68
1RBzGO6Nm3uyhUSxP7EDWO,Kevin Roldan,3jOn1ZdPldABfKQY4JBhov,PPP - Remix,81
4WmAQDrrYtyygkRlm6VTtB,Gabbie Hanna,4EXviOZCqX04SnoZpMWymT,Medicate,64
2q3GG88dVwuQPF4FmySr9I,The Score,6hypt8VPJxeMXTTcRUHS86,Glory,69
6WY7D3jk8zTrHtmkqqo5GI,Maren Morris,434qMuoGlR7oBezGjdI1zx,Shade,62
3b8QkneNDz4JHKKKlLgYZg,Florida Georgia Line,24nFfy0Vq58gQdbpHP5aXw,Swerve,63
5IcR3N7QB1j6KBL8eImZ8m,ScHoolboy Q,07XiC73mZOpty3x2KNOEUi,Numb Numb Juice,62
3Uobr6LgQpBbk6k4QGAb3V,I Prevail,1mMcmRSdnLLu4UdQogH6zf,DOA,65
6x2LnllRG5uGarZMsD4iO8,Thomas Rhett,640a76CXhbaBqamyiGoQi3,Don’t Threaten Me With A Good Time,62
5BvJzeQpmsdsFp4HGUYUEx,Vampire Weekend,5N3rqRyx3iNgWPkqAMFHH0,2021,57
0p4nmQO2msCgU4IF37Wi3j,Avril Lavigne,1Spmq0UazGU6ovMIlGldZX,Dumb Blonde (feat. Nicki Minaj),69
0NGAZxHanS9e0iNHpR8f2W,Alok,4Cy5f4JsH1yoeGks7FnoHw,All The Lies (with Felix Jaehn & The Vamps),73
19EW4WBhl0fvZUQgi7wV5M,QUIX,0OHITRa9pUZN2As1PEBS0b,Berserk (feat. Yung Bambi),65
3b8QkneNDz4JHKKKlLgYZg,Florida Georgia Line,7ibxBJTi65IESyScbTGriO,Colorado,63
2RQXRUsr4IW1f3mKyKsy4B,Noah Kahan,3qhOjLeh6HePtsDhtxGpuR,Mess,69
4AVFqumd2ogHFlRbKIjp1t,Alesso,40pC19tpdCq2HfH7jta8zW,Sweet Escape,0
5Joy3NHmxKQGEOnjxtaMz3,Rockie Fresh,4m6WLZKQduuQLd9wvQjOZl,Must Be,67
53KwLdlmrlCelAZMaLVZqU,James Blake,3onYsieuDICdVt5ULZSExF,Barefoot In The Park (feat. ROSALÍA),71
2Sqr0DXoaYABbjBo9HaMkM,Sara Bareilles,7BJY63uiq54TqNBfq5614G,Someone Who Loves Me,58
3wyVrVrFCkukjdVIdirGVY,Lil Pump,56lQI55srtE2glxdPffDLT,Racks on Racks,69
6CwfuxIqcltXDGjfZsMd9A,MARINA,18LVTbRPKBFyuXI26lAITe,True,64
1iJdyDcY98X3GMnUesl7tf,Comethazine,6dlikXSUYtmt2AviTTZuwZ,DEMAR DEROZAN,63
1Ffb6ejR6Fe5IamqA5oRUF,Bring Me The Horizon,4swVflM7KtMxzfHBWqPv9S,in the dark,71
60gmlHZmT16wiO9GiXKYK9,Chris Janson,49oBFP6ZHPtd6t33LFTD3E,Good Vibes,63
1RyvyyTE3xzB2ZywiAwp0i,Future,5FWyHjKMW85oZoqgG1zD9b,Servin Killa Kam,63
3jK9MiCrA42lLAdMGUZpwa,Anderson .Paak,0ReEEk6xty0IlNrZg2m6ZZ,Make It Better (feat. Smokey Robinson),0
3jK9MiCrA42lLAdMGUZpwa,Anderson .Paak,0kOxmoYqRXjAnc5ZfQ6TIs,What Can We Do? (feat. Nate Dogg),0
3jK9MiCrA42lLAdMGUZpwa,Anderson .Paak,0xmysmjwaEZfDeNlPUa8Iq,Chosen One (feat. Sonyae Elise),0
3jK9MiCrA42lLAdMGUZpwa,Anderson .Paak,10hXX8HqvTxbBAPxT65sVG,Chosen One (feat. Sonyae Elise),0
3jK9MiCrA42lLAdMGUZpwa,Anderson .Paak,13UTQPeYjMFgalnk6rQ8sM,Yada Yada,0
3jK9MiCrA42lLAdMGUZpwa,Anderson .Paak,1BSZGNpIm2nBt1hWSK2bRp,Good Heels (feat. Jazmine Sullivan),0
3jK9MiCrA42lLAdMGUZpwa,Anderson .Paak,1ZFg3nGsUSqkwmMPU9qLHk,Twilight,0
3jK9MiCrA42lLAdMGUZpwa,Anderson .Paak,3AN70xkC9i9fFBpKlukRhY,Winners Circle,0
3jK9MiCrA42lLAdMGUZpwa,Anderson .Paak,3UvCHGbVtl6poLz3pnQNI7,Jet Black (feat. Brandy),0
